Link Loads,,,,,,,,,,,,,,,,hour (hr),5,5,5,5,6,6,6,6,7,7,7,7,8,8,8,8,9,9,9,9,10,10,10,10,11,11,11,11,12,12,12,12,13,13,13,13,14,14,14,14,15,15,15,15,16,16,16,16,17,17,17,17,18,18,18,18,19,19,19,19,20,20,20,20,21,21,21,21,22,22,22,22,23,23,23,23,24,24,24,24,25,25,25,25,26,26,26,26,27,27,27,27,28,28,28,28
,,,,,,,,,,,,,,,,quarter hour (qhr),21,22,23,24,25,26,27,28,29,30,31,32,33,34,35,36,37,38,39,40,41,42,43,44,45,46,47,48,49,50,51,52,53,54,55,56,57,58,59,60,61,62,63,64,65,66,67,68,69,70,71,72,73,74,75,76,77,78,79,80,81,82,83,84,85,86,87,88,89,90,91,92,93,94,95,96,97,98,99,100,101,102,103,104,105,106,107,108,109,110,111,112,113,114,115,116
Link,Line,Dir,Order,From NLC,From ASC,From Station,To NLC,To ASC,To Station,Total,Early,AM Peak,Midday,PM Peak,Evening,Late,0500-0515,0515-0530,0530-0545,0545-0600,0600-0615,0615-0630,0630-0645,0645-0700,0700-0715,0715-0730,0730-0745,0745-0800,0800-0815,0815-0830,0830-0845,0845-0900,0900-0915,0915-0930,0930-0945,0945-1000,1000-1015,1015-1030,1030-1045,1045-1100,1100-1115,1115-1130,1130-1145,1145-1200,1200-1215,1215-1230,1230-1245,1245-1300,1300-1315,1315-1330,1330-1345,1345-1400,1400-1415,1415-1430,1430-1445,1445-1500,1500-1515,1515-1530,1530-1545,1545-1600,1600-1615,1615-1630,1630-1645,1645-1700,1700-1715,1715-1730,1730-1745,1745-1800,1800-1815,1815-1830,1830-1845,1845-1900,1900-1915,1915-1930,1930-1945,1945-2000,2000-2015,2015-2030,2030-2045,2045-2100,2100-2115,2115-2130,2130-2145,2145-2200,2200-2215,2215-2230,2230-2245,2245-2300,2300-2315,2315-2330,2330-2345,2345-0000,0000-0015,0015-0030,0030-0045,0045-0100,0100-0115,0115-0130,0130-0145,0145-0200,0200-0215,0215-0230,0230-0245,0245-0300,0300-0315,0315-0330,0330-0345,0345-0400,0400-0415,0415-0430,0430-0445,0445-0500
ELEu_BAK_NB>LAMu_BAK_NB@BAK,Bakerloo,NB,1,570,ELEu,Elephant & Castle LU,628,LAMu,Lambeth North,"8,696",313,"2,541","2,781","2,153",737,170,3,9,18,26,41,56,71,89,122,141,172,211,249,267,278,275,252,222,187,166,144,128,115,110,108,104,105,105,109,110,114,113,115,112,110,108,111,108,114,117,121,124,134,141,150,161,182,195,207,214,215,203,187,166,147,127,106,92,81,70,62,57,53,49,46,44,40,36,32,28,25,21,17,13,12,8,6,4,3,0,0,0,0,0,0,0,0,0,0,0,0,0,0,0,0,0
LAMu_BAK_NB>WLOu_BAK_NB@BAK,Bakerloo,NB,2,628,LAMu,Lambeth North,747,WLOu,Waterloo LU,"12,027",372,"3,133","3,993","3,185","1,080",264,4,12,22,33,51,63,82,105,144,168,211,255,300,323,338,339,317,276,241,219,194,175,167,160,155,150,150,150,154,156,160,160,161,158,156,153,155,155,163,170,181,190,203,217,232,248,275,298,306,314,311,292,268,242,214,185,158,136,119,102,92,82,76,70,67,64,60,54,48,41,36,32,26,21,17,15,10,8,6,3,0,0,0,0,0,0,0,0,0,0,0,0,0,0,0,0
WLOu_BAK_NB>EMBu_BAK_NB@BAK,Bakerloo,NB,3,747,WLOu,Waterloo LU,542,EMBu,Embankment,"35,848",929,"11,319","10,687","8,838","3,139",937,7,12,28,57,101,159,240,325,472,626,806,"1,032","1,224","1,314","1,316","1,231","1,071",887,722,618,554,495,472,457,444,438,440,435,441,447,443,430,424,412,405,400,399,401,414,423,437,465,498,512,572,622,687,750,828,862,880,860,813,735,652,577,481,404,346,286,240,220,206,201,199,187,187,182,169,155,143,123,102,78,57,45,29,17,12,7,0,0,0,0,0,0,0,0,0,0,0,0,0,0,0,0
EMBu_BAK_NB>CHXu_BAK_NB@BAK,Bakerloo,NB,4,542,EMBu,Embankment,718,CHXu,Charing Cross LU,"38,449",940,"10,706","11,283","10,610","3,699","1,210",7,14,30,59,105,167,236,322,450,595,747,938,"1,115","1,211","1,219","1,160","1,042",879,725,625,558,499,469,458,448,438,446,446,453,460,461,452,448,435,430,433,433,435,452,462,481,510,558,618,693,754,841,924,987,"1,034","1,058","1,033",973,875,773,665,560,464,398,333,297,269,252,238,233,220,217,219,212,197,185,167,134,103,77,58,34,21,13,8,0,0,0,0,0,0,0,0,0,0,0,0,0,0,0,0
CHXu_BAK_NB>PICu_BAK_NB@BAK,Bakerloo,NB,5,718,CHXu,Charing Cross LU,674,PICu,Piccadilly Circus,"44,690","1,060","11,839","12,947","12,215","4,815","1,814",10,18,40,65,115,173,270,369,518,676,853,"1,043","1,229","1,333","1,342","1,273","1,139",959,791,683,614,553,523,514,503,494,502,504,512,520,523,517,517,506,502,509,508,512,534,548,570,605,658,698,772,841,927,"1,032","1,120","1,188","1,216","1,213","1,135","1,041",916,816,683,578,498,430,370,342,327,315,313,310,318,332,335,316,291,255,197,142,103,76,43,27,18,11,0,0,0,0,0,0,0,0,0,0,0,0,0,0,0,0
PICu_BAK_NB>OXCu_BAK_NB@BAK,Bakerloo,NB,6,674,PICu,Piccadilly Circus,669,OXCu,Oxford Circus,"52,725",950,"9,906","14,309","15,317","7,968","4,275",0,16,37,62,110,168,229,327,441,563,710,874,"1,010","1,102","1,110","1,062",951,812,672,597,540,508,484,493,492,488,487,500,510,520,537,563,578,581,593,612,624,631,655,695,726,754,812,926,997,"1,081","1,196","1,315","1,367","1,443","1,487","1,487","1,417","1,312","1,185","1,028",882,777,697,640,620,603,589,595,598,613,651,702,742,725,682,605,494,346,258,184,116,59,42,18,6,0,0,0,0,0,0,0,0,0,0,0,0,0,0,0
OXCu_BAK_NB>RPKu_BAK_NB@BAK,Bakerloo,NB,7,669,OXCu,Oxford Circus,685,RPKu,Regent's Park,"56,526","1,290","11,464","14,827","15,796","8,898","4,252",0,16,40,80,137,223,332,461,604,748,907,"1,073","1,218","1,276","1,264","1,179","1,030",849,701,616,560,518,494,501,503,502,499,511,519,530,541,568,589,599,609,629,647,661,690,738,770,814,885,949,"1,040","1,112","1,195","1,305","1,406","1,460","1,528","1,550","1,466","1,373","1,245","1,115",980,895,813,768,718,693,669,663,652,657,675,714,734,713,668,589,472,352,263,189,125,77,44,20,6,0,0,0,0,0,0,0,0,0,0,0,0,0,0,0
RPKu_BAK_NB>BSTu_BAK_NB@BAK,Bakerloo,NB,8,685,RPKu,Regent's Park,511,BSTu,Baker Street,"54,872","1,154","10,576","14,054","15,738","8,960","4,389",0,16,26,54,134,216,291,417,563,664,803,972,"1,114","1,175","1,175","1,106",976,809,650,570,514,478,452,466,464,469,463,477,484,496,506,538,553,571,583,600,612,637,653,706,738,777,836,980,"1,018","1,106","1,189","1,296","1,337","1,447","1,505","1,546","1,491","1,393","1,270","1,142","1,009",910,831,766,731,702,673,663,665,649,662,698,729,715,672,601,508,379,275,212,143,77,44,27,5,0,0,0,0,0,0,0,0,0,0,0,0,0,0,0
BSTu_BAK_NB>MYBu_BAK_NB@BAK,Bakerloo,NB,9,511,BSTu,Baker Street,641,MYBu,Marylebone LU,"54,977","1,255","11,737","14,450","15,823","8,117","3,594",0,8,28,65,141,229,327,458,623,755,904,"1,090","1,239","1,298","1,287","1,218","1,067",886,730,642,577,532,502,495,490,492,490,504,513,519,519,543,554,563,569,592,608,638,658,711,754,802,868,956,"1,043","1,119","1,203","1,297","1,407","1,470","1,523","1,543","1,502","1,371","1,235","1,110",965,845,770,712,667,643,612,600,594,568,564,578,591,574,543,492,406,309,231,175,119,79,47,23,6,0,0,0,0,0,0,0,0,0,0,0,0,0,0,0
MYBu_BAK_NB>ERBu_BAK_NB@BAK,Bakerloo,NB,10,641,MYBu,Marylebone LU,774,ERBu,Edgware Road (Bak),"46,027","1,112","9,913","12,245","12,584","7,108","3,064",0,7,26,63,126,202,287,401,539,652,785,942,"1,062","1,105","1,087","1,018",877,724,592,529,481,451,426,425,417,421,420,439,445,451,447,471,473,478,481,502,513,536,552,598,631,672,721,796,814,874,925,"1,009","1,081","1,160","1,196","1,231","1,199","1,117","1,034",944,853,758,691,644,603,553,523,515,508,487,481,493,500,483,459,418,347,263,201,155,104,68,42,20,3,0,0,0,0,0,0,0,0,0,0,0,0,0,0,0
ERBu_BAK_NB>PADu_BAK_NB@BAK,Bakerloo,NB,11,774,ERBu,Edgware Road (Bak),670,PADu,Paddington TfL,"41,271","1,029","8,448","10,697","11,902","6,366","2,828",0,7,24,58,117,188,266,370,491,585,693,821,915,943,919,854,731,601,476,420,389,367,350,364,369,364,372,381,393,393,396,405,418,417,424,437,453,466,485,519,564,601,656,717,784,834,887,966,"1,048","1,084","1,122","1,155","1,125","1,046",969,882,772,678,617,570,528,504,479,465,456,438,426,434,442,429,413,382,331,255,198,151,106,62,38,18,3,0,0,0,0,0,0,0,0,0,0,0,0,0,0,0
PADu_BAK_NB>WARu_BAK_NB@BAK,Bakerloo,NB,12,670,PADu,Paddington TfL,746,WARu,Warwick Avenue,"26,747",573,"4,702","5,868","8,637","4,947","2,021",0,6,16,45,62,95,142,206,261,352,421,479,527,554,508,455,391,307,236,212,202,190,184,181,180,178,180,187,193,201,206,219,228,233,233,242,251,263,276,301,328,357,398,457,488,546,574,641,699,799,823,889,872,840,758,709,649,583,519,471,429,375,349,335,326,313,300,300,298,289,277,260,225,191,153,114,89,63,33,17,12,0,0,0,0,0,0,0,0,0,0,0,0,0,0,0
WARu_BAK_NB>MDVu_BAK_NB@BAK,Bakerloo,NB,13,746,WARu,Warwick Avenue,637,MDVu,Maida Vale,"23,001",509,"4,061","4,863","7,664","4,107","1,796",0,6,10,32,58,89,133,181,238,290,358,402,455,464,452,398,345,272,210,177,164,153,145,148,145,145,146,153,158,166,168,178,187,193,192,202,210,222,234,256,278,301,336,385,443,499,527,589,643,709,725,782,763,730,649,606,529,477,423,383,344,323,296,283,275,269,253,251,251,242,234,225,206,172,147,111,89,57,35,15,11,0,0,0,0,0,0,0,0,0,0,0,0,0,0,0
MDVu_BAK_NB>KPKu_BAK_NB@BAK,Bakerloo,NB,14,637,MDVu,Maida Vale,623,KPKu,Kilburn Park,"19,597",467,"3,500","4,164","6,489","3,435","1,542",0,6,9,30,53,80,118,171,222,265,323,356,388,389,378,332,290,229,178,150,139,128,121,125,122,122,124,129,135,142,144,154,162,165,165,173,179,188,198,220,240,259,292,338,380,405,454,490,548,575,639,650,656,612,575,506,458,402,354,319,286,261,240,232,229,227,213,213,213,205,199,192,176,148,128,97,76,51,32,13,10,2,0,0,0,0,0,0,0,0,0,0,0,0,0,0
KPKu_BAK_NB>QPKu_BAK_NB@BAK,Bakerloo,NB,15,623,KPKu,Kilburn Park,680,QPKu,Queen's Park,"16,429",409,"2,939","3,469","5,508","2,751","1,352",0,0,8,27,48,71,110,145,187,216,241,279,325,324,310,305,258,195,158,140,116,106,101,96,99,103,104,107,113,117,120,124,132,137,138,140,149,155,164,176,197,226,257,294,318,368,366,424,477,509,502,569,546,491,482,457,377,313,286,242,228,205,201,189,187,173,177,172,176,170,164,168,158,141,119,94,67,47,26,14,8,1,0,0,0,0,0,0,0,0,0,0,0,0,0,0
QPKu_BAK_NB>KGNu_BAK_NB@BAK,Bakerloo,NB,16,680,QPKu,Queen's Park,617,KGNu,Kensal Green,"9,724",242,"1,764","2,119","3,221","1,562",816,0,0,5,8,27,49,64,89,118,134,149,182,177,183,185,175,143,131,106,81,62,59,59,58,60,65,66,68,72,75,78,80,85,88,89,90,97,100,105,113,127,130,137,155,192,215,233,275,285,294,304,329,301,309,257,227,191,178,144,149,136,124,115,107,107,107,104,100,102,98,94,101,87,82,75,61,42,39,22,9,5,0,0,0,0,0,0,0,0,0,0,0,0,0,0,0
KGNu_BAK_NB>WJNu_BAK_NB@BAK,Bakerloo,NB,17,617,KGNu,Kensal Green,766,WJNu,Willesden Junction,"8,804",229,"1,661","1,967","2,852","1,388",707,0,1,5,8,27,37,63,88,116,132,146,157,169,175,166,166,147,119,93,75,66,61,60,60,65,60,61,63,66,68,70,72,77,80,81,83,89,91,96,102,115,117,124,141,174,175,200,218,262,271,283,281,303,255,219,211,192,150,141,133,118,108,100,92,91,90,88,84,87,83,80,78,75,66,59,54,46,34,25,15,4,0,0,0,0,0,0,0,0,0,0,0,0,0,0,0
WJNu_BAK_NB>HARu_BAK_NB@BAK,Bakerloo,NB,18,766,WJNu,Willesden Junction,596,HARu,Harlesden,"8,903",231,"1,601","1,802","3,260","1,382",628,0,0,5,10,26,46,56,87,102,128,132,177,172,183,164,164,124,106,82,67,53,49,47,48,50,51,51,54,56,58,60,63,67,71,73,77,82,85,90,96,108,121,138,155,186,199,201,246,267,306,306,363,325,330,273,260,199,177,141,129,119,103,99,87,85,83,83,77,78,75,71,70,66,60,52,49,37,30,21,13,3,3,0,0,0,0,0,0,0,0,0,0,0,0,0,0
HARu_BAK_NB>SPKu_BAK_NB@BAK,Bakerloo,NB,19,596,HARu,Harlesden,717,SPKu,Stonebridge Park,"7,789",183,"1,205","1,601","3,069","1,193",538,0,0,5,9,22,36,45,66,76,100,104,139,133,140,122,121,87,75,60,49,41,39,39,41,44,45,46,49,51,52,53,56,58,62,63,68,73,77,82,88,98,110,127,142,172,184,188,236,257,293,294,348,305,306,250,238,176,156,122,112,102,89,85,74,72,70,70,65,66,64,61,60,57,52,45,43,33,26,18,12,2,2,0,0,0,0,0,0,0,0,0,0,0,0,0,0
SPKu_BAK_NB>WEMu_BAK_NB@BAK,Bakerloo,NB,20,717,SPKu,Stonebridge Park,751,WEMu,Wembley Central,"6,328",149,"1,021","1,358","2,517",884,399,1,1,4,8,17,28,35,54,62,89,95,128,121,126,102,98,65,56,44,37,32,31,32,35,37,39,39,42,44,45,46,48,51,53,55,58,63,66,71,75,83,92,105,116,140,149,152,198,215,248,246,291,247,249,195,186,131,115,87,83,76,67,65,56,54,52,51,48,49,47,37,46,44,39,34,41,24,18,13,7,0,0,0,0,0,0,0,0,0,0,0,0,0,0,0,0
WEMu_BAK_NB>NWBu_BAK_NB@BAK,Bakerloo,NB,21,751,WEMu,Wembley Central,659,NWBu,North Wembley,"4,507",158,878,807,"1,801",591,271,3,4,5,7,19,30,37,53,63,64,91,97,113,112,105,68,67,38,31,28,33,19,19,18,16,16,20,21,22,24,24,26,29,31,32,35,37,39,41,44,47,51,77,86,100,90,121,107,154,178,205,185,212,177,143,129,117,80,49,45,42,44,35,42,38,36,28,34,32,32,30,29,32,30,27,23,18,9,6,3,0,0,0,0,0,0,0,0,0,0,0,0,0,0,0,0
NWBu_BAK_NB>SKTu_BAK_NB@BAK,Bakerloo,NB,22,659,NWBu,North Wembley,709,SKTu,South Kenton,"3,854",124,836,681,"1,492",513,207,3,4,5,7,7,19,38,42,63,76,100,94,107,96,89,60,53,39,32,27,25,24,23,21,20,19,18,18,19,20,21,22,25,27,28,29,32,33,34,38,40,42,48,56,61,74,101,107,145,149,172,155,175,133,126,95,85,56,51,47,43,40,36,35,32,30,29,28,26,26,24,23,22,20,19,17,13,10,7,2,0,0,0,0,0,0,0,0,0,0,0,0,0,0,0,0
SKTu_BAK_NB>KETu_BAK_NB@BAK,Bakerloo,NB,23,709,SKTu,South Kenton,620,KETu,Kenton,"3,415",132,866,555,"1,236",446,180,4,5,6,8,7,22,33,47,57,82,83,104,108,108,89,80,54,40,32,28,26,25,23,20,19,17,15,15,16,16,17,18,20,21,22,23,25,26,27,28,30,31,35,41,48,59,83,90,124,127,146,132,132,112,106,78,70,61,41,38,37,34,32,30,28,27,25,24,22,22,21,20,19,18,15,13,11,8,6,3,2,0,0,0,0,0,0,0,0,0,0,0,0,0,0,0
KETu_BAK_NB>HAWu_BAK_NB@BAK,Bakerloo,NB,24,620,KETu,Kenton,597,HAWu,Harrow & Wealdstone,"2,219",111,579,360,745,285,139,4,6,7,7,4,19,28,36,46,52,54,57,68,67,66,53,44,28,23,21,20,20,17,15,13,11,9,9,10,10,11,11,12,13,14,15,16,17,17,18,18,18,21,25,29,36,39,56,59,77,78,91,76,83,64,58,42,38,26,24,23,22,21,20,18,18,17,16,16,17,16,15,15,14,12,10,9,6,4,3,1,0,0,0,0,0,0,0,0,0,0,0,0,0,0,0
HAWu_BAK_SB>KETu_BAK_SB@BAK,Bakerloo,SB,1,597,HAWu,Harrow & Wealdstone,620,KETu,Kenton,"2,611",174,573,633,833,339,60,3,3,14,20,23,31,37,42,50,69,66,75,63,54,41,38,29,32,30,26,25,21,21,20,21,21,22,21,21,22,22,22,23,22,24,25,26,26,29,31,33,37,44,53,57,62,69,80,76,84,80,81,67,67,55,56,44,43,36,34,30,28,27,24,21,17,19,17,14,11,10,6,4,4,3,3,2,1,0,0,0,0,0,0,0,0,0,0,0,0,0,0,0,0,0,0
KETu_BAK_SB>SKTu_BAK_SB@BAK,Bakerloo,SB,2,620,KETu,Kenton,709,SKTu,South Kenton,"3,686",279,965,976,991,400,75,4,4,21,30,39,52,66,64,90,97,110,109,115,91,88,67,63,51,46,38,36,33,31,31,32,32,33,33,33,33,33,32,32,32,35,36,37,39,43,55,59,65,71,80,76,79,85,94,91,97,86,93,75,77,66,72,52,54,42,39,35,33,32,28,25,21,21,19,17,14,13,8,6,6,4,3,2,1,0,0,0,0,0,0,0,0,0,0,0,0,0,0,0,0,0,0
SKTu_BAK_SB>NWBu_BAK_SB@BAK,Bakerloo,SB,3,709,SKTu,South Kenton,659,NWBu,North Wembley,"4,058",292,"1,220","1,086",987,399,74,4,4,25,25,36,42,80,77,94,131,140,133,129,137,106,98,78,74,55,46,43,40,38,37,39,39,39,38,38,37,37,36,36,36,39,40,40,42,45,55,61,69,76,85,81,82,85,93,80,96,86,92,75,87,59,71,53,53,43,44,33,31,30,27,24,20,21,19,17,14,13,8,6,6,4,3,2,1,0,0,0,0,0,0,0,0,0,0,0,0,0,0,0,0,0,0
NWBu_BAK_SB>WEMu_BAK_SB@BAK,Bakerloo,SB,4,659,NWBu,North Wembley,751,WEMu,Wembley Central,"4,754",356,"1,541","1,323","1,060",399,74,0,5,5,33,47,60,81,125,122,165,176,190,163,168,111,120,82,93,72,80,55,66,47,46,48,47,47,47,47,46,46,46,45,44,48,48,48,50,53,65,71,80,86,94,88,89,71,100,90,84,93,120,81,88,82,72,53,53,43,37,33,31,30,27,31,21,21,20,17,14,13,8,6,4,4,3,2,1,1,0,0,0,0,0,0,0,0,0,0,0,0,0,0,0,0,0
WEMu_BAK_SB>SPKu_BAK_SB@BAK,Bakerloo,SB,5,751,WEMu,Wembley Central,717,SPKu,Stonebridge Park,"6,281",506,"2,069","1,797","1,295",499,115,0,13,13,52,71,96,117,145,169,189,237,231,252,207,189,141,134,105,112,103,89,83,77,67,67,68,67,66,66,69,69,71,73,73,70,75,72,71,72,77,79,84,93,98,103,105,108,108,126,119,128,118,119,90,97,75,73,57,57,45,43,39,37,35,31,30,27,26,24,20,17,15,11,8,7,5,4,3,1,0,0,0,0,0,0,0,0,0,0,0,0,0,0,0,0,0
SPKu_BAK_SB>HARu_BAK_SB@BAK,Bakerloo,SB,6,717,SPKu,Stonebridge Park,596,HARu,Harlesden,"7,818",692,"2,629","2,248","1,566",553,129,3,22,32,76,95,127,155,183,215,246,300,292,310,259,237,185,171,139,145,130,113,107,99,87,85,87,85,86,86,89,88,91,92,90,89,93,90,88,91,95,94,99,110,115,123,129,136,137,157,148,155,143,139,105,110,85,80,64,64,52,48,43,41,38,32,31,30,29,27,24,20,17,12,9,7,6,4,2,1,0,0,0,0,0,0,0,0,0,0,0,0,0,0,0,0,0
HARu_BAK_SB>WJNu_BAK_SB@BAK,Bakerloo,SB,7,596,HARu,Harlesden,766,WJNu,Willesden Junction,"9,029",744,"2,907","2,630","1,994",612,143,4,25,40,83,102,136,163,192,223,265,325,322,334,291,264,209,193,165,168,149,130,123,114,100,98,99,97,99,100,103,103,105,105,103,103,107,104,105,110,115,114,120,132,139,149,164,169,184,206,193,200,192,172,130,134,100,90,71,71,57,54,48,46,41,35,34,33,32,29,27,23,19,14,11,8,5,3,2,1,0,0,0,0,0,0,0,0,0,0,0,0,0,0,0,0,0
WJNu_BAK_SB>KGNu_BAK_SB@BAK,Bakerloo,SB,8,766,WJNu,Willesden Junction,617,KGNu,Kensal Green,"9,036",726,"2,545","2,797","2,157",657,154,5,31,52,83,110,135,144,166,201,216,271,275,281,237,238,189,172,160,163,142,126,126,112,110,106,106,106,106,104,106,108,109,108,109,109,112,112,114,122,127,128,131,146,154,167,181,188,195,209,207,195,211,186,159,133,125,89,84,71,71,57,52,45,42,37,37,36,35,32,29,24,21,16,12,9,6,3,2,1,0,0,0,0,0,0,0,0,0,0,0,0,0,0,0,0,0
KGNu_BAK_SB>QPKu_BAK_SB@BAK,Bakerloo,SB,9,617,KGNu,Kensal Green,680,QPKu,Queen's Park,"9,916",755,"2,851","3,116","2,305",720,170,6,27,46,91,104,147,161,173,178,216,265,277,304,285,293,240,227,201,199,165,145,135,129,125,122,120,119,118,117,117,119,121,121,120,120,124,123,124,130,137,139,151,165,177,188,193,203,210,212,203,220,208,194,175,164,135,114,93,81,72,59,54,49,45,39,39,37,36,33,30,26,23,18,14,11,8,4,2,1,0,0,0,0,0,0,0,0,0,0,0,0,0,0,0,0,0
QPKu_BAK_SB>KPKu_BAK_SB@BAK,Bakerloo,SB,10,680,QPKu,Queen's Park,623,KPKu,Kilburn Park,"16,901",974,"5,404","5,242","3,773","1,193",315,6,9,43,95,146,178,229,267,303,388,464,549,566,591,532,505,436,405,347,317,273,243,227,215,207,201,200,201,199,198,199,203,201,199,200,204,203,203,206,217,222,254,274,293,308,330,307,324,360,354,341,359,342,275,245,228,179,137,127,118,99,92,87,79,74,68,68,65,63,54,49,43,33,26,21,13,6,5,2,1,0,0,0,0,0,0,0,0,0,0,0,0,0,0,0,0
KPKu_BAK_SB>MDVu_BAK_SB@BAK,Bakerloo,SB,11,623,KPKu,Kilburn Park,637,MDVu,Maida Vale,"20,151","1,129","6,562","6,198","4,446","1,449",368,8,12,50,108,166,206,264,313,358,455,548,655,687,721,663,628,543,495,423,386,335,301,282,268,257,246,242,240,237,235,236,241,238,236,236,240,237,237,241,252,260,275,296,328,340,363,390,399,412,426,421,403,386,340,298,267,219,182,159,140,119,111,105,93,87,80,79,75,72,63,56,47,39,31,25,17,10,5,3,1,0,0,0,0,0,0,0,0,0,0,0,0,0,0,0,0
MDVu_BAK_SB>WARu_BAK_SB@BAK,Bakerloo,SB,12,637,MDVu,Maida Vale,746,WARu,Warwick Avenue,"23,717","1,223","7,769","7,283","5,202","1,787",453,10,16,56,118,182,217,284,340,391,473,621,732,814,846,850,782,689,595,528,448,392,359,337,319,310,293,287,286,285,275,280,282,281,275,275,275,278,272,276,289,303,331,344,378,414,439,456,482,496,489,483,462,442,395,340,303,254,212,186,176,153,139,132,124,111,104,101,94,86,78,70,59,48,38,31,20,12,8,4,1,0,0,0,0,0,0,0,0,0,0,0,0,0,0,0,0
WARu_BAK_SB>PADu_BAK_SB@BAK,Bakerloo,SB,13,746,WARu,Warwick Avenue,670,PADu,Paddington TfL,"27,504","1,303","9,178","8,372","6,012","2,109",529,11,19,61,99,181,239,313,379,471,562,713,852,959,"1,004","1,012",937,825,705,617,520,452,412,387,368,357,339,334,334,333,321,325,326,324,317,318,318,320,313,317,330,344,356,393,432,460,485,521,549,558,553,563,553,510,461,427,371,306,258,231,202,175,160,153,142,129,122,119,110,101,91,81,66,56,42,34,23,16,9,6,2,0,0,0,0,0,0,0,0,0,0,0,0,0,0,0,0
PADu_BAK_SB>ERBu_BAK_SB@BAK,Bakerloo,SB,14,670,PADu,Paddington TfL,774,ERBu,Edgware Road (Bak),"39,215","1,125","10,401","13,101","9,859","3,773",956,0,14,37,79,145,206,277,367,481,595,725,879,"1,019","1,070","1,083","1,090",993,869,826,773,698,672,650,595,565,542,529,538,536,522,516,510,498,483,479,483,488,486,493,518,535,560,577,629,680,730,786,874,914,940,944,924,885,812,718,654,566,463,410,372,325,291,268,247,228,208,203,192,176,151,137,120,103,80,71,51,32,18,12,4,0,0,0,0,0,0,0,0,0,0,0,0,0,0,0,0
ERBu_BAK_SB>MYBu_BAK_SB@BAK,Bakerloo,SB,15,774,ERBu,Edgware Road (Bak),641,MYBu,Marylebone LU,"37,572","1,054","9,595","12,250","9,912","3,763",998,0,14,35,76,138,191,258,343,448,550,675,818,945,990,"1,003","1,010",917,806,742,691,621,597,578,553,527,504,491,495,494,486,481,475,464,452,446,450,460,459,466,488,509,530,587,639,698,748,814,873,918,944,949,926,884,810,718,631,549,452,395,360,337,299,272,256,232,212,205,195,178,161,145,123,108,87,71,52,37,21,13,4,0,0,0,0,0,0,0,0,0,0,0,0,0,0,0,0
MYBu_BAK_SB>BSTu_BAK_SB@BAK,Bakerloo,SB,16,641,MYBu,Marylebone LU,511,BSTu,Baker Street,"44,640","1,193","12,030","14,274","11,521","4,524","1,098",0,14,35,69,159,204,294,419,552,647,852,"1,028","1,165","1,240","1,272","1,262","1,173","1,033",933,873,776,716,686,673,631,604,586,603,593,583,560,559,534,516,502,517,519,516,519,555,575,605,638,709,768,826,891,997,"1,058","1,092","1,104","1,098","1,046",970,873,798,693,585,495,446,388,342,307,292,268,246,237,224,201,178,153,135,118,94,76,62,39,22,14,6,0,0,0,0,0,0,0,0,0,0,0,0,0,0,0,0
BSTu_BAK_SB>RPKu_BAK_SB@BAK,Bakerloo,SB,17,511,BSTu,Baker Street,685,RPKu,Regent's Park,"52,174","1,297","13,624","17,253","13,901","4,881","1,218",0,5,35,70,147,227,338,474,608,746,956,"1,161","1,330","1,448","1,477","1,452","1,314","1,149","1,034",948,854,818,783,751,738,699,691,702,710,702,691,681,673,648,630,640,650,643,657,684,713,745,840,909,980,"1,038","1,120","1,185","1,265","1,321","1,348","1,326","1,250","1,147","1,027",893,764,640,535,462,419,372,338,313,288,266,250,233,213,188,170,155,131,109,91,68,43,29,17,5,0,0,0,0,0,0,0,0,0,0,0,0,0,0,0,0
RPKu_BAK_SB>OXCu_BAK_SB@BAK,Bakerloo,SB,18,685,RPKu,Regent's Park,669,OXCu,Oxford Circus,"53,425","1,218","13,343","17,631","14,669","5,303","1,260",0,5,35,70,147,226,305,431,558,693,874,"1,093","1,264","1,398","1,432","1,428","1,353","1,195","1,072",984,899,819,785,755,744,707,701,714,723,716,707,699,691,667,651,661,671,666,683,712,744,780,834,903,980,"1,043","1,132","1,242","1,335","1,404","1,439","1,408","1,344","1,244","1,111",989,860,718,597,516,444,395,358,330,302,278,262,243,223,196,176,154,135,111,94,69,50,30,18,6,0,0,0,0,0,0,0,0,0,0,0,0,0,0,0,0
OXCu_BAK_SB>PICu_BAK_SB@BAK,Bakerloo,SB,19,669,OXCu,Oxford Circus,674,PICu,Piccadilly Circus,"46,253",922,"9,438","15,350","13,971","5,092","1,479",0,7,14,38,100,174,251,338,434,507,606,714,850,937,986,"1,000",986,880,801,737,694,641,633,620,624,597,597,603,628,631,634,631,628,605,593,598,605,611,626,642,668,686,738,816,939,999,"1,096","1,199","1,286","1,306","1,360","1,347","1,293","1,179","1,061",906,781,635,544,468,431,392,370,334,305,286,275,273,263,245,224,194,153,125,95,70,48,33,17,10,3,0,0,0,0,0,0,0,0,0,0,0,0,0,0,0
PICu_BAK_SB>CHXu_BAK_SB@BAK,Bakerloo,SB,20,674,PICu,Piccadilly Circus,718,CHXu,Charing Cross LU,"41,664",604,"6,805","12,461","13,824","5,705","2,266",0,5,10,27,70,112,157,224,296,345,415,519,611,675,709,732,707,651,591,554,523,485,464,455,456,433,432,435,453,458,472,482,496,493,502,517,529,537,558,580,613,638,688,763,845,906,"1,013","1,135","1,235","1,318","1,394","1,400","1,335","1,222","1,089",933,790,657,569,500,457,426,412,389,373,362,374,395,398,380,346,301,240,187,142,114,76,44,23,13,3,0,0,0,0,0,0,0,0,0,0,0,0,0,0,0
CHXu_BAK_SB>EMBu_BAK_SB@BAK,Bakerloo,SB,21,718,CHXu,Charing Cross LU,542,EMBu,Embankment,"35,546",524,"5,582","10,103","11,877","5,194","2,265",0,5,9,25,62,99,135,190,250,289,347,439,521,568,594,609,581,509,454,422,393,363,362,358,363,346,340,342,359,363,379,391,403,407,417,427,441,449,463,479,512,534,571,641,712,758,847,956,"1,045","1,120","1,200","1,218","1,171","1,070",958,823,696,586,510,451,416,393,376,361,350,339,344,372,381,370,350,312,250,190,148,109,72,42,26,12,3,0,0,0,0,0,0,0,0,0,0,0,0,0,0,0
EMBu_BAK_SB>WLOu_BAK_SB@BAK,Bakerloo,SB,22,542,EMBu,Embankment,747,WLOu,Waterloo LU,"30,924",411,"4,201","8,407","11,140","4,695","2,071",0,4,8,20,38,79,109,152,203,241,273,335,397,420,439,442,425,371,336,317,306,287,289,289,292,279,274,274,289,295,308,320,334,337,347,358,373,380,396,411,440,461,500,569,641,694,784,889,979,"1,059","1,142","1,162","1,115","1,013",897,763,640,537,467,409,374,352,334,321,314,304,309,336,348,337,321,284,222,174,133,97,67,46,24,13,5,0,0,0,0,0,0,0,0,0,0,0,0,0,0,0
WLOu_BAK_SB>LAMu_BAK_SB@BAK,Bakerloo,SB,23,747,WLOu,Waterloo LU,628,LAMu,Lambeth North,"10,574",133,"1,730","3,051","3,124","1,766",771,0,0,2,4,11,22,37,56,82,100,119,139,157,166,172,175,173,158,144,144,138,128,124,122,111,103,99,98,98,101,104,108,114,121,126,131,138,142,145,148,153,158,166,175,189,206,222,241,263,285,296,308,305,295,270,245,207,182,166,152,143,146,141,130,126,125,122,127,129,125,112,103,81,64,48,38,27,20,12,7,4,0,0,0,0,0,0,0,0,0,0,0,0,0,0,0
LAMu_BAK_SB>ELEu_BAK_SB@BAK,Bakerloo,SB,24,628,LAMu,Lambeth North,570,ELEu,Elephant & Castle LU,"7,498",63,"1,024","2,045","2,476","1,322",567,0,0,1,2,5,9,17,29,44,56,67,79,90,93,97,101,105,101,96,95,93,85,78,76,72,67,63,63,64,66,68,70,75,79,83,88,94,96,99,101,105,110,116,134,147,162,177,195,204,222,233,245,244,237,217,195,163,142,122,111,105,106,101,99,96,93,91,92,92,88,81,75,61,49,38,29,20,15,9,6,3,0,0,0,0,0,0,0,0,0,0,0,0,0,0,0
WRPu_CEN_EB>RUGu_CEN_EB@CEN,Central,EB,1,762,WRPu,West Ruislip,692,RUGu,Ruislip Gardens,"1,696",225,603,408,378,58,24,6,13,19,20,30,33,50,56,63,62,86,66,59,56,49,31,33,32,32,34,24,22,22,22,21,22,22,18,16,14,15,12,14,14,14,12,14,15,14,13,12,17,19,21,25,26,33,31,32,36,43,35,35,35,28,19,13,10,5,4,4,4,4,3,4,3,3,3,2,1,2,1,4,4,4,3,3,0,0,0,0,0,0,0,0,0,0,0,0,0,0,0,0,0,0,0
RUGu_CEN_EB>SRPu_CEN_EB@CEN,Central,EB,2,692,RUGu,Ruislip Gardens,710,SRPu,South Ruislip,"2,844",416,"1,165",688,468,86,20,10,16,31,39,56,66,97,100,107,127,154,133,122,123,95,66,62,66,59,52,43,38,36,32,31,33,35,27,27,26,28,21,22,23,25,21,23,24,29,24,26,29,35,32,34,37,44,40,40,49,49,39,41,40,31,23,21,14,8,6,6,5,5,4,4,4,5,4,4,3,3,2,2,2,2,1,1,0,0,0,0,0,0,0,0,0,0,0,0,0,0,0,0,0,0,0
SRPu_CEN_EB>NHTu_CEN_EB@CEN,Central,EB,3,710,SRPu,South Ruislip,657,NHTu,Northolt,"4,544",680,"1,889","1,102",677,153,43,17,27,54,75,83,121,140,162,164,216,203,239,200,204,153,141,96,100,95,79,67,56,59,44,52,56,61,45,45,43,44,34,38,40,42,35,37,38,44,36,40,47,49,51,52,55,56,62,58,67,73,64,57,52,47,32,30,24,19,11,11,9,9,7,8,7,8,9,9,8,8,7,3,3,2,1,1,0,0,0,0,0,0,0,0,0,0,0,0,0,0,0,0,0,0,0
NHTu_CEN_EB>GFDu_CEN_EB@CEN,Central,EB,4,657,NHTu,Northolt,589,GFDu,Greenford,"10,621","1,763","4,324","2,734","1,348",368,84,52,84,145,186,271,309,353,363,422,395,465,499,460,439,436,306,254,259,207,180,170,141,132,129,122,134,129,121,115,120,108,102,100,107,99,98,93,99,91,96,99,100,110,116,116,120,134,120,121,131,120,115,112,101,79,79,60,49,39,32,27,26,24,24,25,22,20,20,20,15,12,12,9,5,4,4,1,1,0,0,0,0,0,0,0,0,0,0,0,0,0,0,0,0,0,0
GFDu_CEN_EB>PERu_CEN_EB@CEN,Central,EB,5,589,GFDu,Greenford,673,PERu,Perivale,"14,584","2,351","5,981","3,723","1,900",521,108,40,111,161,249,371,415,454,551,596,568,678,674,614,549,534,425,371,356,327,288,232,220,181,175,165,176,170,162,155,160,147,138,138,144,135,136,133,138,131,127,124,136,142,156,157,168,180,184,173,183,179,155,150,142,123,106,89,67,55,46,37,41,35,34,31,33,28,26,23,22,17,14,11,9,5,4,2,1,1,0,0,0,0,0,0,0,0,0,0,0,0,0,0,0,0,0
PERu_CEN_EB>HLNu_CEN_EB@CEN,Central,EB,6,673,PERu,Perivale,595,HLNu,Hanger Lane,"16,418","2,540","6,831","4,218","2,132",573,124,44,121,178,277,360,465,513,582,620,708,712,719,747,687,605,528,466,373,351,314,283,241,220,205,192,182,194,182,180,174,182,158,171,156,154,138,156,139,142,144,150,153,152,170,177,182,189,223,209,210,206,186,152,155,133,112,96,79,55,49,40,40,40,41,34,33,32,32,24,25,21,18,12,10,6,4,3,1,1,0,0,0,0,0,0,0,0,0,0,0,0,0,0,0,0,0
HLNu_CEN_EB>NACu_CEN_EB@CEN,Central,EB,7,595,HLNu,Hanger Lane,653,NACu,North Acton,"19,440","2,790","8,073","4,989","2,721",712,155,53,106,177,277,407,470,611,689,740,738,798,841,800,814,789,705,545,513,415,375,337,290,269,251,232,223,237,216,214,208,203,188,194,184,181,175,181,173,165,167,166,165,178,193,208,223,257,257,268,264,263,241,225,196,172,146,116,97,82,66,58,48,47,45,45,38,36,33,31,26,25,21,18,13,11,6,4,2,1,0,0,0,0,0,0,0,0,0,0,0,0,0,0,0,0,0
EBYu_CEN_EB>WACu_CEN_EB@CEN,Central,EB,8,560,EBYu,Ealing Broadway,753,WACu,West Acton,"9,992",717,"3,839","2,588","2,071",607,169,4,9,24,47,89,127,189,228,275,289,367,402,417,405,433,347,283,255,209,158,145,130,109,115,99,102,98,102,102,106,97,101,97,101,99,106,102,101,100,102,95,109,134,136,131,179,193,179,214,220,210,187,179,143,137,99,88,79,65,56,49,48,44,43,38,37,33,28,27,29,25,23,19,15,11,8,4,3,2,1,1,0,0,0,0,0,0,0,0,0,0,0,0,0,0,0
WACu_CEN_EB>NACu_CEN_EB@CEN,Central,EB,9,753,WACu,West Acton,653,NACu,North Acton,"10,743",761,"4,225","2,840","2,164",573,181,6,12,20,54,89,139,185,256,302,334,366,425,467,455,437,407,355,256,225,197,179,132,134,118,127,106,108,120,120,108,109,106,103,101,101,101,117,99,96,105,122,126,139,166,160,165,185,205,220,225,235,206,183,147,139,96,88,74,59,50,51,42,41,39,39,33,29,27,25,26,25,27,23,21,13,10,4,3,2,1,1,0,0,0,0,0,0,0,0,0,0,0,0,0,0,0
NACu_CEN_EB>EACu_CEN_EB@CEN,Central,EB,10,653,NACu,North Acton,563,EACu,East Acton,"34,461","3,301","13,916","9,361","6,067","1,417",399,59,105,165,303,450,583,742,894,992,"1,041","1,223","1,393","1,434","1,447","1,445","1,280","1,092",956,836,777,672,548,517,479,426,397,409,407,391,376,379,373,356,341,335,323,320,300,296,312,314,322,350,417,435,469,527,584,592,613,607,571,511,449,383,325,254,205,158,129,109,98,87,84,76,73,72,73,64,59,59,53,46,38,34,21,14,7,4,0,0,0,0,0,0,0,0,0,0,0,0,0,0,0,0,0
EACu_CEN_EB>WCTu_CEN_EB@CEN,Central,EB,11,563,EACu,East Acton,764,WCTu,White City,"36,909","3,227","14,675","10,167","6,815","1,599",426,61,103,175,295,449,548,729,868,"1,002","1,049","1,271","1,497","1,555","1,523","1,567","1,375","1,126",986,902,823,729,613,565,538,448,434,428,435,407,404,400,417,392,372,361,366,331,322,316,352,340,348,397,454,483,522,585,637,690,685,694,672,584,489,421,352,268,231,183,157,122,113,99,98,83,81,80,83,69,65,61,58,47,40,35,26,14,7,4,0,0,0,0,0,0,0,0,0,0,0,0,0,0,0,0,0
WCTu_CEN_EB>SBCu_CEN_EB@CEN,Central,EB,12,764,WCTu,White City,700,SBCu,Shepherd's Bush LU,"41,591","3,059","14,646","10,908","10,103","2,281",594,10,73,182,266,416,581,692,839,985,"1,045","1,203","1,465","1,508","1,545","1,543","1,471","1,170","1,003",894,814,670,612,570,517,476,439,450,449,434,423,431,433,423,401,399,395,375,355,376,399,396,428,490,567,643,723,797,940,"1,019","1,048","1,063","1,058",913,756,629,513,385,303,257,217,182,161,153,139,126,121,123,114,102,93,83,75,65,55,46,36,22,10,6,1,0,0,0,0,0,0,0,0,0,0,0,0,0,0,0,0
SBCu_CEN_EB>HPKu_CEN_EB@CEN,Central,EB,13,700,SBCu,Shepherd's Bush LU,608,HPKu,Holland Park,"51,196","3,081","16,867","13,611","12,729","3,849","1,060",15,82,184,291,427,556,693,834,997,"1,079","1,269","1,530","1,712","1,775","1,832","1,785","1,517","1,277","1,123",971,840,734,673,611,598,540,561,525,525,512,529,515,531,500,511,494,489,465,481,511,519,559,636,750,802,870,"1,000","1,133","1,234","1,294","1,346","1,314","1,159",987,865,724,556,492,418,344,308,283,269,253,240,233,236,217,194,175,155,131,114,93,77,56,37,16,8,2,0,0,0,0,0,0,0,0,0,0,0,0,0,0,0,0
HPKu_CEN_EB>NHGu_CEN_EB@CEN,Central,EB,14,608,HPKu,Holland Park,663,NHGu,Notting Hill Gate,"54,324","3,072","17,436","14,753","13,766","4,151","1,147",16,79,155,264,434,566,712,847,992,"1,099","1,292","1,564","1,770","1,892","1,891","1,871","1,569","1,348","1,139","1,009",858,804,707,674,647,587,573,598,562,555,562,556,545,550,549,545,542,526,546,556,591,614,716,790,874,958,"1,070","1,186","1,316","1,410","1,443","1,430","1,281","1,088",931,778,623,526,461,379,323,298,284,270,262,248,244,232,210,185,169,147,123,100,80,59,39,21,11,3,0,0,0,0,0,0,0,0,0,0,0,0,0,0,0,0
NHGu_CEN_EB>QWYu_CEN_EB@CEN,Central,EB,15,663,NHGu,Notting Hill Gate,681,QWYu,Queensway,"59,543","2,874","17,038","16,937","16,122","5,051","1,522",6,75,151,254,386,538,647,816,918,"1,057","1,182","1,437","1,618","1,783","1,871","1,851","1,658","1,418","1,215","1,029",920,824,765,721,686,661,644,651,670,650,656,668,667,647,644,639,637,641,644,672,718,760,819,937,"1,039","1,133","1,230","1,433","1,507","1,613","1,645","1,652","1,468","1,328","1,122",952,763,633,536,465,404,371,345,332,321,304,294,285,266,238,216,199,172,137,113,85,51,27,15,4,0,0,0,0,0,0,0,0,0,0,0,0,0,0,0,0
QWYu_CEN_EB>LANu_CEN_EB@CEN,Central,EB,16,681,QWYu,Queensway,629,LANu,Lancaster Gate,"65,042","2,862","17,976","19,036","17,548","5,784","1,837",7,79,157,248,397,550,638,786,961,"1,092","1,230","1,453","1,729","1,861","1,928","1,888","1,797","1,546","1,303","1,187","1,102",975,845,854,774,741,722,745,715,718,728,707,712,712,711,704,733,705,749,761,812,836,963,"1,013","1,158","1,231","1,383","1,507","1,677","1,694","1,748","1,734","1,610","1,422","1,280","1,104",895,743,623,522,455,417,389,373,359,344,337,325,308,283,262,236,212,170,140,102,66,33,20,5,0,0,0,0,0,0,0,0,0,0,0,0,0,0,0,0
LANu_CEN_EB>MARu_CEN_EB@CEN,Central,EB,17,629,LANu,Lancaster Gate,640,MARu,Marble Arch,"67,706","2,810","18,554","19,992","18,280","6,086","1,984",9,71,135,251,363,510,652,819,936,"1,094","1,221","1,447","1,703","1,891","1,981","2,037","1,880","1,657","1,433","1,275","1,132","1,032",930,876,840,791,769,759,784,755,761,764,770,741,742,739,745,742,759,786,847,868,970,"1,091","1,215","1,317","1,433","1,556","1,695","1,743","1,818","1,802","1,725","1,492","1,358","1,125",962,750,664,553,486,437,418,392,377,355,352,341,331,310,277,258,221,179,139,117,69,45,26,11,0,0,0,0,0,0,0,0,0,0,0,0,0,0,0,0
MARu_CEN_EB>BDSu_CEN_EB@CEN,Central,EB,18,640,MARu,Marble Arch,524,BDSu,Bond Street,"74,179","2,652","18,534","21,783","21,058","7,477","2,676",0,75,130,223,344,496,601,784,919,"1,064","1,178","1,419","1,658","1,893","1,968","2,066","1,909","1,706","1,445","1,310","1,157","1,074",959,921,891,835,812,818,821,809,814,829,842,832,819,831,837,834,847,882,951,"1,022","1,094","1,252","1,391","1,507","1,590","1,783","1,925","2,054","2,096","2,079","2,005","1,760","1,541","1,328","1,165",914,814,690,611,546,517,483,459,433,424,420,410,392,372,345,311,255,207,162,107,63,38,16,0,0,0,0,0,0,0,0,0,0,0,0,0,0,0,0
BDSu_CEN_EB>OXCu_CEN_EB@CEN,Central,EB,19,524,BDSu,Bond Street,669,OXCu,Oxford Circus,"79,726","2,476","18,185","23,623","23,418","8,898","3,126",0,66,116,201,324,473,571,725,900,991,"1,153","1,393","1,647","1,781","1,965","1,966","1,887","1,678","1,497","1,326","1,225","1,082",993,954,912,867,855,874,876,871,879,900,912,908,901,922,936,948,978,"1,020","1,108","1,130","1,217","1,353","1,508","1,605","1,803","1,986","2,094","2,225","2,310","2,291","2,198","2,041","1,786","1,571","1,341","1,095",962,851,725,652,624,573,545,512,510,509,495,453,429,403,350,284,246,200,124,73,47,20,0,0,0,0,0,0,0,0,0,0,0,0,0,0,0,0
OXCu_CEN_EB>TCRu_CEN_EB@CEN,Central,EB,20,669,OXCu,Oxford Circus,728,TCRu,Tottenham Court Road,"81,617","2,242","19,936","24,425","21,943","9,499","3,572",0,20,91,171,290,397,566,707,843,"1,002","1,178","1,426","1,743","2,031","2,155","2,300","2,174","1,947","1,669","1,468","1,236","1,121",976,923,908,888,869,894,893,898,905,931,941,961,943,970,985,"1,013","1,022","1,108","1,147","1,210","1,283","1,400","1,438","1,587","1,660","1,807","1,972","2,130","2,094","2,118","2,045","1,862","1,690","1,541","1,351","1,159",999,864,786,721,660,640,604,567,571,575,558,531,503,443,383,314,265,216,159,100,65,29,7,0,0,0,0,0,0,0,0,0,0,0,0,0,0,0
TCRu_CEN_EB>HOLu_CEN_EB@CEN,Central,EB,21,728,TCRu,Tottenham Court Road,607,HOLu,Holborn,"86,435","2,078","19,389","24,522","23,483","11,767","5,195",0,20,69,166,254,388,521,661,814,945,"1,133","1,351","1,669","1,945","2,122","2,216","2,206","1,948","1,623","1,418","1,212",995,917,844,831,785,808,819,890,860,885,921,975,933,"1,007","1,005","1,032","1,034","1,145","1,170","1,238","1,321","1,412","1,480","1,622","1,735","1,784","1,922","2,078","2,171","2,250","2,287","2,208","1,996","1,820","1,610","1,470","1,269","1,162","1,050",986,889,859,850,811,805,797,819,817,787,731,667,569,447,379,293,217,137,97,41,12,0,0,0,0,0,0,0,0,0,0,0,0,0,0,0
HOLu_CEN_EB>CYLu_CEN_EB@CEN,Central,EB,22,607,HOLu,Holborn,541,CYLu,Chancery Lane,"96,346","2,077","18,635","26,498","28,133","14,508","6,495",0,25,76,155,269,386,508,657,821,919,"1,109","1,330","1,610","1,865","2,020","2,096","2,073","1,835","1,567","1,389","1,175","1,002",903,835,826,827,828,879,884,908,946,"1,000","1,017","1,066","1,076","1,124","1,151","1,205","1,255","1,330","1,432","1,480","1,607","1,740","1,941","2,022","2,153","2,327","2,504","2,597","2,704","2,729","2,641","2,397","2,165","1,951","1,740","1,492","1,413","1,300","1,181","1,136","1,102","1,057","1,017",991,"1,025","1,054","1,033",988,912,793,669,561,474,398,295,195,114,49,14,0,0,0,0,0,0,0,0,0,0,0,0,0,0,0
CYLu_CEN_EB>STPu_CEN_EB@CEN,Central,EB,23,541,CYLu,Chancery Lane,697,STPu,St. Paul's,"94,802","1,895","15,062","25,767","30,204","15,143","6,731",0,25,67,151,230,359,464,600,690,826,956,"1,134","1,352","1,517","1,628","1,625","1,615","1,409","1,234","1,079",999,835,799,756,760,746,782,814,889,874,925,969,"1,024",991,"1,090","1,094","1,129","1,151","1,306","1,343","1,424","1,554","1,706","1,807","1,967","2,129","2,309","2,414","2,713","2,792","2,942","2,956","2,883","2,578","2,415","2,106","1,839","1,634","1,455","1,328","1,254","1,162","1,126","1,101","1,064","1,059","1,052","1,069","1,062","1,009",926,839,717,578,489,397,298,196,133,67,20,0,0,0,0,0,0,0,0,0,0,0,0,0,0,0
STPu_CEN_EB>BNKu_CEN_EB@CEN,Central,EB,24,697,STPu,St. Paul's,513,BNKu,Bank and Monument,"93,268","1,558","11,958","24,637","32,166","15,863","7,086",0,13,67,125,207,295,382,468,568,620,729,854,"1,041","1,154","1,272","1,321","1,302","1,146","1,041",909,817,737,700,676,689,687,722,756,797,852,873,911,975,992,"1,010","1,048","1,102","1,125","1,233","1,328","1,430","1,560","1,734","1,881","2,056","2,228","2,452","2,576","2,878","2,991","3,158","3,151","3,094","2,771","2,573","2,240","1,956","1,717","1,534","1,395","1,322","1,228","1,191","1,149","1,114","1,088","1,082","1,085","1,090","1,039",950,868,776,628,530,446,334,201,136,69,20,0,0,0,0,0,0,0,0,0,0,0,0,0,0,0
BNKu_CEN_EB>LSTu_CEN_EB@CEN,Central,EB,25,513,BNKu,Bank and Monument,634,LSTu,Liverpool Street LU,"96,571","1,558","11,520","23,771","35,197","17,134","7,391",0,12,64,118,186,294,399,484,587,698,765,870,"1,058","1,175","1,190","1,243","1,195","1,024",902,814,748,692,664,614,664,639,672,700,768,751,813,847,873,899,957,"1,014","1,081","1,148","1,206","1,381","1,440","1,572","1,705","1,923","2,078","2,307","2,584","2,837","3,203","3,325","3,509","3,500","3,409","3,066","2,856","2,523","2,208","1,950","1,715","1,539","1,405","1,300","1,252","1,209","1,175","1,137","1,130","1,114","1,115","1,062",979,890,788,666,563,474,362,245,148,77,23,0,0,0,0,0,0,0,0,0,0,0,0,0,0,0
LSTu_CEN_EB>BNGu_CEN_EB@CEN,Central,EB,26,634,LSTu,Liverpool Street LU,520,BNGu,Bethnal Green LU,"90,858","1,242","8,010","20,588","35,956","17,555","7,507",0,12,42,96,149,235,320,388,455,539,574,679,789,833,813,826,736,642,577,548,536,522,509,492,539,533,551,578,632,643,673,714,773,810,840,887,942,994,"1,096","1,196","1,284","1,447","1,604","1,792","2,035","2,315","2,594","2,876","3,267","3,421","3,602","3,622","3,492","3,158","2,956","2,619","2,299","2,049","1,778","1,600","1,449","1,345","1,274","1,248","1,172","1,147","1,102","1,093","1,076","1,038",931,868,810,680,575,513,418,260,183,107,48,0,0,0,0,0,0,0,0,0,0,0,0,0,0,0
BNGu_CEN_EB>MLEu_CEN_EB@CEN,Central,EB,27,520,BNGu,Bethnal Green LU,642,MLEu,Mile End,"87,707","1,141","7,896","20,042","34,610","16,814","7,204",0,0,45,86,138,212,303,358,442,509,577,679,751,827,831,794,734,672,552,529,541,507,489,515,527,527,536,570,595,619,647,698,745,787,816,868,912,967,"1,044","1,167","1,253","1,409","1,543","1,759","1,963","2,244","2,490","2,780","3,042","3,305","3,436","3,499","3,389","3,164","2,783","2,515","2,212","1,961","1,711","1,613","1,419","1,299","1,215","1,176","1,100","1,083","1,030",994,983,951,884,813,793,687,591,498,420,270,170,99,43,0,0,0,0,0,0,0,0,0,0,0,0,0,0,0
MLEu_CEN_EB>SFDu_CEN_EB@CEN,Central,EB,28,642,MLEu,Mile End,719,SFDu,Stratford,"81,300","1,163","7,897","19,190","32,313","15,056","5,682",0,0,28,67,141,210,318,399,495,566,614,702,770,796,782,771,708,625,550,518,531,482,485,497,506,499,525,548,583,588,627,666,716,731,779,804,872,921,"1,022","1,124","1,222","1,350","1,452","1,660","1,848","2,107","2,340","2,601","2,858","3,064","3,213","3,181","3,195","2,938","2,639","2,328","2,121","1,767","1,541","1,436","1,286","1,162","1,104","1,050",972,922,859,836,815,775,715,659,585,508,427,364,305,229,149,94,47,10,0,0,0,0,0,0,0,0,0,0,0,0,0,0
SFDu_CEN_EB>LEYu_CEN_EB@CEN,Central,EB,29,719,SFDu,Stratford,632,LEYu,Leyton,"70,699",697,"5,021","13,901","31,431","14,482","5,167",0,0,18,42,74,117,191,255,327,409,447,513,539,530,482,465,394,335,299,281,275,259,259,274,282,298,319,355,377,415,435,483,520,559,566,637,667,703,756,888,965,"1,020","1,190","1,400","1,556","1,761","2,095","2,450","2,703","2,975","3,233","3,249","3,238","3,028","2,774","2,370","2,140","1,733","1,527","1,339","1,251","1,118","1,026",973,917,860,821,778,739,697,638,581,534,461,388,332,273,207,146,97,56,17,0,0,0,0,0,0,0,0,0,0,0,0,0,0
LEYu_CEN_EB>LYSu_CEN_EB@CEN,Central,EB,30,632,LEYu,Leyton,633,LYSu,Leytonstone,"60,250",562,"4,571","11,772","26,489","12,603","4,253",0,0,8,31,59,92,152,219,285,352,403,466,484,481,454,432,358,323,278,254,244,242,225,242,256,258,272,303,318,342,377,409,438,479,501,538,567,610,641,728,808,871,995,"1,109","1,323","1,478","1,738","1,948","2,345","2,468","2,696","2,728","2,789","2,524","2,360","2,092","1,889","1,585","1,386","1,204","1,066",965,872,824,774,722,674,642,608,576,528,474,427,374,322,270,232,182,126,77,45,13,0,0,0,0,0,0,0,0,0,0,0,0,0,0
LYSu_CEN_EB>SNBu_CEN_EB@CEN,Central,EB,31,633,LYSu,Leytonstone,703,SNBu,Snaresbrook,"29,167",295,"2,463","5,829","12,978","5,784","1,816",0,1,8,17,29,52,78,110,160,195,224,237,250,254,239,226,211,188,142,139,120,118,114,122,121,129,143,152,166,175,198,203,220,233,259,260,284,295,326,353,397,417,480,544,663,694,795,950,"1,073","1,197","1,280","1,378","1,380","1,320","1,138","1,110",946,758,646,567,473,419,394,357,345,308,299,275,262,245,239,199,187,169,141,104,103,72,43,29,20,4,0,0,0,0,0,0,0,0,0,0,0,0,0,0
SNBu_CEN_EB>SWFu_CEN_EB@CEN,Central,EB,32,703,SNBu,Snaresbrook,712,SWFu,South Woodford,"27,080",293,"2,177","5,413","11,998","5,541","1,660",1,1,2,17,29,51,78,114,140,175,192,222,231,229,221,209,172,147,131,109,107,106,108,107,115,116,131,140,153,162,166,187,201,212,237,256,261,274,305,331,374,393,452,519,577,620,754,839,"1,012","1,098","1,243","1,237","1,287","1,193","1,142",998,935,770,636,525,471,386,363,328,316,282,275,253,242,224,204,181,170,141,130,110,94,66,51,26,18,4,0,0,0,0,0,0,0,0,0,0,0,0,0,0
SWFu_CEN_EB>WFDu_CEN_EB@CEN,Central,EB,33,712,SWFu,South Woodford,769,WFDu,Woodford,"21,923",267,"1,913","4,279","9,721","4,407","1,336",1,2,2,18,29,38,72,105,128,158,186,191,207,200,183,179,157,123,103,99,79,82,83,87,83,98,102,112,122,139,143,150,159,176,180,188,201,224,231,255,296,337,352,400,497,528,563,704,867,890,964,"1,053","1,036",910,874,837,709,591,526,459,352,331,296,271,229,233,210,200,186,181,163,151,140,121,99,86,67,51,39,29,14,9,0,0,0,0,0,0,0,0,0,0,0,0,0,0
WFDu_CEN_EB>BHLu_CEN_EB@CEN,Central,EB,34,769,WFDu,Woodford,531,BHLu,Buckhurst Hill,"15,144",210,"1,689","3,006","6,393","2,995",850,2,3,4,9,22,34,51,85,118,126,158,164,192,176,179,153,153,100,88,80,73,64,67,68,65,73,74,80,86,97,97,102,108,119,120,127,138,154,158,178,211,234,242,270,323,358,377,426,507,590,594,657,710,686,588,578,528,430,355,323,260,210,185,169,142,144,127,122,115,112,100,87,81,78,64,58,52,42,26,20,9,6,2,0,0,0,0,0,0,0,0,0,0,0,0,0
BHLu_CEN_EB>LTNu_CEN_EB@CEN,Central,EB,35,531,BHLu,Buckhurst Hill,636,LTNu,Loughton,"12,315",185,"1,587","2,423","5,135","2,308",677,1,3,4,9,21,32,45,70,93,114,147,160,186,185,166,147,130,99,79,80,66,66,55,57,58,58,63,65,76,74,80,82,95,94,99,102,124,120,128,135,158,181,170,215,277,281,299,372,417,439,502,531,565,508,492,451,390,316,291,228,194,170,149,134,126,111,104,95,94,82,76,70,66,61,54,50,41,34,21,16,7,5,1,0,0,0,0,0,0,0,0,0,0,0,0,0
LTNu_CEN_EB>DEBu_CEN_EB@CEN,Central,EB,36,636,LTNu,Loughton,557,DEBu,Debden,"8,619",154,"1,162","1,771","3,481","1,603",448,0,1,2,7,13,28,41,61,80,96,99,118,138,114,117,113,94,62,75,54,51,48,47,41,49,48,47,49,57,55,59,60,70,68,71,73,88,86,95,100,116,112,123,156,166,200,239,263,291,342,347,335,360,337,303,297,280,231,194,170,132,115,101,91,86,73,70,63,63,53,49,44,42,34,35,31,28,24,20,11,7,4,1,0,0,0,0,0,0,0,0,0,0,1,1,1
DEBu_CEN_EB>THBu_CEN_EB@CEN,Central,EB,37,557,DEBu,Debden,725,THBu,Theydon Bois,"5,959",89,658,"1,268","2,466","1,162",316,0,1,1,5,8,14,24,36,46,70,77,84,78,72,55,48,36,33,33,25,25,24,25,27,30,32,34,39,38,40,41,49,47,50,52,61,59,64,67,82,87,91,98,105,125,147,148,173,193,215,218,263,249,271,240,223,189,186,139,122,100,86,66,65,56,55,49,50,40,38,35,34,28,26,25,23,18,16,13,8,5,4,1,0,0,0,0,0,0,0,0,0,0,0,0,0
THBu_CEN_EB>EPPu_CEN_EB@CEN,Central,EB,38,725,THBu,Theydon Bois,572,EPPu,Epping,"5,028",73,586,"1,119","2,030",964,255,0,0,1,2,7,12,20,31,41,53,66,67,70,66,55,44,41,31,26,27,21,22,23,28,27,31,31,35,34,35,36,38,42,44,46,54,58,57,59,71,66,80,86,92,109,121,125,146,163,179,196,206,205,204,195,181,163,142,128,97,79,69,60,53,46,45,40,41,32,30,28,25,21,21,19,19,16,16,12,8,5,3,0,0,0,0,0,0,0,0,0,0,0,0,0,0
LYSu_CEN_EB>WANu_CEN_EB@CEN,Central,EB,39,633,LYSu,Leytonstone,743,WANu,Wanstead,"23,873",178,"1,718","4,450","10,373","5,327","1,828",0,0,0,6,20,28,49,75,98,124,146,174,177,182,175,164,137,129,114,97,100,96,90,92,92,97,100,110,114,133,134,151,162,185,188,209,208,234,241,276,294,347,379,420,494,550,668,748,884,966,"1,056","1,071","1,103","1,011",959,862,764,663,596,500,463,416,373,358,330,311,286,266,252,240,209,192,177,158,133,128,101,88,64,47,24,14,0,0,0,0,0,0,0,0,0,0,0,0,0,0
WANu_CEN_EB>REDu_CEN_EB@CEN,Central,EB,40,743,WANu,Wanstead,684,REDu,Redbridge,"21,673",129,"1,550","3,844","9,581","4,811","1,758",0,0,0,5,10,25,33,56,88,119,131,151,167,162,145,144,136,115,96,95,85,79,71,77,79,81,85,94,101,108,126,130,146,157,165,166,188,201,214,233,265,307,330,355,482,527,581,719,858,831,904,"1,026","1,003",918,891,840,667,567,511,463,407,386,361,338,317,286,265,243,237,218,207,194,180,158,133,117,92,76,59,45,23,13,6,0,0,0,0,0,0,0,0,0,0,0,0,0
REDu_CEN_EB>GHLu_CEN_EB@CEN,Central,EB,41,684,REDu,Redbridge,582,GHLu,Gants Hill,"19,000",88,"1,387","3,371","8,357","4,287","1,510",0,0,0,3,6,15,22,42,67,89,101,135,143,145,146,143,122,113,97,85,84,77,68,70,75,72,74,81,88,95,111,115,130,138,144,145,165,175,185,200,229,262,282,307,372,464,514,579,700,789,804,868,899,872,787,708,629,544,447,402,382,332,309,288,271,245,227,210,205,187,171,156,145,132,116,98,89,74,55,38,29,11,5,0,0,0,0,0,0,0,0,0,0,0,0,0
GHLu_CEN_EB>NEPu_CEN_EB@CEN,Central,EB,42,582,GHLu,Gants Hill,650,NEPu,Newbury Park,"12,042",55,872,"1,963","5,476","2,711",965,0,0,0,1,3,9,14,28,41,64,71,86,98,102,87,88,78,60,51,47,40,37,34,33,35,36,37,43,47,53,58,68,72,79,81,93,106,105,109,128,149,149,167,205,241,261,322,397,459,477,576,604,592,570,529,449,388,342,274,283,236,213,190,190,161,151,142,140,123,115,107,99,91,90,81,68,62,47,34,23,18,6,3,0,0,0,0,0,0,0,0,0,0,0,0,0
NEPu_CEN_EB>BDEu_CEN_EB@CEN,Central,EB,43,650,NEPu,Newbury Park,515,BDEu,Barkingside,"7,692",29,599,"1,222","3,442","1,818",582,0,0,0,1,1,3,9,15,30,42,57,64,76,67,64,52,48,35,35,29,28,24,23,21,22,22,22,27,30,32,34,42,44,48,50,59,56,65,68,84,98,103,104,116,149,164,206,227,282,303,342,361,389,375,336,306,271,246,201,195,163,143,115,118,100,92,87,88,75,70,67,60,52,52,46,40,35,30,22,15,10,6,1,0,0,0,0,0,0,0,0,0,0,0,0,0
BDEu_CEN_EB>FLPu_CEN_EB@CEN,Central,EB,44,515,BDEu,Barkingside,576,FLPu,Fairlop,"5,779",23,427,868,"2,638","1,361",463,0,0,0,0,1,3,7,12,21,33,42,47,50,49,41,36,32,28,24,23,20,17,18,15,15,17,19,18,22,25,25,27,35,38,37,44,47,47,48,53,58,62,75,86,119,135,146,171,214,230,261,294,296,285,256,232,208,177,151,138,115,97,97,89,78,77,72,62,54,56,50,52,45,43,39,32,26,23,17,12,8,4,1,0,0,0,0,0,0,0,0,0,0,0,0,0
FLPu_CEN_EB>HAIu_CEN_EB@CEN,Central,EB,45,576,FLPu,Fairlop,592,HAIu,Hainault,"4,445",17,313,654,"1,997","1,097",368,0,0,0,0,1,2,4,10,17,22,31,36,36,32,32,26,24,21,20,17,16,13,14,13,13,11,14,14,17,17,21,21,24,24,30,30,35,34,40,40,46,45,59,63,75,102,111,132,146,191,189,206,210,243,203,190,183,162,118,107,95,79,73,64,60,54,55,48,44,42,43,40,34,34,29,26,21,19,14,11,6,3,1,0,0,0,0,0,0,0,0,0,0,0,0,0
HAIu_CEN_EB>GRHu_CEN_EB@CEN,Central,EB,46,592,HAIu,Hainault,587,GRHu,Grange Hill,417,11,120,75,106,81,22,0,0,0,0,1,1,3,5,5,11,15,16,14,17,12,9,6,7,5,4,3,4,3,3,2,3,3,2,1,2,3,3,3,3,3,3,2,3,3,4,3,4,5,7,5,8,8,6,7,8,13,12,12,10,11,6,6,9,11,12,8,9,7,5,4,4,4,2,2,3,3,3,3,2,2,1,1,1,0,0,0,0,0,0,0,0,0,0,0,0,0,0,0,0,0,0
GRHu_CEN_EB>CHGu_CEN_EB@CEN,Central,EB,47,587,GRHu,Grange Hill,544,CHGu,Chigwell,793,115,411,138,73,45,10,2,5,6,9,8,23,24,39,35,69,63,60,47,53,21,15,15,14,11,9,8,8,7,8,8,6,7,5,4,6,7,5,6,6,5,4,4,5,5,4,5,6,6,4,5,6,7,6,7,6,8,6,7,7,6,3,5,6,6,5,6,5,3,2,2,2,2,1,2,1,2,1,1,1,1,0,0,0,0,0,0,0,0,0,0,0,0,0,0,0,0,0,0,0,0,0
CHGu_CEN_EB>RODu_CEN_EB@CEN,Central,EB,48,544,CHGu,Chigwell,688,RODu,Roding Valley,"1,178",175,632,236,105,26,5,3,8,9,14,12,36,36,57,58,75,102,98,77,80,65,12,17,20,15,13,17,13,12,8,12,9,12,8,11,10,11,8,10,9,8,6,7,7,7,5,9,12,13,11,13,12,13,10,13,12,9,5,7,5,4,3,4,3,3,2,3,2,2,1,1,1,1,1,1,1,1,0,0,0,0,0,0,0,0,0,0,0,0,0,0,0,0,0,0,0,0,0,0,0,0,0
RODu_CEN_EB>WFDu_CEN_WB@CEN,Central,EB,49,688,RODu,Roding Valley,769,WFDu,Woodford,"1,419",214,768,281,116,32,8,3,9,11,11,17,45,44,73,79,93,126,121,93,95,75,12,18,22,14,19,22,17,11,15,16,12,11,15,14,12,12,14,11,11,7,10,8,9,6,9,9,11,8,12,11,13,10,14,14,14,9,10,7,5,4,5,5,4,3,4,3,3,2,3,2,2,1,1,1,1,1,1,1,1,0,1,0,0,0,0,0,0,0,0,0,0,0,0,0,0,0,0,0,0,0,0
EPPu_CEN_WB>THBu_CEN_WB@CEN,Central,WB,1,572,EPPu,Epping,725,THBu,Theydon Bois,"5,121","1,065","2,174","1,121",557,168,35,28,46,78,112,166,187,212,237,254,252,307,279,268,222,174,99,107,68,76,68,74,57,61,55,63,51,53,52,53,44,45,46,43,34,34,37,35,31,34,41,37,46,47,47,48,49,51,52,62,57,59,45,46,33,30,25,25,19,19,17,16,13,13,11,10,8,9,8,8,6,6,5,4,2,2,1,1,1,0,0,0,0,0,0,0,0,0,0,0,0,0,0,0,0,0,0
THBu_CEN_WB>DEBu_CEN_WB@CEN,Central,WB,2,725,THBu,Theydon Bois,557,DEBu,Debden,"6,086","1,220","2,649","1,306",658,199,53,35,57,97,120,168,219,247,277,317,327,333,340,321,264,213,155,126,83,90,80,85,67,70,63,72,60,61,60,62,52,53,50,50,41,41,40,46,38,40,42,47,49,59,59,58,62,55,61,67,69,67,64,49,43,35,28,30,25,22,21,18,14,14,13,12,10,10,10,10,9,10,8,6,4,3,1,1,1,0,0,0,0,0,0,0,0,0,0,0,0,0,0,0,0,0,0
DEBu_CEN_WB>LTNu_CEN_WB@CEN,Central,WB,3,557,DEBu,Debden,636,LTNu,Loughton,"8,972","1,638","3,780","1,958","1,215",306,75,37,64,120,194,253,287,328,356,384,407,483,504,449,413,345,231,166,169,113,116,105,104,87,105,89,92,83,93,77,76,73,77,63,62,60,67,61,63,64,77,79,81,107,113,116,109,122,121,116,111,118,112,87,79,69,55,41,37,37,33,30,28,22,20,16,15,12,15,13,13,12,12,8,6,4,3,1,1,1,1,0,0,0,0,0,0,0,0,0,0,0,0,0,0,0,0
LTNu_CEN_WB>BHLu_CEN_WB@CEN,Central,WB,4,636,LTNu,Loughton,531,BHLu,Buckhurst Hill,"12,659","2,088","5,536","2,847","1,672",414,102,50,84,132,221,292,343,446,520,579,629,671,667,632,547,492,404,291,244,219,162,158,157,150,139,135,123,129,119,116,111,112,103,97,92,94,89,89,90,104,107,116,127,138,150,134,157,159,160,161,181,162,156,137,105,89,70,56,53,48,45,41,33,32,27,23,20,20,18,18,17,17,15,12,9,6,4,2,1,1,0,0,0,0,0,0,0,0,0,0,0,0,0,0,0,0,0
BHLu_CEN_WB>WFDu_CEN_WB@CEN,Central,WB,5,531,BHLu,Buckhurst Hill,769,WFDu,Woodford,"15,633","2,473","7,068","3,459","1,971",539,124,46,103,162,273,356,429,492,611,680,782,839,882,838,737,619,492,393,309,276,221,233,195,187,174,170,159,165,153,147,140,138,127,117,112,113,109,107,108,118,119,125,135,147,161,148,173,169,190,188,215,194,193,165,134,110,92,74,61,63,58,53,49,44,34,29,26,25,23,22,20,19,17,15,11,9,5,3,1,1,1,0,0,0,0,0,0,0,0,0,0,0,0,0,0,0,0
WFDu_CEN_WB>SWFu_CEN_WB@CEN,Central,WB,6,769,WFDu,Woodford,712,SWFu,South Woodford,"22,967","3,294","10,780","5,273","2,713",738,170,75,126,199,330,443,582,693,846,957,"1,078","1,201","1,279","1,237","1,167","1,020",797,652,552,447,393,370,336,293,277,260,266,234,241,236,225,201,205,201,179,169,168,176,154,160,168,173,169,202,211,212,225,250,252,254,291,264,247,224,206,146,142,110,88,79,76,67,61,56,49,42,38,35,37,32,30,27,24,17,16,10,7,3,2,1,1,0,0,0,0,0,0,0,0,0,0,0,0,0,0,0,0
SWFu_CEN_WB>SNBu_CEN_WB@CEN,Central,WB,7,712,SWFu,South Woodford,703,SNBu,Snaresbrook,"28,114","3,761","13,339","6,586","3,294",930,205,87,150,241,399,484,614,833,953,"1,080","1,256","1,451","1,530","1,548","1,477","1,336","1,069",827,698,571,497,460,420,373,354,331,334,299,306,298,284,260,261,233,227,216,213,199,214,199,203,207,223,223,250,253,267,283,321,312,328,328,323,267,242,204,167,131,120,104,95,87,77,68,61,53,48,45,42,38,34,29,28,24,19,15,11,4,2,1,0,0,0,0,0,0,0,0,0,0,0,0,0,0,0,0,0
SNBu_CEN_WB>LYSu_CEN_WB@CEN,Central,WB,8,703,SNBu,Snaresbrook,633,LYSu,Leytonstone,"30,363","3,894","14,173","7,287","3,760","1,027",221,91,150,253,359,510,645,883,"1,003","1,199","1,328","1,528","1,545","1,644","1,498","1,382","1,161",936,726,677,549,472,453,408,377,372,355,338,341,334,315,298,297,278,249,240,237,232,216,237,240,231,236,254,278,306,335,354,359,373,363,359,324,323,261,221,181,163,123,109,100,90,85,81,71,58,52,50,45,40,38,34,31,24,19,15,11,4,2,1,0,0,0,0,0,0,0,0,0,0,0,0,0,0,0,0,0
WFDu_CEN_EB>RODu_CEN_WB@CEN,Central,WB,9,769,WFDu,Woodford,688,RODu,Roding Valley,"1,336",15,111,290,589,273,59,0,0,0,0,0,2,5,8,7,11,15,14,11,14,12,7,5,6,5,4,4,5,5,4,5,7,7,6,8,9,10,8,11,12,13,10,14,16,17,14,21,27,31,26,38,39,38,41,58,49,58,66,55,50,57,41,29,36,32,21,27,26,23,15,20,17,16,11,14,10,9,6,6,5,4,2,1,1,0,0,0,0,0,0,0,0,0,0,0,0,0,0,0,0,0,0
RODu_CEN_WB>CHGu_CEN_WB@CEN,Central,WB,10,688,RODu,Roding Valley,544,CHGu,Chigwell,"1,119",15,130,251,448,226,48,0,0,0,0,0,2,4,7,7,14,19,17,16,18,13,6,7,6,4,3,4,4,5,4,6,7,7,5,7,8,8,6,9,10,11,9,12,13,14,11,18,25,27,23,32,32,31,24,33,39,33,36,51,51,43,43,36,27,25,17,21,21,18,12,15,14,12,9,11,8,7,5,6,4,3,1,1,1,0,0,0,0,0,0,0,0,0,0,0,0,0,0,0,0,0,0
CHGu_CEN_WB>GRHu_CEN_WB@CEN,Central,WB,11,544,CHGu,Chigwell,587,GRHu,Grange Hill,834,11,73,224,336,153,38,0,0,0,0,0,2,5,5,7,9,11,8,10,8,6,3,4,3,2,2,3,3,3,4,4,5,4,5,6,6,5,7,8,9,8,10,11,12,9,12,18,23,20,27,32,28,20,27,24,28,24,32,34,34,27,27,21,15,11,10,14,15,12,14,12,11,8,9,8,6,4,5,4,3,2,2,1,1,0,0,0,0,0,0,0,0,0,0,0,0,0,0,0,0,0,0
GRHu_CEN_WB>HAIu_CEN_WB@CEN,Central,WB,12,587,GRHu,Grange Hill,592,HAIu,Hainault,524,12,126,174,123,72,18,0,0,0,0,0,0,6,6,12,14,14,14,19,13,11,12,7,4,3,4,4,4,3,4,5,6,4,5,6,6,4,6,6,6,5,7,9,11,9,11,13,14,11,17,19,17,12,15,10,6,6,9,8,7,7,7,5,4,3,6,6,7,7,9,7,7,5,5,5,4,2,3,2,1,1,1,0,0,0,0,0,0,0,0,0,0,0,0,0,0,0,0,0,0,0,0
HAIu_CEN_WB>FLPu_CEN_WB@CEN,Central,WB,13,592,HAIu,Hainault,576,FLPu,Fairlop,"5,022","1,235","2,167","1,013",431,141,34,42,77,98,147,180,221,229,241,238,245,244,243,235,226,179,139,125,114,91,89,74,61,54,54,55,56,48,49,48,44,39,38,39,31,29,31,33,31,33,32,34,34,31,35,41,40,41,43,41,39,36,36,35,29,25,25,20,18,16,14,12,11,9,9,8,8,7,8,7,6,5,4,4,3,3,1,1,0,0,0,0,0,0,0,0,0,0,0,0,0,0,0,0,0,0,0
FLPu_CEN_WB>BDEu_CEN_WB@CEN,Central,WB,14,576,FLPu,Fairlop,515,BDEu,Barkingside,"6,526","1,534","2,837","1,341",575,194,46,37,94,124,187,227,291,274,300,300,315,286,337,314,281,240,219,153,145,135,111,92,88,71,70,65,71,61,60,53,60,49,48,43,48,41,41,46,50,42,45,50,49,47,53,52,53,54,56,49,53,50,48,46,44,38,34,27,22,21,18,15,14,14,13,13,13,11,12,9,8,8,6,5,4,3,1,1,0,0,0,0,0,0,0,0,0,0,0,0,0,0,0,0,0,0,0
BDEu_CEN_WB>NEPu_CEN_WB@CEN,Central,WB,15,515,BDEu,Barkingside,650,NEPu,Newbury Park,"8,489","1,851","3,747","1,807",759,263,62,46,90,158,198,301,328,362,368,384,376,400,442,393,399,344,297,205,202,163,142,117,114,107,104,83,83,79,77,69,68,71,65,58,60,68,59,60,65,61,61,70,71,59,77,71,64,70,82,65,70,71,63,59,55,45,43,34,28,25,27,20,18,20,20,18,18,18,17,14,12,9,8,5,5,4,3,1,1,0,0,0,0,0,0,0,0,0,0,0,0,0,0,0,0,0,0
NEPu_CEN_WB>GHLu_CEN_WB@CEN,Central,WB,16,650,NEPu,Newbury Park,582,GHLu,Gants Hill,"13,537","2,675","6,052","3,053","1,235",426,96,79,140,242,298,394,479,506,537,592,638,586,675,642,626,564,502,399,333,276,217,221,173,172,158,152,139,139,131,136,122,128,122,120,110,113,98,100,98,98,93,105,108,102,115,124,116,122,119,114,106,108,94,99,83,80,71,64,54,48,41,36,30,28,27,28,24,24,22,22,17,14,13,11,7,5,4,2,1,0,0,0,0,0,0,0,0,0,0,0,0,0,0,0,0,0,0
GHLu_CEN_WB>REDu_CEN_WB@CEN,Central,WB,17,582,GHLu,Gants Hill,684,REDu,Redbridge,"21,299","3,736","9,301","5,249","2,075",761,175,67,200,342,440,567,665,728,727,770,850,951,"1,002","1,024","1,035",897,775,634,533,420,410,331,290,264,279,230,244,237,235,224,237,217,202,208,196,185,196,183,181,175,176,175,189,189,208,196,196,187,193,181,194,175,178,157,153,134,130,103,92,77,72,59,61,61,56,49,51,42,38,36,31,25,23,19,15,12,7,5,2,0,0,0,0,0,0,0,0,0,0,0,0,0,0,0,0,0,0
REDu_CEN_WB>WANu_CEN_WB@CEN,Central,WB,18,684,REDu,Redbridge,743,WANu,Wanstead,"24,381","4,126","10,566","6,209","2,398",873,209,75,170,383,496,637,748,797,820,868,953,"1,070","1,126","1,094","1,114","1,032",892,772,646,548,450,387,368,349,329,297,289,271,278,265,281,256,263,246,231,215,229,214,197,203,206,189,201,227,219,212,217,229,204,218,231,220,192,197,180,151,146,129,104,88,82,69,67,65,64,54,53,50,48,41,36,33,27,23,18,14,9,6,2,0,0,0,0,0,0,0,0,0,0,0,0,0,0,0,0,0,0
WANu_CEN_WB>LYSu_CEN_WB@CEN,Central,WB,19,743,WANu,Wanstead,633,LYSu,Leytonstone,"26,730","4,279","11,601","6,927","2,670","1,021",233,80,179,299,514,691,775,833,908,924,964,"1,079","1,244","1,270","1,238","1,208","1,039",841,704,596,493,461,404,385,363,330,320,303,309,296,311,286,292,274,256,240,254,223,219,217,217,215,240,255,256,253,245,241,236,250,246,243,238,209,186,170,154,140,124,112,105,89,74,73,71,61,60,57,54,45,41,37,30,25,21,16,10,6,2,1,0,0,0,0,0,0,0,0,0,0,0,0,0,0,0,0,0
LYSu_CEN_WB>LEYu_CEN_WB@CEN,Central,WB,20,633,LYSu,Leytonstone,632,LEYu,Leyton,"64,764","8,516","29,554","16,283","7,497","2,359",556,148,334,566,862,"1,234","1,498","1,812","2,062","2,333","2,555","2,857","3,107","3,227","3,165","3,010","2,642","2,142","1,766","1,500","1,250","1,086",988,919,842,797,770,734,741,722,708,679,679,628,575,569,555,534,514,517,508,516,516,566,618,625,646,699,681,714,728,696,663,641,526,461,418,347,282,263,234,204,185,173,158,140,129,125,118,105,93,83,70,61,50,39,28,17,7,2,0,0,0,0,0,0,0,0,0,0,0,0,0,0,0,0,0
LEYu_CEN_WB>SFDu_CEN_WB@CEN,Central,WB,21,632,LEYu,Leyton,719,SFDu,Stratford,"75,349","9,742","33,988","19,152","8,729","2,998",741,179,335,604,971,"1,380","1,692","2,137","2,443","2,728","2,889","3,271","3,417","3,632","3,469","3,478","3,037","2,592","2,081","1,869","1,525","1,303","1,189","1,082","1,003",967,900,881,868,833,789,790,764,740,680,673,660,633,614,625,607,606,607,651,689,720,722,794,805,815,827,824,775,732,643,562,510,431,357,329,293,259,236,223,208,184,167,160,151,141,126,113,95,75,62,51,37,24,12,4,0,0,0,0,0,0,0,0,0,0,0,0,0,0,0,0,0
SFDu_CEN_WB>MLEu_CEN_WB@CEN,Central,WB,22,719,SFDu,Stratford,642,MLEu,Mile End,"77,167","7,945","29,892","21,910","11,715","4,430","1,275",75,194,477,798,"1,075","1,438","1,840","2,048","2,232","2,488","2,713","2,921","3,119","3,035","3,064","2,770","2,356","1,940","1,785","1,468","1,319","1,212","1,121","1,064","1,020",969,922,926,890,849,831,852,824,808,792,806,767,757,769,816,833,874,938,949,"1,000","1,000","1,036","1,091","1,117","1,086","1,086","1,051",934,854,770,692,597,520,468,421,377,354,341,322,286,269,244,231,214,202,184,171,142,117,97,71,43,23,11,0,0,0,0,0,0,0,0,0,0,0,0,0,0,0,0,0
MLEu_CEN_WB>BNGu_CEN_WB@CEN,Central,WB,23,642,MLEu,Mile End,520,BNGu,Bethnal Green LU,"88,063","8,718","34,338","25,358","13,602","4,717","1,330",65,137,438,814,"1,233","1,581","2,121","2,329","2,561","2,813","3,051","3,243","3,560","3,511","3,377","3,249","2,830","2,314","2,044","1,785","1,528","1,370","1,300","1,230","1,169","1,095","1,090","1,032","1,020",980,"1,004",956,957,948,919,903,920,892,876,953,991,992,"1,090","1,145","1,161","1,175","1,228","1,228","1,255","1,273","1,237","1,200","1,143","1,014",897,791,689,581,523,454,413,366,335,316,290,262,248,239,226,210,192,176,149,117,94,74,48,26,15,5,0,0,0,0,0,0,0,0,0,0,0,0,0,0,0,0
BNGu_CEN_WB>LSTu_CEN_WB@CEN,Central,WB,24,520,BNGu,Bethnal Green LU,634,LSTu,Liverpool Street LU,"92,078","8,218","36,130","26,842","14,448","4,998","1,441",37,145,369,712,"1,145","1,528","1,940","2,341","2,649","2,883","3,038","3,332","3,596","3,634","3,546","3,536","3,149","2,603","2,219","1,947","1,660","1,485","1,378","1,312","1,242","1,178","1,144","1,095","1,093","1,047","1,047","1,019","1,028",988,960,963,972,938,931,"1,006",997,"1,038","1,132","1,191","1,204","1,259","1,263","1,273","1,300","1,329","1,303","1,291","1,247","1,121",984,875,750,622,551,483,426,378,343,336,302,279,267,260,238,230,218,196,166,128,100,73,47,24,15,8,0,0,0,0,0,0,0,0,0,0,0,0,0,0,0,0
LSTu_CEN_WB>BNKu_CEN_WB@CEN,Central,WB,25,634,LSTu,Liverpool Street LU,513,BNKu,Bank and Monument,"97,448","6,562","34,343","30,194","17,989","6,553","1,805",0,62,239,509,865,"1,228","1,639","2,021","2,289","2,568","2,745","3,046","3,327","3,543","3,379","3,458","3,122","2,623","2,187","2,056","1,739","1,575","1,504","1,438","1,362","1,297","1,276","1,206","1,231","1,197","1,193","1,169","1,203","1,162","1,112","1,135","1,139","1,092","1,086","1,139","1,152","1,189","1,254","1,342","1,402","1,400","1,443","1,575","1,562","1,651","1,736","1,709","1,578","1,501","1,297","1,136",988,853,731,650,553,490,451,414,393,361,344,325,314,284,261,232,196,156,127,96,66,41,24,8,0,0,0,0,0,0,0,0,0,0,0,0,0,0,0,0
BNKu_CEN_WB>STPu_CEN_WB@CEN,Central,WB,26,513,BNKu,Bank and Monument,697,STPu,St. Paul's,"95,815","5,593","30,657","30,995","19,586","7,125","1,859",0,51,151,428,652,"1,062","1,429","1,821","1,950","2,283","2,351","2,617","2,863","3,139","3,030","3,115","2,854","2,457","2,064","1,935","1,673","1,519","1,441","1,395","1,363","1,340","1,287","1,275","1,277","1,228","1,188","1,205","1,212","1,205","1,209","1,190","1,207","1,156","1,176","1,163","1,240","1,267","1,384","1,396","1,491","1,532","1,529","1,641","1,783","1,822","1,871","1,892","1,737","1,590","1,451","1,246","1,107",959,807,686,609,535,487,458,418,378,354,327,301,295,263,231,207,168,129,106,78,45,27,9,0,0,0,0,0,0,0,0,0,0,0,0,0,0,0,0
STPu_CEN_WB>CYLu_CEN_WB@CEN,Central,WB,27,697,STPu,St. Paul's,541,CYLu,Chancery Lane,"96,753","4,808","27,529","31,781","22,499","8,042","2,095",0,31,142,332,599,897,"1,237","1,569","1,811","1,973","2,097","2,325","2,549","2,725","2,692","2,780","2,566","2,238","1,956","1,818","1,597","1,484","1,398","1,356","1,342","1,320","1,284","1,278","1,256","1,266","1,238","1,243","1,269","1,254","1,233","1,232","1,257","1,250","1,229","1,295","1,332","1,360","1,459","1,547","1,612","1,712","1,801","1,877","2,030","2,103","2,177","2,194","2,023","1,859","1,679","1,431","1,210","1,095",919,783,698,611,554,512,471,426,397,366,344,323,299,265,227,186,144,115,84,58,34,17,0,0,0,0,0,0,0,0,0,0,0,0,0,0,0,0
CYLu_CEN_WB>HOLu_CEN_WB@CEN,Central,WB,28,541,CYLu,Chancery Lane,607,HOLu,Holborn,"97,213","4,323","24,586","31,981","25,050","9,066","2,207",0,31,109,277,576,789,"1,098","1,442","1,686","1,782","1,935","2,142","2,287","2,419","2,411","2,410","2,251","1,982","1,686","1,595","1,506","1,380","1,330","1,318","1,308","1,296","1,274","1,277","1,309","1,280","1,264","1,269","1,291","1,273","1,253","1,250","1,279","1,241","1,228","1,301","1,391","1,430","1,538","1,696","1,715","1,801","1,916","2,057","2,270","2,430","2,443","2,474","2,366","2,049","1,849","1,680","1,421","1,214","1,070",915,778,682,617,564,516,463,431,394,368,333,309,271,238,195,161,127,94,60,35,17,0,0,0,0,0,0,0,0,0,0,0,0,0,0,0,0
HOLu_CEN_WB>TCRu_CEN_WB@CEN,Central,WB,29,607,HOLu,Holborn,728,TCRu,Tottenham Court Road,"86,965","3,460","19,184","27,780","24,580","9,418","2,543",0,26,92,228,423,657,908,"1,126","1,333","1,464","1,573","1,675","1,824","1,905","1,856","1,832","1,695","1,489","1,306","1,233","1,138","1,112","1,091","1,082","1,076","1,068","1,057","1,056","1,062","1,092","1,098","1,106","1,143","1,126","1,110","1,114","1,154","1,115","1,162","1,201","1,287","1,316","1,451","1,564","1,679","1,712","1,924","2,064","2,186","2,313","2,474","2,423","2,265","2,091","1,849","1,599","1,363","1,218","1,042",937,813,715,659,615,562,524,503,467,434,410,370,320,272,221,172,128,97,60,37,17,6,0,0,0,0,0,0,0,0,0,0,0,0,0,0,0
TCRu_CEN_WB>OXCu_CEN_WB@CEN,Central,WB,30,728,TCRu,Tottenham Court Road,669,OXCu,Oxford Circus,"83,388","3,192","17,610","24,856","23,284","10,645","3,803",0,25,65,217,391,609,800,"1,084","1,217","1,372","1,478","1,616","1,705","1,803","1,753","1,662","1,547","1,327","1,114","1,015",972,908,881,900,899,888,880,924,909,937,950,"1,008",989,"1,016","1,036","1,018","1,029","1,070","1,082","1,145","1,223","1,297","1,393","1,502","1,553","1,648","1,784","1,915","2,046","2,187","2,330","2,288","2,143","2,016","1,823","1,550","1,360","1,243","1,083",969,904,839,775,750,711,671,662,678,653,616,580,494,392,309,237,186,139,95,60,33,8,0,0,0,0,0,0,0,0,0,0,0,0,0,0,0
OXCu_CEN_WB>BDSu_CEN_WB@CEN,Central,WB,31,669,OXCu,Oxford Circus,524,BDSu,Bond Street,"78,008","2,922","18,623","21,381","20,679","10,435","3,969",0,12,54,145,348,525,796,"1,042","1,315","1,491","1,680","1,790","1,923","1,909","1,818","1,697","1,536","1,307","1,147","1,010",927,844,795,766,760,751,743,747,767,790,797,813,866,859,849,882,887,890,937,"1,006","1,065","1,137","1,201","1,306","1,380","1,439","1,530","1,658","1,818","1,870","1,998","2,026","1,964","1,788","1,703","1,506","1,357","1,207","1,063",962,868,813,758,736,684,667,649,671,651,641,590,516,413,325,249,200,154,109,71,40,11,0,0,0,0,0,0,0,0,0,0,0,0,0,0,0
BDSu_CEN_WB>MARu_CEN_WB@CEN,Central,WB,32,524,BDSu,Bond Street,640,MARu,Marble Arch,"71,068","2,443","16,526","18,125","19,629","10,235","4,110",0,10,44,119,251,457,658,904,"1,140","1,389","1,505","1,655","1,742","1,753","1,616","1,503","1,333","1,126",941,824,744,673,630,618,610,608,600,625,618,649,655,701,696,725,743,750,769,814,825,867,965,"1,023","1,042","1,174","1,245","1,304","1,437","1,550","1,711","1,843","1,886","1,920","1,921","1,767","1,574","1,471","1,266","1,147","1,017",953,861,811,754,724,714,670,657,661,655,619,597,539,444,354,276,218,160,114,74,42,19,0,0,0,0,0,0,0,0,0,0,0,0,0,0,0
MARu_CEN_WB>LANu_CEN_WB@CEN,Central,WB,33,640,MARu,Marble Arch,629,LANu,Lancaster Gate,"64,788","2,071","13,870","15,793","18,868","10,160","4,025",0,10,26,92,212,384,558,789,997,"1,173","1,320","1,404","1,461","1,456","1,351","1,208","1,089",920,787,704,638,587,549,518,509,506,503,506,523,553,563,579,623,631,630,662,707,695,737,803,835,892,990,"1,051","1,165","1,267","1,336","1,483","1,613","1,722","1,826","1,878","1,820","1,750","1,590","1,418","1,295","1,170","1,041",939,869,799,741,711,675,651,635,634,624,611,572,500,420,336,267,221,182,130,91,53,18,0,0,0,0,0,0,0,0,0,0,0,0,0,0,0
LANu_CEN_WB>QWYu_CEN_WB@CEN,Central,WB,34,629,LANu,Lancaster Gate,681,QWYu,Queensway,"62,221","1,838","13,535","15,045","18,232","9,705","3,865",0,0,25,90,178,316,508,721,923,"1,120","1,284","1,354","1,418","1,425","1,318","1,194","1,103",931,770,696,624,551,516,500,490,487,478,498,518,532,542,575,576,583,615,619,648,682,703,738,820,848,906,995,"1,097","1,175","1,262","1,420","1,578","1,637","1,777","1,867","1,810","1,664","1,579","1,366","1,230","1,089",997,912,847,759,725,688,655,612,603,588,587,556,544,481,413,333,270,221,176,125,88,52,18,0,0,0,0,0,0,0,0,0,0,0,0,0,0,0
QWYu_CEN_WB>NHGu_CEN_WB@CEN,Central,WB,35,681,QWYu,Queensway,663,NHGu,Notting Hill Gate,"56,092","1,679","12,263","13,442","16,761","8,574","3,372",0,0,25,64,166,290,470,665,820,970,"1,123","1,182","1,242","1,300","1,245","1,112","1,031",876,734,630,587,520,482,459,448,441,447,445,459,478,482,488,509,519,536,570,573,597,613,661,669,744,790,923,957,"1,077","1,132","1,276","1,401","1,558","1,639","1,755","1,683","1,553","1,424","1,307","1,120","1,027",918,818,713,675,624,583,556,533,506,503,495,476,466,407,350,299,249,193,170,126,80,47,16,0,0,0,0,0,0,0,0,0,0,0,0,0,0,0
NHGu_CEN_WB>HPKu_CEN_WB@CEN,Central,WB,36,663,NHGu,Notting Hill Gate,608,HPKu,Holland Park,"50,881","1,418","10,578","11,190","16,348","8,175","3,171",0,0,15,63,130,238,398,575,746,893,992,"1,036","1,071","1,065","1,023",957,868,746,640,541,477,428,384,344,331,324,319,338,352,376,388,414,423,437,453,457,488,511,531,555,625,677,729,827,941,"1,003","1,109","1,271","1,375","1,494","1,590","1,660","1,641","1,538","1,419","1,308","1,135",974,899,784,690,637,584,543,499,499,468,463,455,456,410,376,326,272,228,193,163,123,88,55,26,0,0,0,0,0,0,0,0,0,0,0,0,0,0,0
HPKu_CEN_WB>SBCu_CEN_WB@CEN,Central,WB,37,608,HPKu,Holland Park,700,SBCu,Shepherd's Bush LU,"47,719","1,358","9,568","10,290","15,630","7,825","3,048",0,0,15,51,126,231,383,552,680,803,877,928,932,950,915,865,793,704,603,519,448,381,336,314,287,297,293,304,310,343,347,366,386,413,413,437,454,482,486,535,566,635,682,778,866,978,"1,066","1,218","1,304","1,470","1,532","1,563","1,576","1,520","1,325","1,213","1,105",936,835,757,674,618,544,517,484,480,435,440,429,424,388,361,319,269,222,186,162,121,87,54,26,0,0,0,0,0,0,0,0,0,0,0,0,0,0,0
SBCu_CEN_WB>WCTu_CEN_WB@CEN,Central,WB,38,700,SBCu,Shepherd's Bush LU,764,WCTu,White City,"38,735","1,068","7,725","7,588","13,178","6,538","2,639",0,0,16,49,98,178,289,437,561,641,710,762,755,746,748,698,647,564,488,404,346,279,241,206,203,202,194,202,217,222,233,251,273,289,304,323,345,368,386,413,460,494,535,602,702,770,880,"1,001","1,131","1,254","1,331","1,348","1,342","1,274","1,131","1,013",912,794,676,605,567,518,462,440,430,392,373,370,366,340,329,313,278,237,203,172,141,109,78,49,23,0,0,0,0,0,0,0,0,0,0,0,0,0,0,0
WCTu_CEN_WB>EACu_CEN_WB@CEN,Central,WB,39,764,WCTu,White City,563,EACu,East Acton,"34,551",841,"4,699","6,555","13,214","6,669","2,572",1,3,13,38,77,157,227,326,405,481,493,537,517,499,430,389,309,257,199,183,160,150,138,138,141,147,154,162,174,186,200,213,237,267,284,290,319,337,347,381,428,499,574,631,705,839,902,998,"1,117","1,229","1,266","1,354","1,302","1,252","1,180","1,070",878,831,730,617,546,548,461,449,430,418,380,380,363,340,319,287,267,216,192,155,138,110,85,56,32,13,0,0,0,0,0,0,0,0,0,0,0,0,0,0
EACu_CEN_WB>NACu_CEN_WB@CEN,Central,WB,40,563,EACu,East Acton,653,NACu,North Acton,"31,880",705,"4,196","6,108","12,348","6,230","2,294",2,4,14,23,65,119,205,274,377,416,459,441,460,419,396,338,306,235,190,159,147,132,132,128,138,137,144,151,160,163,185,202,223,252,270,290,311,328,323,356,402,442,507,584,646,745,799,916,"1,032","1,150","1,210","1,287","1,250","1,218","1,119",976,883,776,675,591,549,477,428,405,390,366,341,349,313,284,275,262,223,195,173,143,128,111,81,59,35,12,0,0,0,0,0,0,0,0,0,0,0,0,0,0
NACu_CEN_WB>HLNu_CEN_WB@CEN,Central,WB,41,653,NACu,North Acton,595,HLNu,Hanger Lane,"18,447",301,"2,023","3,465","7,621","3,694","1,343",0,1,1,9,33,58,76,122,177,189,211,220,225,190,190,160,152,121,109,80,82,75,69,62,75,70,71,71,90,81,101,105,133,135,157,150,185,186,197,198,252,266,301,354,418,453,510,580,675,721,723,791,786,662,665,637,503,450,432,345,325,309,260,246,244,195,197,188,192,167,179,157,138,120,97,82,63,58,37,29,15,8,0,0,0,0,0,0,0,0,0,0,0,0,0,0
HLNu_CEN_WB>PERu_CEN_WB@CEN,Central,WB,42,595,HLNu,Hanger Lane,673,PERu,Perivale,"15,634",229,"1,643","2,914","6,523","3,243","1,082",0,0,2,9,18,37,64,100,123,167,173,185,177,173,145,138,114,96,82,68,61,57,57,58,59,59,62,66,71,75,88,94,104,115,130,136,143,160,171,179,195,227,256,291,330,378,434,487,567,604,669,662,656,620,601,517,485,425,365,319,283,241,232,203,186,175,177,152,146,138,134,114,109,96,85,68,61,47,38,24,17,6,0,0,0,0,0,0,0,0,0,0,0,0,0,0
PERu_CEN_WB>GFDu_CEN_WB@CEN,Central,WB,43,673,PERu,Perivale,589,GFDu,Greenford,"13,895",203,"1,560","2,612","5,744","2,803",974,0,0,2,8,17,36,62,80,119,144,171,173,178,166,151,121,106,94,71,66,57,53,50,55,52,55,55,63,65,69,73,90,95,104,108,129,129,144,154,170,175,202,207,257,289,309,346,412,504,535,612,619,613,537,520,448,396,353,300,261,235,238,208,198,171,168,139,136,117,126,109,113,104,93,80,65,52,41,32,20,15,6,0,0,0,0,0,0,0,0,0,0,0,0,0,0
GFDu_CEN_WB>NHTu_CEN_WB@CEN,Central,WB,44,589,GFDu,Greenford,657,NHTu,Northolt,"9,938",138,"1,055","1,940","4,130","2,006",669,0,0,1,3,9,23,44,57,74,110,123,118,128,125,94,78,70,53,44,39,37,37,37,37,40,40,40,42,45,52,53,59,67,80,83,91,97,116,116,124,129,162,168,190,215,256,270,307,352,406,396,432,423,404,335,333,281,252,215,209,185,167,146,129,118,115,96,95,89,87,74,74,63,61,50,45,33,31,23,18,10,7,4,0,0,0,0,0,0,0,0,0,0,0,0,0
NHTu_CEN_WB>SRPu_CEN_WB@CEN,Central,WB,45,657,NHTu,Northolt,710,SRPu,South Ruislip,"4,100",104,598,858,"1,519",796,225,0,0,1,4,9,15,34,41,48,63,74,65,70,68,54,42,40,28,23,22,25,21,22,22,21,18,20,22,24,24,30,30,32,34,40,40,42,45,48,46,52,56,69,75,86,90,113,102,134,134,148,141,167,132,142,130,120,94,99,82,73,62,63,47,45,39,39,33,33,29,27,24,20,20,16,15,11,10,7,5,3,2,1,0,0,0,0,0,0,0,0,0,0,0,0,0
SRPu_CEN_WB>RUGu_CEN_WB@CEN,Central,WB,46,710,SRPu,South Ruislip,692,RUGu,Ruislip Gardens,"2,575",74,438,577,882,465,139,0,0,1,3,3,13,21,34,38,54,50,55,51,50,38,33,23,16,15,15,15,14,14,15,15,15,15,16,18,18,19,20,23,22,24,25,29,29,32,33,40,39,42,44,53,54,58,61,70,77,84,89,90,89,84,74,68,64,54,45,43,37,33,30,27,23,23,20,20,17,16,14,15,11,11,9,8,6,6,3,3,1,1,0,0,0,0,0,0,0,0,0,0,0,0,0
RUGu_CEN_WB>WRPu_CEN_WB@CEN,Central,WB,47,692,RUGu,Ruislip Gardens,762,WRPu,West Ruislip,"1,570",57,328,433,434,244,73,0,0,0,0,2,12,19,24,34,44,39,41,40,35,25,22,13,13,10,11,11,12,10,11,11,10,11,11,11,13,14,14,17,18,17,18,20,20,26,29,30,33,35,30,32,32,31,30,34,38,41,40,44,43,35,36,37,31,26,25,21,20,18,17,15,13,11,10,9,10,8,7,8,7,6,4,4,3,3,2,1,1,0,0,0,0,0,0,0,0,0,0,0,0,0,0
NACu_CEN_WB>WACu_CEN_WB@CEN,Central,WB,48,653,NACu,North Acton,753,WACu,West Acton,"9,304",173,"1,406","2,133","3,517","1,535",541,4,5,6,12,21,26,43,57,70,92,107,143,152,171,158,153,117,101,71,71,57,48,52,58,53,58,62,67,65,67,70,81,83,88,92,109,99,100,108,123,122,141,165,165,202,227,242,249,297,297,328,366,363,345,319,280,236,215,184,158,130,104,96,93,86,82,76,73,63,60,54,54,48,40,42,40,40,34,30,19,14,2,0,0,0,0,0,0,0,0,0,0,0,0,0,0
WACu_CEN_WB>EBYu_CEN_WB@CEN,Central,WB,49,753,WACu,West Acton,560,EBYu,Ealing Broadway,"8,603",172,"1,330","2,088","3,209","1,346",458,5,6,8,13,22,28,41,49,73,84,105,120,149,141,144,139,120,95,82,76,57,57,54,60,55,59,64,68,65,66,69,79,80,85,89,105,94,94,102,116,117,134,158,159,193,214,205,234,277,274,277,329,332,313,287,276,232,190,154,140,111,96,81,85,71,64,64,60,51,48,47,44,35,34,31,35,28,33,27,23,12,8,0,0,0,0,0,0,0,0,0,0,0,0,0,0
EBYu_DIS_EB>ECMu_PIC_EB@DIS,District,EB,1,560,EBYu,Ealing Broadway,561,ECMu,Ealing Common,"7,613",510,"2,713","2,073","1,661",503,153,10,21,31,51,71,89,97,139,152,180,202,291,309,320,314,296,216,169,143,123,112,105,99,100,87,89,83,82,76,79,74,79,75,79,76,83,76,81,78,83,79,80,98,118,123,124,148,135,122,145,172,156,165,157,119,95,78,56,48,52,36,39,35,38,30,33,27,30,25,26,22,21,15,12,8,6,3,2,1,0,0,0,0,0,0,0,0,0,0,0,0,0,0,4,4,4
ECMu_PIC_EB>ACTu_DIS_EB@DIS,District,EB,2,561,ECMu,Ealing Common,500,ACTu,Acton Town,"8,084",548,"2,932","2,274","1,685",485,160,13,20,35,56,68,96,110,151,165,208,222,316,309,347,316,319,225,204,157,145,123,117,118,102,109,90,103,91,93,79,90,77,82,78,92,80,91,79,93,81,96,87,114,109,140,133,137,142,145,147,147,173,148,152,115,106,76,67,46,45,43,36,32,32,32,27,25,25,27,22,24,18,18,12,10,6,5,2,1,0,0,0,0,0,0,0,0,0,0,0,0,0,0,5,5,5
ACTu_DIS_EB>CHPu_DIS_EB@DIS,District,EB,3,500,ACTu,Acton Town,545,CHPu,Chiswick Park,"7,821",550,"3,070","2,082","1,532",420,167,16,25,38,69,78,83,117,124,171,225,267,290,371,321,327,296,280,192,188,142,131,107,103,104,82,93,73,87,72,84,68,83,70,81,67,81,68,80,67,88,80,97,93,125,116,140,130,146,127,126,124,151,132,122,123,96,58,54,47,37,36,34,27,31,25,24,21,26,21,23,21,23,17,16,11,8,4,2,1,1,0,0,0,0,0,0,0,0,0,0,0,0,0,6,6,6
CHPu_DIS_EB>TGRu_DIS_EB@DIS,District,EB,4,545,CHPu,Chiswick Park,734,TGRu,Turnham Green,"8,113",580,"3,308","2,152","1,575",375,122,14,27,35,56,84,92,130,143,207,216,304,331,413,354,385,308,278,188,185,141,130,110,106,109,85,97,77,93,77,91,75,90,74,83,67,82,67,80,68,90,81,98,97,127,117,141,137,134,138,137,141,158,153,121,111,87,53,50,43,42,29,30,23,25,20,21,17,22,17,19,18,19,14,13,9,6,3,2,1,0,0,0,0,0,0,0,0,0,0,0,0,0,0,0,0,0
RMDu_DIS_EB>KEWu_DIS_EB@DIS,District,EB,5,686,RMDu,Richmond,621,KEWu,Kew Gardens,"7,856",454,"2,448","2,305","1,939",554,156,1,12,19,37,49,66,107,163,207,300,353,339,286,242,174,122,102,120,113,88,85,88,78,87,94,100,102,104,101,101,96,90,85,85,83,83,85,88,92,98,106,122,116,135,144,161,145,196,188,211,195,195,161,149,101,93,84,64,50,49,37,38,39,39,38,42,38,36,29,30,21,19,15,15,10,8,5,3,0,0,0,0,0,0,0,0,0,0,0,0,0,0,0,0,0,0
KEWu_DIS_EB>GUNu_DIS_EB@DIS,District,EB,6,621,KEWu,Kew Gardens,591,GUNu,Gunnersbury,"10,539",574,"3,398","3,183","2,596",637,151,3,15,25,35,68,93,149,186,292,347,425,420,422,338,301,212,187,174,152,128,125,120,100,122,112,133,123,138,124,139,122,129,113,127,114,128,115,136,130,152,156,166,168,192,195,187,219,225,253,253,282,259,246,187,163,128,99,79,67,58,44,48,37,45,40,43,37,41,30,30,22,21,14,13,8,7,4,2,0,0,0,0,0,0,0,0,0,0,0,0,0,0,0,0,0,0
GUNu_DIS_EB>TGRu_DIS_EB@DIS,District,EB,7,591,GUNu,Gunnersbury,734,TGRu,Turnham Green,"13,948",678,"4,308","4,117","3,772",865,208,4,19,32,48,67,120,150,238,280,444,519,554,489,506,388,285,223,261,207,153,166,162,144,136,175,148,191,149,188,151,187,141,174,136,174,136,175,144,194,159,222,207,249,210,291,258,311,326,361,377,385,356,340,328,238,200,164,116,90,69,72,55,60,45,56,47,50,41,46,33,33,23,25,14,14,8,7,3,2,0,0,0,0,0,0,0,0,0,0,0,0,0,0,0,0,0
TGRu_DIS_EB>STBu_DIS_EB@DIS,District,EB,8,734,TGRu,Turnham Green,713,STBu,Stamford Brook,"25,417","1,511","9,004","7,127","5,954","1,392",429,24,44,85,131,199,257,318,454,520,777,890,"1,072","1,002","1,078",843,798,612,552,446,416,331,311,325,305,300,297,295,299,288,288,281,283,266,265,257,263,257,264,267,290,298,345,361,393,407,472,468,542,568,564,598,590,523,484,443,296,239,185,137,118,121,102,93,86,82,75,78,76,74,69,63,56,49,38,31,21,14,8,4,1,0,0,0,0,0,0,0,0,0,0,0,0,0,0,0,0
STBu_DIS_EB>RCPu_DIS_EB@DIS,District,EB,9,713,STBu,Stamford Brook,682,RCPu,Ravenscourt Park,"27,535","1,504","9,978","7,756","6,311","1,543",444,23,48,93,139,193,239,343,425,568,747,"1,019","1,112","1,178","1,125","1,056",841,719,602,556,456,403,365,353,330,325,322,321,325,315,314,306,308,292,290,280,285,277,282,284,308,315,363,382,412,428,496,500,577,579,605,616,630,560,519,457,345,256,198,175,144,124,111,102,94,88,88,83,81,77,72,66,58,50,39,31,21,15,8,4,2,0,0,0,0,0,0,0,0,0,0,0,0,0,0,0,0
RCPu_DIS_EB>HMDu_DIS_EB@DIS,District,EB,10,682,RCPu,Ravenscourt Park,593,HMDu,Hammersmith (DIS),"29,869","1,552","10,501","8,418","7,180","1,714",504,25,51,82,124,200,249,358,463,620,778,972,"1,138","1,213","1,161","1,103",974,784,655,605,498,440,397,384,359,352,346,344,349,340,337,330,335,318,315,307,311,299,304,307,333,345,360,427,478,511,534,598,594,657,675,739,731,697,572,498,373,278,213,189,155,135,122,113,106,102,103,100,98,92,85,77,66,55,43,33,22,15,9,5,2,1,0,0,0,0,0,0,0,0,0,0,0,0,0,0,0
HMDu_DIS_EB>BCTu_DIS_EB@DIS,District,EB,11,593,HMDu,Hammersmith (DIS),516,BCTu,Barons Court,"35,141","1,729","10,560","10,747","8,437","2,674",994,19,47,91,139,237,305,413,477,598,698,937,"1,041","1,155","1,174","1,143","1,011",856,735,648,564,472,476,473,461,463,450,452,438,439,430,431,419,416,401,397,391,392,387,400,418,453,491,573,625,662,681,726,723,769,751,841,803,758,658,614,451,386,333,279,245,222,194,169,170,166,161,171,176,177,168,160,135,109,84,64,44,26,15,7,3,1,0,0,0,0,0,0,0,0,0,0,0,0,0,0,0
BCTu_DIS_EB>WKNu_DIS_EB@DIS,District,EB,12,516,BCTu,Barons Court,760,WKNu,West Kensington,"35,464","1,626","10,569","10,614","8,887","2,764","1,005",20,40,97,145,218,290,358,459,568,701,842,"1,017","1,166","1,201","1,160","1,076",930,720,632,557,513,487,484,463,457,440,438,425,430,425,425,412,413,401,395,386,391,388,396,412,450,463,525,596,655,719,801,769,787,830,821,801,835,741,619,510,412,315,284,250,228,202,193,177,175,169,178,180,180,168,160,136,111,86,65,44,27,15,7,3,1,0,0,0,0,0,0,0,0,0,0,0,0,0,0,0
WKNu_DIS_EB>ECTu_DIS_EB@DIS,District,EB,13,760,WKNu,West Kensington,562,ECTu,Earl's Court,"38,642","1,833","11,918","11,555","9,399","2,905","1,032",24,46,100,165,246,327,402,524,636,785,948,"1,141","1,224","1,350","1,305","1,206","1,057",907,721,637,586,546,538,512,504,483,480,466,470,462,460,444,445,431,425,417,423,419,429,445,470,498,564,638,699,749,776,808,830,873,896,917,882,778,653,537,435,335,302,266,241,212,204,186,181,175,185,184,184,173,164,140,114,86,68,46,27,15,10,3,1,0,0,0,0,0,0,0,0,0,0,0,0,0,0,0
WIMu_DIS_EB>WMPu_DIS_EB@DIS,District,EB,14,767,WIMu,Wimbledon,768,WMPu,Wimbledon Park,"15,188",677,"3,310","3,884","5,173","1,664",479,4,12,27,33,66,112,183,240,342,431,477,444,407,323,229,158,131,128,124,116,109,117,111,113,117,128,130,129,130,133,135,134,136,141,146,148,159,168,177,195,223,248,299,358,399,438,470,476,483,520,490,478,442,395,307,275,227,191,162,150,138,120,118,114,112,113,111,107,102,90,76,66,53,37,24,14,8,5,1,1,0,0,0,0,0,0,0,0,0,0,0,0,0,1,1,1
WMPu_DIS_EB>SFSu_DIS_EB@DIS,District,EB,15,768,WMPu,Wimbledon Park,705,SFSu,Southfields,"16,056",764,"3,963","4,067","5,235","1,562",465,5,15,23,43,71,116,195,296,362,474,557,548,476,429,315,212,156,155,142,138,131,133,127,126,131,138,142,140,140,143,143,143,145,148,151,154,161,172,183,198,225,252,293,348,393,438,474,479,499,515,514,475,465,388,331,263,228,179,161,134,120,114,104,107,104,107,103,101,93,87,72,64,52,40,25,16,8,4,1,0,0,0,0,0,0,0,0,0,0,0,0,0,0,1,1,1
SFSu_DIS_EB>EPYu_DIS_EB@DIS,District,EB,16,705,SFSu,Southfields,567,EPYu,East Putney,"20,370","1,150","6,272","5,343","5,638","1,558",410,9,29,46,81,126,194,263,402,541,698,760,813,746,647,501,435,339,300,249,244,207,201,192,207,191,198,200,197,195,196,195,195,193,195,197,198,201,209,219,244,270,299,344,398,431,445,479,502,517,570,565,558,504,442,330,296,221,191,155,145,124,118,105,108,99,101,96,94,86,78,63,55,43,33,22,15,8,5,2,0,0,0,0,0,0,0,0,0,0,0,0,0,0,0,0,0
EPYu_DIS_EB>PUTu_DIS_EB@DIS,District,EB,17,567,EPYu,East Putney,678,PUTu,Putney Bridge,"26,890","1,482","9,466","6,935","6,731","1,797",479,13,26,64,91,152,239,394,504,722,929,"1,063","1,136","1,151","1,032",887,737,569,479,415,345,315,296,277,282,272,277,273,280,265,270,265,276,259,258,251,259,249,259,265,292,312,345,385,452,494,515,592,633,656,674,705,629,580,503,418,331,290,228,194,164,146,124,118,107,109,108,107,103,97,86,74,62,53,40,29,19,11,5,1,0,0,0,0,0,0,0,0,0,0,0,0,0,0,0,0,0
PUTu_DIS_EB>PGRu_DIS_EB@DIS,District,EB,18,678,PUTu,Putney Bridge,672,PGRu,Parsons Green,"31,686","1,598","10,873","8,412","8,087","2,152",564,16,31,77,109,150,247,398,569,809,996,"1,229","1,334","1,306","1,181","1,062",849,644,537,486,441,375,372,354,335,324,329,329,338,323,328,325,333,317,315,311,318,308,316,324,350,373,412,464,537,588,620,659,718,747,780,817,796,728,659,549,427,361,291,223,194,181,153,138,131,124,122,120,115,109,98,87,75,64,49,36,23,13,6,2,1,0,0,0,0,0,0,0,0,0,0,0,0,0,0,0,0
PGRu_DIS_EB>FBYu_DIS_EB@DIS,District,EB,19,672,PGRu,Parsons Green,581,FBYu,Fulham Broadway,"37,509","1,769","13,118","9,779","9,683","2,493",667,18,37,54,129,181,296,414,639,884,"1,198","1,375","1,564","1,591","1,449","1,272","1,095",876,705,612,497,451,405,397,390,388,377,404,391,391,377,395,381,382,367,379,367,374,364,384,392,433,466,532,592,663,707,783,832,942,982,983,966,906,746,633,539,416,338,282,236,201,179,159,147,138,134,134,129,124,114,104,88,75,60,44,28,17,8,3,1,0,0,0,0,0,0,0,0,0,0,0,0,0,0,0,0
FBYu_DIS_EB>WBTu_DIS_EB@DIS,District,EB,20,581,FBYu,Fulham Broadway,755,WBTu,West Brompton,"44,377","1,902","14,394","12,276","11,837","3,112",856,21,42,61,143,202,282,456,695,964,"1,185","1,547","1,709","1,674","1,583","1,516","1,175",945,825,699,574,553,501,504,465,464,456,486,475,475,460,478,465,467,454,468,458,462,450,474,486,590,643,731,810,902,891,982,"1,034","1,106","1,115","1,193","1,161","1,055",939,810,647,496,435,341,310,249,225,201,188,173,166,168,160,154,143,133,112,97,78,59,39,23,12,5,1,0,0,0,0,0,0,0,0,0,0,0,0,0,0,0,0
WBTu_DIS_EB>ECTu_DIS_EB@DIS,District,EB,21,755,WBTu,West Brompton,562,ECTu,Earl's Court,"48,799","1,888","14,843","13,629","13,836","3,566","1,036",10,24,64,148,167,319,503,653,910,"1,284","1,446","1,657","1,766","1,657","1,467","1,327","1,055",875,745,654,571,541,519,530,511,526,522,535,519,525,516,521,511,515,500,511,503,520,525,559,640,757,820,932,"1,025","1,082","1,121","1,214","1,269","1,358","1,352","1,340","1,258","1,119",924,774,600,469,392,330,285,259,234,219,203,195,192,190,178,167,155,138,116,96,76,52,31,18,8,1,0,0,0,0,0,0,0,0,0,0,0,0,0,0,0,0
OLYu_DIS_EB>ECTu_DIS_EB@DIS,District,EB,22,618,OLYu,Kensington (Olympia),562,ECTu,Earl's Court,53,41,3,0,0,10,0,0,0,2,8,8,8,8,7,1,1,1,1,0,0,0,0,0,0,0,0,0,0,0,0,0,0,0,0,0,0,0,0,0,0,0,0,0,0,0,0,0,0,0,0,0,0,0,0,0,0,0,0,0,0,0,0,0,0,1,1,2,2,2,1,1,0,0,0,0,0,0,0,0,0,0,0,0,0,0,0,0,0,0,0,0,0,0,0,0,0,0,0,0,0,0,0
ECTu_DIS_EB>HSTu_DIS_EB@DIS,District,EB,23,562,ECTu,Earl's Court,605,HSTu,High Street Kensington,"16,873",730,"4,629","5,900","3,775","1,390",449,4,11,35,56,103,131,183,208,319,353,458,480,540,464,464,380,356,279,291,247,257,234,262,227,252,223,250,222,251,222,246,217,248,216,241,215,244,212,247,225,284,266,322,318,396,354,403,363,366,294,326,262,292,258,262,198,203,143,144,112,125,104,112,94,102,83,92,75,79,65,69,52,52,39,35,22,17,9,6,2,1,1,0,0,0,0,0,0,0,0,0,0,0,0,0,0
HSTu_DIS_EB>NHGu_DIS_EB@DIS,District,EB,24,605,HSTu,High Street Kensington,663,NHGu,Notting Hill Gate,"16,852",612,"4,273","5,647","4,281","1,529",510,3,10,18,52,73,120,133,204,229,342,352,479,454,493,400,425,301,308,230,261,202,237,202,243,201,236,206,243,210,242,206,237,204,236,202,238,210,243,213,259,234,301,282,359,354,423,379,440,370,397,339,372,319,344,276,267,200,185,140,144,120,128,106,117,97,105,88,99,80,87,71,73,55,51,36,28,15,10,4,0,0,0,0,0,0,0,0,0,0,0,0,0,0,0,0,0
NHGu_DIS_EB>BAYu_DIS_EB@DIS,District,EB,25,663,NHGu,Notting Hill Gate,517,BAYu,Bayswater,"11,594",503,"3,111","3,685","2,870","1,068",357,3,10,18,46,63,99,107,158,173,249,260,352,331,359,297,306,216,222,164,181,139,159,132,158,131,153,134,157,136,155,131,154,134,155,136,160,138,160,139,168,151,195,181,230,237,282,250,291,248,259,230,258,218,234,188,175,131,127,100,105,89,94,77,81,66,71,59,67,56,61,49,51,39,35,25,20,11,7,3,0,0,0,0,0,0,0,0,0,0,0,0,0,0,0,0,0
BAYu_DIS_EB>PADu_DIS_EB@DIS,District,EB,26,517,BAYu,Bayswater,670,PADu,Paddington TfL,"10,974",468,"3,000","3,496","2,686","1,005",320,3,10,18,45,62,76,103,151,165,185,269,286,317,307,338,261,268,200,212,190,183,160,158,153,126,146,127,147,125,141,120,141,124,143,126,149,129,148,130,156,139,153,165,209,225,236,264,277,239,208,251,219,209,203,209,146,144,111,108,94,91,83,70,72,58,62,52,59,50,54,45,47,35,31,22,17,9,6,3,0,0,0,0,0,0,0,0,0,0,0,0,0,0,0,0,0
PADu_DIS_EB>ERDu_DIS_EB@DIS,District,EB,27,670,PADu,Paddington TfL,569,ERDu,Edgware Road (DIS),"4,207",179,"1,247","1,349",969,341,122,2,2,10,16,29,33,43,43,63,61,107,117,142,127,146,102,112,88,101,82,87,65,70,54,57,50,56,52,57,50,55,49,55,48,54,49,54,47,53,50,57,56,64,59,103,96,103,96,102,55,77,66,79,70,74,49,48,30,36,31,32,28,32,23,22,19,21,18,20,17,18,14,14,11,11,7,6,3,2,0,0,0,0,0,0,0,0,0,0,0,0,0,0,0,0,0
ECTu_DIS_EB>GRDu_DIS_EB@DIS,District,EB,28,562,ECTu,Earl's Court,583,GRDu,Gloucester Road,"72,042","2,698","23,255","20,334","18,724","5,308","1,723",35,54,118,208,295,463,652,873,"1,131","1,521","1,839","2,254","2,439","2,578","2,459","2,331","1,985","1,787","1,528","1,404","1,190","1,115",989,961,863,864,792,833,753,790,733,776,718,750,685,732,681,726,695,784,788,944,"1,003","1,171","1,219","1,392","1,423","1,617","1,692","1,876","1,874","1,929","1,731","1,577","1,295","1,098",838,721,579,522,432,398,334,330,287,294,274,298,280,279,252,244,192,163,120,93,51,31,11,6,0,0,0,0,0,0,0,0,0,0,0,0,0,0,0,0
GRDu_DIS_EB>SKNu_DIS_EB@DIS,District,EB,29,583,GRDu,Gloucester Road,708,SKNu,South Kensington,"77,593","2,738","23,965","22,256","20,454","6,157","2,024",21,57,124,203,307,457,697,872,"1,213","1,523","1,955","2,198","2,545","2,552","2,583","2,333","2,167","1,822","1,665","1,408","1,300","1,112","1,067",969,968,878,893,854,865,824,844,817,844,796,809,789,813,781,834,837,932,999,"1,168","1,261","1,416","1,493","1,572","1,706","1,832","1,957","2,083","2,078","1,933","1,726","1,478","1,178","1,000",791,700,588,525,446,415,366,350,320,329,327,332,308,303,271,235,187,151,108,69,35,18,7,0,0,0,0,0,0,0,0,0,0,0,0,0,0,0,0
SKNu_DIS_EB>SSQu_DIS_EB@DIS,District,EB,30,708,SKNu,South Kensington,702,SSQu,Sloane Square,"90,501","2,683","23,893","25,977","26,569","8,605","2,773",22,61,107,189,317,435,645,908,"1,154","1,439","1,901","2,186","2,466","2,579","2,602","2,380","2,197","1,863","1,684","1,442","1,306","1,116","1,063",969,974,895,934,905,951,910,963,946,998,944,"1,001",986,"1,050","1,028","1,128","1,122","1,249","1,320","1,560","1,660","1,891","1,953","2,182","2,265","2,493","2,527","2,720","2,599","2,450","2,111","1,880","1,497","1,251","1,019",929,812,758,673,641,574,546,477,470,454,455,409,404,370,317,257,213,153,99,58,26,10,3,0,0,0,0,0,0,0,0,0,0,0,0,0,0,0
SSQu_DIS_EB>VICu_DIS_EB@DIS,District,EB,31,702,SSQu,Sloane Square,741,VICu,Victoria LU,"97,058","2,650","24,411","27,493","29,390","9,931","3,183",23,57,99,198,314,452,624,882,"1,123","1,465","1,788","2,130","2,466","2,676","2,672","2,578","2,345","2,012","1,683","1,472","1,330","1,182","1,087","1,042","1,001",924,967,941,992,953,"1,011","1,001","1,055","1,004","1,071","1,057","1,123","1,106","1,218","1,221","1,365","1,447","1,635","1,757","2,016","2,155","2,295","2,462","2,692","2,735","2,870","2,887","2,776","2,471","2,217","1,815","1,514","1,211","1,053",908,840,746,712,642,627,563,566,549,547,484,465,415,354,288,239,173,111,65,29,11,4,0,0,0,0,0,0,0,0,0,0,0,0,0,0,0
VICu_DIS_EB>SJPu_DIS_EB@DIS,District,EB,32,741,VICu,Victoria LU,695,SJPu,St. James's Park,"80,863","2,472","23,459","23,430","21,299","7,534","2,668",21,34,90,179,275,433,596,844,"1,074","1,331","1,587","1,999","2,229","2,468","2,594","2,550","2,299","2,061","1,761","1,506","1,302","1,161","1,016",952,881,886,832,888,861,896,866,927,879,898,860,911,888,938,931,"1,020","1,021","1,103","1,165","1,347","1,411","1,564","1,659","1,876","1,910","2,057","2,062","2,134","1,931","1,777","1,543","1,377","1,081",933,805,714,608,575,526,509,461,454,427,441,420,402,366,351,286,253,205,162,108,70,30,12,4,0,0,0,0,0,0,0,0,0,0,0,0,0,0,0
SJPu_DIS_EB>WMSu_DIS_EB@DIS,District,EB,33,695,SJPu,St. James's Park,761,WMSu,Westminster,"82,855","2,253","21,660","23,942","23,982","8,114","2,903",21,34,89,148,245,387,576,754,987,"1,207","1,441","1,781","2,037","2,349","2,389","2,418","2,125","1,961","1,560","1,405","1,151","1,095",917,904,854,891,851,914,892,941,899,951,901,937,886,937,915,981,970,"1,068","1,082","1,248","1,263","1,495","1,566","1,759","1,802","2,109","2,137","2,413","2,319","2,429","2,189","2,053","1,655","1,551","1,200","1,031",841,773,659,618,570,542,490,483,448,459,438,430,388,371,315,281,221,183,129,81,38,23,4,0,0,0,0,0,0,0,0,0,0,0,0,0,0,0
WMSu_DIS_EB>EMBu_DIS_EB@DIS,District,EB,34,761,WMSu,Westminster,542,EMBu,Embankment,"72,386","1,763","17,800","21,171","21,984","7,185","2,483",17,27,55,126,204,283,426,627,789,963,"1,202","1,505","1,679","1,871","1,979","1,949","1,757","1,595","1,335","1,176","1,017",916,797,797,730,765,741,807,789,838,805,847,806,841,790,840,818,875,859,951,971,"1,084","1,164","1,323","1,474","1,647","1,732","1,950","2,022","2,115","2,111","2,200","1,972","1,840","1,568","1,352","1,066",916,758,677,607,542,498,479,433,422,389,399,378,369,334,319,272,228,185,154,108,67,44,22,4,0,0,0,0,0,0,0,0,0,0,0,0,0,0,0
EMBu_DIS_EB>TEMu_DIS_EB@DIS,District,EB,35,542,EMBu,Embankment,724,TEMu,Temple,"73,658","1,779","18,894","21,137","20,665","7,905","3,277",18,28,59,120,212,274,447,621,793,973,"1,298","1,529","1,843","1,997","2,122","2,047","1,961","1,648","1,455","1,227","1,075",880,826,765,752,718,756,756,792,778,816,799,818,795,824,814,856,850,920,950,"1,032","1,043","1,211","1,310","1,462","1,505","1,722","1,757","1,847","1,919","2,061","1,983","1,931","1,729","1,509","1,241","1,081",884,810,716,670,587,577,543,530,504,499,504,504,476,451,410,356,293,246,201,152,93,60,30,6,0,0,0,0,0,0,0,0,0,0,0,0,0,0,0
TEMu_DIS_EB>BLFu_DIS_EB@DIS,District,EB,36,724,TEMu,Temple,521,BLFu,Blackfriars LU,"71,638","1,576","16,166","19,708","21,932","8,559","3,698",18,29,46,105,181,260,394,543,731,833,"1,085","1,315","1,602","1,695","1,851","1,768","1,669","1,388","1,215","1,014",902,738,694,641,650,620,659,662,712,693,740,730,769,739,782,773,833,821,905,943,"1,045","1,060","1,238","1,360","1,519","1,561","1,776","1,878","2,001","2,007","2,221","2,129","2,028","1,789","1,681","1,342","1,166",952,874,733,691,642,638,599,591,561,558,554,561,529,503,455,407,327,286,223,175,109,74,31,16,0,0,0,0,0,0,0,0,0,0,0,0,0,0,0
BLFu_DIS_EB>MANu_DIS_EB@DIS,District,EB,37,521,BLFu,Blackfriars LU,639,MANu,Mansion House,"66,895","1,360","13,529","18,522","21,312","8,508","3,663",6,27,43,93,164,219,344,465,575,691,883,"1,098","1,286","1,462","1,553","1,517","1,354","1,214","1,025",869,786,689,621,581,595,572,610,616,661,646,691,687,724,699,736,732,788,781,863,905,"1,003","1,024","1,196","1,317","1,408","1,517","1,686","1,750","1,872","1,999","2,105","2,136","2,014","1,840","1,638","1,348","1,093",983,848,755,713,670,627,592,582,553,547,545,548,518,492,449,403,328,288,226,177,111,75,32,16,0,0,0,0,0,0,0,0,0,0,0,0,0,0,0
MANu_DIS_EB>CSTu_DIS_EB@DIS,District,EB,38,639,MANu,Mansion House,536,CSTu,Cannon Street LU,"63,050","1,165","10,651","17,376","21,388","8,758","3,712",7,18,42,86,136,193,282,401,463,583,718,843,958,"1,122","1,159","1,157","1,089",987,824,745,646,602,540,545,519,548,545,583,586,624,625,660,654,686,681,718,720,780,817,901,931,"1,044","1,153","1,267","1,340","1,569","1,609","1,799","1,876","2,092","2,050","2,179","1,971","1,871","1,603","1,430","1,150","1,041",899,795,710,683,624,609,580,567,542,558,545,528,490,462,392,338,278,234,174,127,76,45,17,6,0,0,0,0,0,0,0,0,0,0,0,0,0,0
CSTu_DIS_EB>BNKu_DIS_EB@DIS,District,EB,39,536,CSTu,Cannon Street LU,513,BNKu,Bank and Monument,"60,517",986,"9,529","16,689","20,940","8,532","3,841",7,18,40,68,107,176,235,336,435,530,615,789,893,"1,006","1,027","1,037",937,855,719,686,608,571,515,519,492,520,515,559,556,593,592,638,626,656,655,697,690,745,784,875,896,995,"1,111","1,280","1,352","1,500","1,630","1,808","1,833","2,040","2,087","2,120","1,924","1,810","1,506","1,328","1,078",961,844,779,709,676,633,609,583,568,543,550,542,532,494,468,411,354,302,254,193,139,87,43,16,6,0,0,0,0,0,0,0,0,0,0,0,0,0,0
BNKu_DIS_EB>THLu_DIS_EB@DIS,District,EB,40,513,BNKu,Bank and Monument,731,THLu,Tower Hill,"57,394",876,"7,265","15,368","20,834","8,970","4,081",7,20,43,71,103,160,208,264,326,401,479,566,649,757,786,753,738,685,580,546,520,480,450,454,435,457,455,491,490,523,531,577,574,604,613,653,651,703,756,845,873,965,"1,085","1,184","1,248","1,457","1,625","1,720","1,826","2,043","2,027","2,041","1,950","1,882","1,593","1,420","1,173","1,039",870,798,731,697,661,636,616,599,574,575,568,554,519,491,437,380,327,274,211,152,95,47,18,6,0,0,0,0,0,0,0,0,0,0,0,0,0,0
THLu_DIS_EB>ALEu_DIS_EB@DIS,District,EB,41,731,THLu,Tower Hill,503,ALEu,Aldgate East,"49,785",770,"5,776","12,328","18,353","8,643","3,915",8,21,32,58,97,133,186,235,298,336,408,464,559,610,629,591,560,496,422,402,394,365,339,332,332,336,349,356,391,402,421,435,473,478,501,509,555,580,647,683,771,827,896,957,"1,094","1,197","1,334","1,466","1,658","1,748","1,863","1,832","1,819","1,647","1,453","1,243","1,138",956,855,800,739,662,640,606,592,566,551,538,534,513,488,458,419,370,317,272,214,153,95,57,19,7,0,0,0,0,0,0,0,0,0,0,0,0,0,0
ALEu_DIS_EB>WCLu_DIS_EB@DIS,District,EB,42,503,ALEu,Aldgate East,763,WCLu,Whitechapel,"44,837",662,"4,121","10,484","17,758","8,130","3,681",8,19,29,56,91,114,155,189,239,275,312,351,437,437,429,419,386,302,272,263,258,251,262,262,267,277,292,296,323,338,360,370,396,409,434,435,468,501,563,600,674,743,817,888,"1,015","1,134","1,285","1,394","1,579","1,689","1,793","1,773","1,784","1,620","1,464","1,230","1,104",918,806,713,687,618,600,578,554,531,521,497,489,466,443,405,377,344,314,258,220,168,102,55,35,6,0,0,0,0,0,0,0,0,0,0,0,0,0,0
WCLu_DIS_EB>STGu_DIS_EB@DIS,District,EB,43,763,WCLu,Whitechapel,715,STGu,Stepney Green,"47,720",806,"4,641","11,309","18,614","8,580","3,769",7,20,38,63,108,140,189,241,300,328,367,423,472,488,478,472,406,343,289,275,270,275,269,288,303,307,310,340,355,372,374,412,424,436,440,480,501,540,578,666,721,796,874,979,"1,091","1,224","1,324","1,510","1,630","1,738","1,821","1,921","1,782","1,725","1,524","1,324","1,088",996,827,767,714,680,635,622,597,571,556,526,510,482,457,416,383,351,308,260,209,170,103,67,35,18,0,0,0,0,0,0,0,0,0,0,0,0,0,0
STGu_DIS_EB>MLEu_DIS_EB@DIS,District,EB,44,715,STGu,Stepney Green,642,MLEu,Mile End,"46,132",777,"4,117","10,518","18,509","8,593","3,619",7,20,37,49,107,138,178,241,292,325,339,389,412,435,395,404,343,289,245,248,243,247,244,259,261,266,275,307,322,339,347,382,394,408,420,460,484,526,569,603,668,744,831,917,"1,081","1,233","1,307","1,473","1,596","1,789","1,769","1,889","1,832","1,745","1,455","1,340","1,110",951,857,798,736,703,654,607,581,554,537,506,489,462,438,399,352,337,287,250,201,173,100,75,34,18,6,0,0,0,0,0,0,0,0,0,0,0,0,0
MLEu_DIS_EB>BWRu_DIS_EB@DIS,District,EB,45,642,MLEu,Mile End,528,BWRu,Bow Road,"50,239",846,"4,615","10,715","19,901","9,697","4,466",0,9,43,58,109,161,195,271,326,359,391,466,473,488,478,447,376,309,266,237,232,234,221,231,242,254,255,279,300,319,337,370,398,428,437,461,500,538,563,644,727,812,886,"1,048","1,183","1,282","1,417","1,527","1,693","1,857","1,973","2,032","2,004","1,854","1,646","1,434","1,238","1,118",983,878,833,755,723,682,653,629,611,593,565,544,515,492,449,437,378,323,270,209,127,85,49,17,6,0,0,0,0,0,0,0,0,0,0,0,0,0
BWRu_DIS_EB>BBBu_DIS_EB@DIS,District,EB,46,528,BWRu,Bow Road,530,BBBu,Bromley-by-Bow,"48,024",776,"4,429","10,274","19,050","9,285","4,210",0,9,23,57,95,146,188,258,313,344,387,419,477,466,467,422,383,282,248,221,216,212,214,219,230,232,251,269,288,296,334,355,383,395,432,449,487,502,565,630,710,759,885,959,"1,148","1,184","1,405","1,477","1,693","1,700","1,944","1,862","1,907","1,729","1,643","1,358","1,248","1,057",961,832,789,716,687,647,618,595,575,558,531,511,483,463,421,394,357,306,256,199,139,81,47,17,6,0,0,0,0,0,0,0,0,0,0,0,0,0
BBBu_DIS_EB>WHMu_DIS_EB@DIS,District,EB,47,530,BBBu,Bromley-by-Bow,757,WHMu,West Ham,"46,123",771,"4,144","9,837","18,312","9,086","3,975",0,14,28,62,99,148,183,236,286,330,371,398,443,445,428,384,349,276,228,207,213,209,210,218,228,220,240,258,278,286,323,345,372,384,421,439,476,490,556,571,660,692,809,942,"1,108","1,200","1,362","1,507","1,580","1,636","1,807","1,779","1,759","1,658","1,598","1,319","1,222","1,030",972,833,789,721,690,613,585,562,543,526,497,480,453,411,396,373,324,291,268,190,133,92,46,16,5,0,0,0,0,0,0,0,0,0,0,0,0,0
WHMu_DIS_EB>PLWu_DIS_EB@DIS,District,EB,48,757,WHMu,West Ham,676,PLWu,Plaistow,"52,494",824,"4,641","10,916","21,100","10,366","4,647",0,15,34,79,112,148,192,245,291,347,411,471,497,497,484,447,368,320,265,242,220,224,218,234,231,253,267,289,301,332,350,384,402,444,462,494,517,568,605,668,727,819,914,992,"1,177","1,286","1,428","1,637","1,827","1,956","2,102","2,169","2,077","2,021","1,798","1,622","1,386","1,240","1,055",960,850,813,747,717,688,664,641,604,573,541,514,480,463,420,392,349,305,237,177,111,62,19,6,0,0,0,0,0,0,0,0,0,0,0,0,0
PLWu_DIS_EB>UPKu_DIS_EB@DIS,District,EB,49,676,PLWu,Plaistow,739,UPKu,Upton Park,"49,493",802,"4,564","10,513","19,523","9,894","4,196",0,15,34,56,107,149,194,247,306,352,388,444,479,498,476,446,374,312,261,228,231,231,228,232,239,249,263,282,293,321,339,369,387,425,442,471,494,542,577,635,690,775,863,935,"1,046","1,208","1,250","1,462","1,621","1,801","1,872","2,045","1,943","1,984","1,720","1,572","1,326","1,198",946,952,835,806,733,706,636,612,591,553,522,489,463,429,388,375,341,314,276,243,162,114,57,18,5,0,0,0,0,0,0,0,0,0,0,0,0,0
UPKu_DIS_EB>EHMu_DIS_EB@DIS,District,EB,50,739,UPKu,Upton Park,566,EHMu,East Ham,"41,405",725,"4,122","8,418","16,634","8,097","3,411",0,14,31,50,85,140,172,233,286,337,350,387,405,441,407,394,357,303,231,224,204,190,184,190,185,194,209,223,231,250,268,293,310,336,358,382,399,430,462,507,550,611,688,765,848,986,"1,106","1,300","1,424","1,583","1,606","1,724","1,639","1,611","1,458","1,349","1,126","1,008",851,746,679,618,561,536,530,499,480,464,428,404,373,348,315,297,274,262,217,184,142,87,45,29,4,0,0,0,0,0,0,0,0,0,0,0,0,0
EHMu_DIS_EB>BKGu_DIS_EB@DIS,District,EB,51,566,EHMu,East Ham,514,BKGu,Barking,"33,255",638,"3,705","6,790","13,182","6,479","2,462",0,12,29,47,80,120,146,205,253,302,324,369,381,389,366,348,312,255,217,189,178,164,162,157,163,165,169,177,190,202,216,232,255,272,287,300,326,343,367,392,446,487,546,595,684,732,880,982,"1,090","1,209","1,335","1,349","1,371","1,310","1,194","1,046",929,779,712,615,562,480,451,415,411,388,372,365,333,310,280,257,224,211,190,174,148,117,94,57,37,19,10,0,0,0,0,0,0,0,0,0,0,0,0,0
BKGu_DIS_EB>UPYu_DIS_EB@DIS,District,EB,52,514,BKGu,Barking,738,UPYu,Upney,"25,998",409,"2,863","5,445","10,887","4,760","1,634",0,2,9,34,45,81,107,131,164,218,233,268,313,309,284,282,254,203,175,160,136,123,121,120,121,124,129,136,147,156,167,185,198,212,226,241,256,280,296,329,367,406,444,522,623,709,782,890,909,955,"1,005","1,082","1,043","1,053",971,864,703,619,516,440,386,357,325,313,299,282,274,246,243,207,197,166,166,124,126,97,85,66,59,40,29,18,8,3,0,0,0,0,0,0,0,0,0,0,0,0
UPYu_DIS_EB>BECu_DIS_EB@DIS,District,EB,53,738,UPYu,Upney,518,BECu,Becontree,"23,330",363,"2,680","4,966","9,590","4,315","1,416",0,2,9,20,43,63,101,125,167,192,234,251,267,276,275,259,224,211,173,152,129,128,115,113,112,115,119,126,135,144,155,171,182,194,205,218,233,254,267,298,330,363,397,464,513,566,677,740,808,887,914,935,980,942,836,793,651,554,461,427,363,339,285,274,261,247,239,214,211,179,171,144,144,108,107,85,74,58,51,37,25,16,7,2,0,0,0,0,0,0,0,0,0,0,0,0
BECu_DIS_EB>DGHu_DIS_EB@DIS,District,EB,54,518,BECu,Becontree,556,DGHu,Dagenham Heathway,"19,344",322,"2,517","4,103","7,690","3,553","1,159",0,3,9,20,40,58,79,114,145,177,200,238,256,272,250,259,225,190,155,150,124,114,108,104,102,102,105,111,118,123,131,141,152,161,170,175,188,202,215,231,263,289,313,359,408,479,524,583,620,686,723,752,774,782,726,632,566,479,394,332,295,261,234,217,209,198,188,180,160,151,129,116,104,103,80,78,67,54,41,34,23,12,5,2,0,0,0,0,0,0,0,0,0,0,0,0
DGHu_DIS_EB>DGEu_DIS_EB@DIS,District,EB,55,556,DGHu,Dagenham Heathway,555,DGEu,Dagenham East,"12,689",241,"1,972","2,581","4,908","2,278",708,0,4,10,19,27,47,59,76,97,129,155,193,220,225,214,200,166,142,123,108,95,88,75,70,70,68,70,74,78,81,85,90,94,98,103,106,113,122,128,138,157,171,186,222,255,278,337,378,397,417,450,474,491,502,492,436,366,314,260,217,203,176,151,135,125,117,109,105,93,91,79,72,65,64,49,47,40,33,25,21,16,9,3,1,0,0,0,0,0,0,0,0,0,0,0,0
DGEu_DIS_EB>EPKu_DIS_EB@DIS,District,EB,56,555,DGEu,Dagenham East,571,EPKu,Elm Park,"8,826",183,"1,313","1,767","3,452","1,627",484,0,5,10,17,23,33,43,52,65,86,112,125,154,151,145,124,114,86,82,70,67,60,52,47,46,45,46,51,54,57,60,63,64,68,71,74,77,84,88,95,106,118,126,148,173,205,234,260,298,309,316,323,345,335,337,316,284,239,201,160,137,122,106,89,83,76,69,63,63,57,55,48,46,37,34,30,29,24,21,17,11,6,4,1,0,0,0,0,0,0,0,0,0,0,0,0
EPKu_DIS_EB>HCHu_DIS_EB@DIS,District,EB,57,571,EPKu,Elm Park,610,HCHu,Hornchurch,"5,386",147,"1,319","1,142","1,679",857,242,0,3,6,13,18,28,33,46,51,73,98,142,155,171,159,143,102,88,71,66,57,53,44,42,37,36,35,37,39,40,40,41,41,42,42,44,45,49,49,54,59,66,68,80,89,105,110,130,134,140,140,159,165,168,173,167,144,125,109,89,75,67,54,48,41,38,34,32,32,29,28,24,22,19,17,15,14,12,9,8,6,4,2,1,0,0,0,0,0,0,0,0,0,0,0,0
HCHu_DIS_EB>UPBu_DIS_EB@DIS,District,EB,58,610,HCHu,Hornchurch,737,UPBu,Upminster Bridge,"3,352",119,"1,158",749,757,442,128,0,2,2,10,15,19,31,40,43,65,94,128,146,151,139,124,84,69,60,55,45,46,37,35,29,28,25,28,27,29,28,28,27,27,26,27,27,29,28,31,33,34,34,39,42,47,53,58,62,63,58,65,71,76,77,84,75,67,53,49,37,32,27,26,20,21,18,17,15,14,13,12,11,10,9,8,8,8,6,6,4,3,1,1,0,0,0,0,0,0,0,0,0,0,0,0
UPBu_DIS_EB>UPMu_DIS_EB@DIS,District,EB,59,737,UPBu,Upminster Bridge,736,UPMu,Upminster,"2,409",115,875,548,485,292,94,0,0,1,4,14,19,35,43,49,56,79,99,111,114,106,88,59,45,37,34,28,25,23,22,21,22,21,20,20,21,18,19,18,19,18,21,20,22,21,25,25,31,31,35,35,35,36,38,35,37,39,37,41,48,50,51,49,43,37,31,25,22,19,17,15,13,11,11,10,10,8,9,7,8,6,7,6,6,5,5,3,3,1,1,0,0,0,0,0,0,0,0,0,0,0,0
UPMu_DIS_WB>UPBu_DIS_WB@DIS,District,WB,1,736,UPMu,Upminster,737,UPBu,Upminster Bridge,"2,596",202,542,761,840,196,56,7,11,19,23,29,33,36,46,49,60,66,68,60,57,43,33,28,28,25,25,28,25,22,24,25,23,26,26,26,25,26,24,26,25,26,26,30,27,27,32,49,55,67,71,71,63,60,55,70,93,92,92,87,72,46,39,32,28,23,16,15,13,13,12,13,12,10,9,9,8,7,6,6,5,3,2,1,0,0,0,0,0,0,0,0,0,0,0,0,0,0,0,0,3,3,3
UPBu_DIS_WB>HCHu_DIS_WB@DIS,District,WB,2,737,UPBu,Upminster Bridge,610,HCHu,Hornchurch,"3,511",363,833,"1,127",935,199,54,9,15,28,38,51,64,73,85,91,103,107,108,93,81,63,46,36,35,36,34,35,34,31,29,30,31,34,35,39,39,39,36,36,33,38,42,47,46,47,51,71,85,107,111,110,92,87,70,81,88,94,84,80,65,49,34,29,24,21,17,16,15,15,13,14,12,13,10,10,8,8,7,7,5,5,3,1,0,0,0,0,0,0,0,0,0,0,0,0,0,0,0,0,0,0,0
HCHu_DIS_WB>EPKu_DIS_WB@DIS,District,WB,3,610,HCHu,Hornchurch,571,EPKu,Elm Park,"5,487",778,"1,873","1,513","1,008",248,68,18,33,59,89,109,136,153,180,205,217,248,250,219,175,160,102,84,76,76,60,60,56,52,49,48,50,51,52,57,57,57,52,51,48,52,56,61,60,62,69,78,98,114,124,121,117,101,91,95,95,90,83,77,55,46,37,31,26,29,24,22,20,20,16,16,15,15,13,13,11,10,9,9,6,5,3,1,1,0,0,0,0,0,0,0,0,0,0,0,0,0,0,0,0,0,0
EPKu_DIS_WB>DGEu_DIS_WB@DIS,District,WB,4,571,EPKu,Elm Park,555,DGEu,Dagenham East,"9,088","1,605","3,661","2,204","1,190",332,97,40,70,115,178,218,271,325,388,398,438,457,448,389,359,296,246,192,168,142,128,105,103,97,97,93,93,94,93,90,90,88,81,78,75,77,80,83,83,82,80,86,103,120,133,134,131,127,117,107,115,108,92,81,71,58,49,41,38,34,29,28,28,25,25,23,22,20,20,18,16,15,12,12,9,7,4,3,1,0,0,0,0,0,0,0,0,0,0,0,0,0,0,0,0,0,0
DGEu_DIS_WB>DGHu_DIS_WB@DIS,District,WB,5,555,DGEu,Dagenham East,556,DGHu,Dagenham Heathway,"13,261","2,414","5,122","3,207","1,828",549,140,62,100,190,257,352,426,507,520,556,600,624,604,570,503,410,326,275,242,227,186,172,154,143,134,128,129,127,127,129,131,128,124,117,116,112,116,118,119,120,128,134,151,174,176,174,181,176,179,188,185,171,155,126,105,101,87,76,65,60,51,47,46,44,41,34,31,27,26,23,23,19,20,16,15,10,8,4,2,0,0,0,0,0,0,0,0,0,0,0,0,0,0,0,0,0,0
DGHu_DIS_WB>BECu_DIS_WB@DIS,District,WB,6,556,DGHu,Dagenham Heathway,518,BECu,Becontree,"20,083","3,694","7,923","4,919","2,522",828,198,114,164,277,391,534,640,768,807,845,843,896,862,857,781,717,575,492,402,362,290,275,253,247,237,229,224,225,215,205,207,202,195,189,184,179,179,178,177,175,168,176,184,204,212,236,229,249,240,245,244,244,207,195,167,146,121,116,98,86,70,72,67,60,65,57,51,41,43,35,34,28,28,23,20,13,10,5,1,0,0,0,0,0,0,0,0,0,0,0,0,0,0,0,0,0,0
BECu_DIS_WB>UPYu_DIS_WB@DIS,District,WB,7,518,BECu,Becontree,738,UPYu,Upney,"24,154","4,655","9,584","5,831","2,837",995,251,122,189,330,496,702,818,980,"1,018","1,028","1,021","1,074","1,001","1,030",927,871,692,634,494,459,354,357,311,306,282,270,257,256,243,243,242,241,232,222,214,209,204,204,203,203,200,219,224,242,251,255,256,261,259,276,279,261,246,225,193,170,156,137,118,99,95,83,80,78,73,67,59,57,49,48,41,39,30,32,23,19,11,8,2,0,0,0,0,0,0,0,0,0,0,0,0,0,0,0,0,0,0
UPYu_DIS_WB>BKGu_DIS_WB@DIS,District,WB,8,738,UPYu,Upney,514,BKGu,Barking,"27,197","4,940","11,018","6,662","3,165","1,142",270,114,218,332,528,723,899,"1,012","1,114","1,101","1,132","1,168","1,200","1,159","1,070",998,842,691,622,571,463,429,392,356,329,313,297,293,276,276,273,273,262,253,242,238,231,230,227,229,229,232,238,263,280,280,282,296,297,291,296,298,279,241,218,205,181,159,146,127,108,97,87,86,81,72,65,62,53,51,44,42,33,32,25,20,12,8,3,0,0,0,0,0,0,0,0,0,0,0,0,0,0,0,0,0,0
BKGu_DIS_WB>EHMu_DIS_WB@DIS,District,WB,9,514,BKGu,Barking,566,EHMu,East Ham,"33,633","5,682","12,570","8,881","4,494","1,585",420,121,233,390,641,830,"1,012","1,131","1,323","1,261","1,309","1,319","1,387","1,196","1,203","1,072",998,796,769,677,584,507,495,457,433,414,393,384,362,354,344,353,344,337,325,328,320,316,307,311,314,335,360,376,411,403,405,402,427,408,434,418,395,345,325,281,251,226,202,168,150,132,119,115,111,101,95,86,82,71,68,61,57,48,44,31,23,11,5,1,0,0,0,0,0,0,0,0,0,0,0,0,0,0,0,0,0
EHMu_DIS_WB>UPKu_DIS_WB@DIS,District,WB,10,566,EHMu,East Ham,739,UPKu,Upton Park,"42,126","6,762","15,816","11,540","5,467","2,010",530,128,302,507,751,"1,022","1,225","1,344","1,483","1,584","1,574","1,616","1,674","1,580","1,460","1,372","1,242","1,080",967,882,785,699,623,603,574,550,541,524,496,465,444,450,444,431,439,442,429,412,416,413,407,392,420,453,473,507,520,518,530,537,492,511,473,417,352,332,279,265,235,205,184,165,152,148,148,142,134,124,108,103,89,80,70,55,50,36,25,13,9,2,0,0,0,0,0,0,0,0,0,0,0,0,0,0,0,0,0
UPKu_DIS_WB>PLWu_DIS_WB@DIS,District,WB,11,739,UPKu,Upton Park,676,PLWu,Plaistow,"50,712","7,892","18,829","14,112","6,578","2,595",707,148,286,522,881,"1,199","1,430","1,635","1,790","1,823","1,722","1,853","1,868","1,851","1,678","1,746","1,537","1,410","1,207","1,159",976,865,772,738,706,638,620,591,568,525,529,539,549,523,540,545,542,507,516,507,518,517,557,593,607,618,612,627,614,637,617,605,543,507,433,405,361,347,303,271,233,221,197,189,193,176,166,152,145,128,116,106,93,78,64,50,35,21,10,4,0,0,0,0,0,0,0,0,0,0,0,0,0,0,0,0,0
PLWu_DIS_WB>WHMu_DIS_WB@DIS,District,WB,12,676,PLWu,Plaistow,757,WHMu,West Ham,"54,027","7,988","20,594","15,088","6,926","2,705",725,155,304,511,861,"1,127","1,451","1,685","1,894","1,971","1,942","1,975","1,989","1,997","1,889","1,894","1,720","1,559","1,334","1,241","1,084",976,889,838,737,716,665,632,587,581,562,572,564,576,572,577,555,556,544,533,522,562,555,581,636,649,641,656,684,637,662,615,594,514,481,401,392,345,326,280,263,226,217,194,198,180,170,157,150,132,120,110,97,80,65,51,35,21,10,4,0,0,0,0,0,0,0,0,0,0,0,0,0,0,0,0,0
WHMu_DIS_WB>BBBu_DIS_WB@DIS,District,WB,13,757,WHMu,West Ham,530,BBBu,Bromley-by-Bow,"46,182","6,574","17,713","12,927","5,968","2,322",679,91,192,387,687,915,"1,237","1,453","1,614","1,639","1,693","1,733","1,759","1,768","1,720","1,597","1,472","1,283","1,124","1,002",923,789,764,696,654,627,584,561,509,494,475,489,471,484,475,489,472,473,464,471,455,489,507,506,529,556,562,542,566,577,564,507,504,469,411,353,355,314,275,237,226,185,174,170,166,159,147,137,131,118,109,100,92,78,65,49,36,20,9,3,0,0,0,0,0,0,0,0,0,0,0,0,0,0,0,0,0
BBBu_DIS_WB>BWRu_DIS_WB@DIS,District,WB,14,530,BBBu,Bromley-by-Bow,528,BWRu,Bow Road,"48,165","6,332","18,658","13,704","6,335","2,460",677,90,188,331,639,849,"1,155","1,394","1,686","1,637","1,792","1,766","1,893","1,772","1,816","1,644","1,610","1,333","1,269","1,103","1,023",891,838,709,712,658,610,590,557,523,503,517,498,510,499,515,497,499,489,500,484,496,523,533,554,600,601,601,599,596,566,542,514,493,449,398,377,338,308,264,237,209,187,172,168,160,147,138,131,118,109,100,91,73,64,49,36,21,13,4,0,0,0,0,0,0,0,0,0,0,0,0,0,0,0,0,0
BWRu_DIS_WB>MLEu_DIS_WB@DIS,District,WB,15,528,BWRu,Bow Road,642,MLEu,Mile End,"50,725","6,282","19,857","14,543","6,703","2,624",716,91,146,336,571,863,"1,174","1,463","1,636","1,765","1,763","1,773","1,906","1,897","1,904","1,869","1,811","1,531","1,390","1,171","1,077",891,843,794,749,659,688,642,590,596,565,528,541,537,523,525,546,531,517,509,532,528,531,566,610,607,617,628,635,630,611,590,576,527,464,427,390,359,311,293,264,230,183,181,175,168,154,157,148,124,113,106,96,78,66,53,38,22,13,6,0,0,0,0,0,0,0,0,0,0,0,0,0,0,0,0,0
MLEu_DIS_WB>STGu_DIS_WB@DIS,District,WB,16,642,MLEu,Mile End,715,STGu,Stepney Green,"44,298","5,262","17,320","12,639","6,045","2,331",702,99,154,316,457,743,952,"1,167","1,373","1,536","1,477","1,539","1,605","1,628","1,595","1,682","1,565","1,455","1,206","1,098",934,820,725,688,643,611,569,528,521,507,483,474,485,483,471,454,467,460,446,433,451,453,466,493,506,538,522,525,538,595,552,568,534,510,419,390,354,337,272,249,228,196,167,166,161,155,142,133,125,119,106,101,94,82,65,53,39,24,11,6,2,0,0,0,0,0,0,0,0,0,0,0,0,0,0,0,0
STGu_DIS_WB>WCLu_DIS_WB@DIS,District,WB,17,715,STGu,Stepney Green,763,WCLu,Whitechapel,"46,102","5,177","17,659","13,330","6,752","2,476",708,62,154,264,459,746,934,"1,179","1,379","1,491","1,502","1,550","1,555","1,645","1,642","1,718","1,623","1,523","1,282","1,173",955,896,761,736,661,625,564,569,537,522,484,514,508,506,481,500,496,490,462,485,487,489,487,539,531,571,577,592,627,637,615,620,620,547,506,445,394,346,294,278,255,220,186,183,162,154,140,132,125,121,108,103,95,81,63,53,39,24,13,7,2,0,0,0,0,0,0,0,0,0,0,0,0,0,0,0,0
WCLu_DIS_WB>ALEu_DIS_WB@DIS,District,WB,18,763,WCLu,Whitechapel,503,ALEu,Aldgate East,"43,688","4,710","17,113","12,503","6,483","2,163",716,38,105,199,392,632,909,"1,109","1,328","1,446","1,502","1,445","1,579","1,584","1,630","1,630","1,627","1,418","1,277","1,064",911,804,717,661,637,623,560,552,532,520,468,478,478,477,442,455,456,460,429,441,445,451,434,476,506,509,527,542,581,573,605,605,616,562,526,452,385,318,255,214,195,174,161,158,155,147,135,128,122,116,109,103,93,82,66,53,40,27,15,9,3,0,0,0,0,0,0,0,0,0,0,0,0,0,0,0,0
ALEu_DIS_WB>THLu_DIS_WB@DIS,District,WB,19,503,ALEu,Aldgate East,731,THLu,Tower Hill,"49,828","4,444","17,514","15,083","8,813","3,085",890,38,102,193,337,615,837,"1,019","1,304","1,417","1,442","1,425","1,571","1,531","1,647","1,657","1,689","1,517","1,383","1,164","1,071",941,882,824,812,717,702,654,630,592,583,565,567,543,553,547,552,535,545,538,546,531,559,560,604,646,697,750,818,841,859,877,815,762,686,581,482,430,349,310,285,254,238,239,221,210,198,182,169,156,143,132,115,99,79,61,46,30,17,9,4,0,0,0,0,0,0,0,0,0,0,0,0,0,0,0,0
THLu_DIS_WB>BNKu_DIS_WB@DIS,District,WB,20,731,THLu,Tower Hill,513,BNKu,Bank and Monument,"57,969","4,419","19,667","17,734","11,045","3,938","1,166",40,109,172,300,564,824,"1,092","1,317","1,537","1,610","1,644","1,660","1,844","1,840","1,911","1,826","1,777","1,496","1,367","1,155","1,082",952,922,875,820,783,742,727,689,681,669,679,656,656,648,666,649,656,652,680,663,700,733,752,798,861,960,981,"1,057","1,039","1,092",992,977,857,794,635,573,451,421,367,336,293,297,275,256,239,220,208,197,183,171,155,134,104,82,60,39,22,14,4,0,0,0,0,0,0,0,0,0,0,0,0,0,0,0,0
BNKu_DIS_WB>CSTu_DIS_WB@DIS,District,WB,21,513,BNKu,Bank and Monument,536,CSTu,Cannon Street LU,"60,118","4,063","18,777","18,341","13,094","4,598","1,245",39,73,162,286,530,712,"1,040","1,222","1,430","1,440","1,607","1,595","1,697","1,764","1,853","1,715","1,665","1,493","1,334","1,183","1,108",982,937,864,817,790,752,746,712,705,691,702,676,680,674,695,678,690,688,721,708,722,788,814,870,930,"1,047","1,141","1,218","1,263","1,352","1,286","1,164","1,089",969,767,694,594,511,435,408,346,323,297,276,256,235,222,207,194,180,164,142,112,85,67,43,26,17,9,0,0,0,0,0,0,0,0,0,0,0,0,0,0,0,0
CSTu_DIS_WB>MANu_DIS_WB@DIS,District,WB,22,536,CSTu,Cannon Street LU,639,MANu,Mansion House,"63,161","3,983","19,346","18,969","14,428","5,102","1,334",39,71,160,280,538,711,992,"1,192","1,416","1,475","1,614","1,655","1,839","1,899","1,927","1,831","1,731","1,497","1,304","1,157","1,121","1,030",966,902,881,801,789,745,764,717,727,698,727,690,709,692,732,704,731,721,767,724,805,825,918,988,"1,107","1,217","1,363","1,433","1,449","1,443","1,359","1,198","1,046",906,807,645,581,497,447,373,360,315,307,273,262,236,229,204,196,171,153,117,93,68,47,27,18,9,2,0,0,0,0,0,0,0,0,0,0,0,0,0,0,0
MANu_DIS_WB>BLFu_DIS_WB@DIS,District,WB,23,639,MANu,Mansion House,521,BLFu,Blackfriars LU,"66,483","3,866","18,922","19,561","16,707","5,960","1,466",38,71,121,273,480,697,976,"1,210","1,399","1,502","1,591","1,623","1,715","1,775","1,812","1,727","1,683","1,541","1,351","1,202","1,162","1,027",970,908,892,812,807,765,788,739,754,722,751,711,737,718,763,734,771,761,812,773,827,859,953,"1,046","1,241","1,426","1,536","1,678","1,686","1,699","1,557","1,485","1,262","1,140",929,807,660,597,516,451,412,378,346,306,294,263,256,226,217,188,163,126,101,72,50,34,20,9,2,0,0,0,0,0,0,0,0,0,0,0,0,0,0,0
BLFu_DIS_WB>TEMu_DIS_WB@DIS,District,WB,24,521,BLFu,Blackfriars LU,724,TEMu,Temple,"72,186","3,390","19,772","20,897","19,482","6,927","1,717",0,52,102,203,390,640,885,"1,117","1,378","1,577","1,632","1,769","1,803","1,932","1,848","1,861","1,718","1,659","1,350","1,246","1,148","1,035",970,945,933,869,861,818,834,801,809,782,798,770,786,769,803,794,827,825,878,874,960,"1,008","1,123","1,235","1,368","1,567","1,777","1,873","1,908","2,004","1,905","1,747","1,561","1,415","1,163",937,764,682,576,504,470,433,398,358,336,306,290,260,246,218,193,154,123,90,66,39,24,11,3,0,0,0,0,0,0,0,0,0,0,0,0,0,0,0
TEMu_DIS_WB>EMBu_DIS_WB@DIS,District,WB,25,724,TEMu,Temple,542,EMBu,Embankment,"73,794","3,205","17,990","20,674","21,644","8,250","2,030",0,26,81,200,380,618,818,"1,083","1,290","1,426","1,479","1,641","1,693","1,733","1,692","1,687","1,554","1,415","1,215","1,165","1,063",989,898,917,844,822,772,807,767,778,751,797,762,778,758,812,790,831,824,902,896,955,"1,011","1,151","1,183","1,339","1,543","1,692","1,897","2,127","2,201","2,234","2,178","1,984","1,726","1,542","1,266","1,107",897,836,703,635,548,550,461,450,403,394,348,330,288,263,214,182,138,106,72,45,27,13,3,0,0,0,0,0,0,0,0,0,0,0,0,0,0,0
EMBu_DIS_WB>WMSu_DIS_WB@DIS,District,WB,26,542,EMBu,Embankment,761,WMSu,Westminster,"75,494","2,917","19,495","20,602","20,482","9,191","2,807",0,23,78,190,324,582,734,987,"1,204","1,426","1,509","1,783","1,927","2,044","1,981","1,939","1,753","1,503","1,260","1,167","1,095","1,019",967,947,902,833,777,800,754,762,739,781,752,772,756,808,788,824,823,895,883,934,930,"1,063","1,139","1,230","1,389","1,579","1,749","1,910","2,118","2,123","2,076","1,933","1,751","1,485","1,294","1,146",967,867,765,712,644,624,545,558,521,549,503,483,418,378,281,230,167,129,89,58,36,24,10,0,0,0,0,0,0,0,0,0,0,0,0,0,0,0
WMSu_DIS_WB>SJPu_DIS_WB@DIS,District,WB,27,761,WMSu,Westminster,695,SJPu,St. James's Park,"83,178","2,922","20,884","21,944","23,439","10,714","3,274",0,25,80,152,333,542,762,"1,028","1,296","1,513","1,676","1,840","2,100","2,153","2,145","2,033","1,943","1,581","1,395","1,209","1,144","1,028",971,950,912,894,833,847,817,826,788,830,807,822,796,850,838,884,884,963,967,"1,032","1,085","1,175","1,297","1,381","1,563","1,801","2,073","2,158","2,413","2,411","2,382","2,155","2,045","1,759","1,604","1,312","1,196","1,028",912,793,744,682,632,626,586,598,561,542,477,434,337,274,206,160,113,79,49,29,12,0,0,0,0,0,0,0,0,0,0,0,0,0,0,0
SJPu_DIS_WB>VICu_DIS_WB@DIS,District,WB,28,695,SJPu,St. James's Park,741,VICu,Victoria LU,"81,211","2,531","17,637","21,619","24,875","11,166","3,383",0,24,77,145,272,457,690,866,"1,158","1,311","1,515","1,549","1,798","1,768","1,815","1,654","1,602","1,309","1,161",997,987,895,899,871,897,822,852,811,842,792,821,793,830,780,825,816,870,848,935,948,"1,036","1,037","1,196","1,216","1,395","1,504","1,752","1,954","2,189","2,373","2,481","2,476","2,445","2,298","2,085","1,922","1,697","1,397","1,256","1,075",939,832,790,704,676,605,622,573,590,528,509,425,369,278,226,157,125,80,50,29,18,0,0,0,0,0,0,0,0,0,0,0,0,0,0,0
VICu_DIS_WB>SSQu_DIS_WB@DIS,District,WB,29,741,VICu,Victoria LU,702,SSQu,Sloane Square,"96,067","2,660","24,962","26,754","25,408","12,437","3,846",0,23,73,122,291,450,711,990,"1,406","1,636","2,038","2,294","2,681","2,693","2,678","2,492","2,252","1,824","1,562","1,405","1,358","1,251","1,227","1,213","1,233","1,102","1,140","1,055","1,094","1,027","1,039",988,"1,038",951,997,983,"1,039","1,004","1,103","1,092","1,173","1,105","1,250","1,293","1,466","1,549","1,749","1,913","2,072","2,253","2,374","2,561","2,591","2,485","2,300","2,096","1,853","1,531","1,396","1,168","1,114",935,893,794,786,665,672,629,646,584,577,493,424,320,263,186,147,91,62,34,18,0,0,0,0,0,0,0,0,0,0,0,0,0,0,0
SSQu_DIS_WB>SKNu_DIS_WB@DIS,District,WB,30,702,SSQu,Sloane Square,708,SKNu,South Kensington,"89,841","2,266","21,873","25,164","24,497","12,078","3,962",0,23,44,112,221,395,577,893,"1,166","1,464","1,697","2,063","2,248","2,363","2,311","2,253","1,927","1,673","1,417","1,292","1,180","1,131","1,095","1,090","1,083","1,039","1,049",993,"1,014",967,965,933,967,915,938,933,988,966,"1,044","1,056","1,137","1,125","1,225","1,330","1,426","1,504","1,629","1,827","1,995","2,155","2,345","2,536","2,482","2,377","2,216","2,004","1,732","1,541","1,301","1,185","1,034",918,832,790,743,684,675,644,647,599,576,506,438,345,269,199,155,100,62,44,24,0,0,0,0,0,0,0,0,0,0,0,0,0,0,0
SKNu_DIS_WB>GRDu_DIS_WB@DIS,District,WB,31,708,SKNu,South Kensington,583,GRDu,Gloucester Road,"76,666","1,770","16,237","18,988","23,341","12,313","4,017",0,22,40,98,167,324,440,679,877,"1,124","1,274","1,567","1,693","1,782","1,740","1,685","1,420","1,217",994,863,742,726,651,675,645,666,629,677,655,708,675,736,714,760,731,807,798,870,868,964,957,"1,049","1,068","1,219","1,284","1,441","1,564","1,758","1,907","2,019","2,193","2,358","2,344","2,302","2,178","1,993","1,697","1,542","1,290","1,209","1,050",988,867,852,763,728,651,676,623,623,555,531,428,367,273,219,152,109,63,44,24,6,0,0,0,0,0,0,0,0,0,0,0,0,0,0
GRDu_DIS_WB>ECTu_DIS_WB@DIS,District,WB,32,583,GRDu,Gloucester Road,562,ECTu,Earl's Court,"72,456","1,456","14,948","16,842","23,179","12,170","3,861",0,21,38,70,132,263,366,566,752,983,"1,192","1,391","1,596","1,634","1,656","1,518","1,373","1,102",974,778,692,639,579,573,561,569,540,585,579,609,596,646,635,670,649,705,706,763,761,853,862,942,983,"1,149","1,225","1,377","1,543","1,713","1,878","2,084","2,204","2,333","2,355","2,324","2,137","2,006","1,777","1,573","1,331","1,231","1,060",933,849,792,699,684,618,624,586,577,519,497,410,354,273,223,159,120,66,46,23,6,0,0,0,0,0,0,0,0,0,0,0,0,0,0
ERDu_DIS_WB>PADu_DIS_WB@DIS,District,WB,33,569,ERDu,Edgware Road (DIS),670,PADu,Paddington TfL,"4,656",59,994,"1,243","1,599",585,176,0,0,1,4,7,10,12,25,34,42,75,87,119,115,125,99,101,65,74,58,63,51,54,42,50,39,47,42,50,44,50,44,51,43,51,45,54,47,57,51,64,59,75,70,99,106,150,173,173,150,181,139,112,109,128,79,85,72,77,51,54,42,45,35,39,29,32,25,27,21,24,19,20,15,16,12,9,6,5,2,0,0,0,0,0,0,0,0,0,0,0,0,0,0,0,0
PADu_DIS_WB>BAYu_DIS_WB@DIS,District,WB,34,670,PADu,Paddington TfL,517,BAYu,Bayswater,"10,288",176,"2,592","3,038","2,815","1,282",385,0,0,3,8,21,27,50,68,110,128,204,231,309,291,314,258,254,171,180,142,155,122,138,113,133,105,128,110,134,113,132,109,129,104,125,107,130,109,136,118,147,134,162,144,193,186,242,226,278,242,294,248,271,215,243,178,179,148,158,115,117,92,99,79,87,68,78,60,67,51,57,44,42,30,31,21,16,12,9,3,0,0,0,0,0,0,0,0,0,0,0,0,0,0,0,0
BAYu_DIS_WB>NHGu_DIS_WB@DIS,District,WB,35,517,BAYu,Bayswater,663,NHGu,Notting Hill Gate,"10,669",179,"2,733","3,217","2,808","1,346",386,0,0,3,8,21,27,50,70,114,134,166,243,277,308,332,323,250,235,195,155,168,154,149,123,143,114,135,116,140,118,137,114,135,111,132,114,136,114,140,122,149,136,167,150,167,192,247,227,276,272,290,247,271,221,212,186,169,153,148,154,119,110,100,95,88,71,79,60,65,51,57,45,42,31,31,21,16,13,10,4,0,0,0,0,0,0,0,0,0,0,0,0,0,0,0,0
NHGu_DIS_WB>HSTu_DIS_WB@DIS,District,WB,36,663,NHGu,Notting Hill Gate,605,HSTu,High Street Kensington,"13,601",243,"3,651","3,863","3,584","1,728",533,0,0,3,12,19,43,58,108,122,200,222,343,376,460,418,441,340,301,215,212,168,173,147,163,144,156,137,158,142,159,143,159,142,162,145,164,151,167,152,176,163,195,183,214,211,266,246,307,294,336,291,375,319,340,280,318,221,229,184,192,132,138,113,121,102,109,92,95,78,80,66,70,54,50,38,37,21,18,12,8,0,0,0,0,0,0,0,0,0,0,0,0,0,0,0,0
HSTu_DIS_WB>ECTu_DIS_WB@DIS,District,WB,37,605,HSTu,High Street Kensington,562,ECTu,Earl's Court,"12,969",214,"3,078","3,619","3,547","1,963",548,2,5,10,16,23,30,47,82,101,168,199,237,339,367,365,351,346,237,204,163,157,138,123,138,125,140,128,147,134,149,137,151,137,153,140,160,148,165,155,179,167,167,192,188,214,223,282,302,315,285,337,321,322,319,336,292,280,240,230,191,184,155,128,130,125,110,95,95,79,81,68,71,55,50,38,38,22,20,14,10,1,0,0,0,0,0,0,0,0,0,0,0,0,0,0,0
ECTu_DIS_WB>OLYu_DIS_WB@DIS,District,WB,38,562,ECTu,Earl's Court,618,OLYu,Kensington (Olympia),8,0,0,0,0,8,0,0,0,0,0,0,0,0,0,0,0,0,0,0,0,0,0,0,0,0,0,0,0,0,0,0,0,0,0,0,0,0,0,0,0,0,0,0,0,0,0,0,0,0,0,0,0,0,0,0,0,0,0,0,0,0,0,0,1,1,2,2,2,1,1,0,0,0,0,0,0,0,0,0,0,0,0,0,0,0,0,0,0,0,0,0,0,0,0,0,0,0,0,0,0,0,0
ECTu_DIS_WB>WBTu_DIS_WB@DIS,District,WB,39,562,ECTu,Earl's Court,755,WBTu,West Brompton,"50,872",860,"12,358","11,641","15,532","8,010","2,471",0,2,14,33,78,139,250,344,505,651,855,"1,043","1,306","1,443","1,503","1,399","1,249",999,787,619,564,495,457,425,431,402,402,398,421,413,428,428,460,453,467,467,501,486,512,524,569,568,634,734,823,882,"1,002","1,138","1,243","1,325","1,455","1,571","1,618","1,561","1,515","1,399","1,242","1,040",907,792,729,593,575,498,471,392,415,357,391,355,345,306,284,224,184,135,106,65,37,22,14,1,0,0,0,0,0,0,0,0,0,0,0,0,0,0
WBTu_DIS_WB>FBYu_DIS_WB@DIS,District,WB,40,755,WBTu,West Brompton,581,FBYu,Fulham Broadway,"46,274",726,"10,498","10,528","14,787","7,485","2,251",1,3,14,32,67,122,193,294,437,556,733,907,"1,120","1,220","1,272","1,176","1,056",835,662,525,479,426,391,367,378,357,358,360,382,375,390,390,420,416,430,429,462,452,477,488,530,537,600,633,735,860,968,"1,081","1,170","1,317","1,379","1,475","1,526","1,556","1,420","1,300","1,165",983,845,737,661,558,512,461,441,389,383,350,358,324,314,276,257,205,160,123,98,60,34,28,13,1,0,0,0,0,0,0,0,0,0,0,0,0,0,0
FBYu_DIS_WB>PGRu_DIS_WB@DIS,District,WB,41,581,FBYu,Fulham Broadway,672,PGRu,Parsons Green,"39,193",623,"8,457","8,755","12,687","6,707","1,965",1,3,8,30,54,94,171,263,327,479,571,699,829,998,978,967,889,739,529,451,396,324,300,308,294,283,287,292,311,307,320,322,343,344,363,365,390,384,402,406,453,468,529,565,658,720,807,965,"1,039","1,091","1,184","1,263","1,253","1,301","1,248","1,157","1,038",917,773,686,602,522,436,393,375,334,329,303,310,282,273,240,223,166,141,108,86,54,44,25,12,1,0,0,0,0,0,0,0,0,0,0,0,0,0,0
PGRu_DIS_WB>PUTu_DIS_WB@DIS,District,WB,42,672,PGRu,Parsons Green,678,PUTu,Putney Bridge,"33,379",531,"7,427","7,540","10,817","5,365","1,699",1,3,9,24,43,90,141,220,309,423,519,657,771,834,876,837,731,605,494,370,319,286,254,250,250,246,244,259,266,272,273,289,293,302,308,326,329,338,337,353,378,414,447,509,579,675,739,831,871,920,940,"1,052","1,088","1,075","1,056",990,832,704,633,534,459,405,359,331,304,283,262,258,246,239,223,211,187,157,127,104,76,54,37,22,10,5,0,0,0,0,0,0,0,0,0,0,0,0,0,0
PUTu_DIS_WB>EPYu_DIS_WB@DIS,District,WB,43,678,PUTu,Putney Bridge,567,EPYu,East Putney,"27,814",472,"6,437","6,085","9,041","4,484","1,294",2,3,9,24,41,69,128,196,262,350,459,559,673,763,771,723,653,517,390,317,271,219,199,196,195,191,190,204,210,217,222,236,240,245,247,260,261,267,269,286,310,344,376,430,495,547,597,675,751,789,834,894,911,896,851,800,703,623,524,468,397,350,290,266,240,221,203,199,188,181,168,159,141,119,98,77,59,41,28,17,12,4,1,0,0,0,0,0,0,0,0,0,0,0,0,0
EPYu_DIS_WB>SFSu_DIS_WB@DIS,District,WB,44,567,EPYu,East Putney,705,SFSu,Southfields,"21,745",437,"6,028","4,948","6,535","2,984",812,3,5,10,20,43,63,114,180,264,341,454,569,674,698,706,674,567,437,359,285,221,194,177,172,170,165,165,173,179,183,189,196,200,201,204,207,209,208,213,218,233,254,278,339,370,410,481,544,542,587,611,604,610,624,605,549,511,426,358,295,272,214,195,171,157,138,128,119,116,109,102,93,87,76,64,51,43,29,19,11,8,2,1,0,0,0,0,0,0,0,0,0,0,0,0,0
SFSu_DIS_WB>WMPu_DIS_WB@DIS,District,WB,45,705,SFSu,Southfields,768,WMPu,Wimbledon Park,"17,875",451,"6,313","4,393","4,529","1,775",414,5,7,13,21,43,72,124,167,247,329,441,568,694,776,761,716,621,491,361,309,249,196,181,173,167,158,157,162,165,167,171,177,177,174,174,174,172,169,170,186,193,206,224,250,259,314,346,384,418,440,424,427,420,395,365,338,301,262,222,196,166,138,111,95,84,72,66,61,60,55,51,47,45,37,32,27,22,14,11,7,4,1,0,0,0,0,0,0,0,0,0,0,0,0,0,0
WMPu_DIS_WB>WIMu_DIS_WB@DIS,District,WB,46,768,WMPu,Wimbledon Park,767,WIMu,Wimbledon,"17,050",446,"6,532","4,308","3,980","1,477",306,5,6,10,25,48,69,111,174,216,307,469,616,680,810,832,745,618,543,395,302,240,217,194,184,173,167,158,160,164,169,168,174,173,174,168,169,164,164,159,171,179,191,201,228,259,290,314,344,363,371,364,364,363,348,310,290,257,222,185,164,137,118,92,79,66,59,50,48,44,42,36,35,31,28,24,21,16,12,7,5,3,2,0,0,0,0,0,0,0,0,0,0,0,0,0,0
ECTu_DIS_WB>WKNu_DIS_WB@DIS,District,WB,47,562,ECTu,Earl's Court,760,WKNu,West Kensington,"36,983",690,"7,180","9,371","11,583","6,125","2,035",8,9,26,41,65,106,181,253,372,436,516,619,775,757,805,791,699,532,479,399,346,318,298,290,304,303,312,321,341,337,349,352,368,368,377,382,414,416,438,461,508,539,609,621,693,719,706,826,914,967,"1,049","1,255","1,129","1,183","1,118","1,025",828,777,648,570,538,492,467,410,395,352,332,316,310,291,271,247,218,174,148,114,91,67,51,29,20,5,0,0,0,0,0,0,0,0,0,0,0,0,0,0
WKNu_DIS_WB>BCTu_DIS_WB@DIS,District,WB,48,760,WKNu,West Kensington,516,BCTu,Barons Court,"34,167",582,"6,922","8,734","10,598","5,507","1,824",9,10,25,42,51,86,146,211,304,424,508,623,721,784,784,755,657,551,444,366,331,308,283,284,280,285,288,314,303,326,323,338,331,356,345,363,371,387,394,428,450,500,551,595,619,685,704,773,879,962,"1,002","1,065","1,075",998,961,876,791,697,623,549,490,443,382,359,314,309,279,273,259,256,231,216,191,166,135,112,86,68,45,32,18,9,0,0,0,0,0,0,0,0,0,0,0,0,0,0
BCTu_DIS_WB>HMDu_DIS_WB@DIS,District,WB,49,516,BCTu,Barons Court,593,HMDu,Hammersmith (DIS),"32,807",531,"6,770","8,090","10,456","5,214","1,747",4,11,27,41,52,86,126,185,274,386,484,622,723,802,764,753,640,532,413,376,313,292,266,260,256,258,260,283,276,298,294,308,304,324,312,328,332,348,359,395,425,484,532,583,612,677,693,764,815,955,996,"1,052","1,069","1,040",935,847,768,666,573,523,464,411,358,353,294,285,263,255,243,238,221,208,187,162,131,109,83,65,43,30,18,9,0,0,0,0,0,0,0,0,0,0,0,0,0,0
HMDu_DIS_WB>RCPu_DIS_WB@DIS,District,WB,50,593,HMDu,Hammersmith (DIS),682,RCPu,Ravenscourt Park,"29,661",407,"5,200","7,658","9,606","5,153","1,637",3,10,21,34,41,65,94,139,182,251,339,434,525,642,636,583,541,445,317,305,289,269,260,274,258,270,249,272,263,283,280,298,292,308,297,319,316,331,343,378,389,435,469,517,556,589,641,700,809,831,917,939,973,906,896,849,747,661,578,522,440,427,365,335,300,274,253,250,233,224,210,197,169,147,124,102,75,61,43,29,16,8,1,0,0,0,0,0,0,0,0,0,0,0,0,0
RCPu_DIS_WB>STBu_DIS_WB@DIS,District,WB,51,682,RCPu,Ravenscourt Park,713,STBu,Stamford Brook,"27,398",334,"4,425","7,106","9,291","4,700","1,542",3,10,21,33,39,52,76,101,163,221,303,369,453,469,518,474,460,384,336,276,265,220,232,231,233,232,254,242,266,253,277,268,291,277,295,287,308,298,330,337,368,393,455,495,548,616,674,708,757,828,867,883,915,903,835,757,692,596,535,461,420,372,338,287,286,250,239,224,222,200,196,176,161,134,117,95,79,60,44,30,19,8,1,0,0,0,0,0,0,0,0,0,0,0,0,0
STBu_DIS_WB>TGRu_DIS_WB@DIS,District,WB,52,713,STBu,Stamford Brook,734,TGRu,Turnham Green,"25,445",336,"4,207","6,799","8,513","4,235","1,355",3,10,22,33,39,52,76,100,150,221,300,359,439,460,491,444,406,362,318,257,249,237,222,220,228,227,244,232,256,243,268,258,280,265,282,271,291,280,311,317,347,371,432,467,517,576,631,658,701,762,794,800,826,813,752,684,626,539,472,417,379,337,307,270,257,222,212,198,196,174,172,153,140,116,103,84,68,54,40,28,17,10,1,0,0,0,0,0,0,0,0,0,0,0,0,0
TGRu_DIS_WB>GUNu_DIS_WB@DIS,District,WB,53,734,TGRu,Turnham Green,591,GUNu,Gunnersbury,"14,281",142,"2,860","4,276","4,191","2,137",675,0,1,4,8,11,22,42,55,96,133,157,227,258,304,309,347,291,293,225,220,172,161,159,156,165,159,182,157,184,159,188,165,192,163,184,159,186,159,193,174,202,189,239,230,285,284,291,317,328,356,346,406,413,408,382,375,343,281,253,209,209,156,127,133,123,98,105,101,101,83,92,77,81,58,53,37,32,21,17,12,8,4,0,0,0,0,0,0,0,0,0,0,0,0,0,0
GUNu_DIS_WB>KEWu_DIS_WB@DIS,District,WB,54,591,GUNu,Gunnersbury,621,KEWu,Kew Gardens,"10,968",107,"1,819","3,568","3,366","1,634",474,0,1,1,4,10,19,25,46,59,93,107,134,173,209,196,201,206,164,145,132,138,120,125,130,137,141,139,158,140,161,141,165,143,159,136,156,134,153,136,163,144,174,160,215,195,250,239,260,265,305,287,294,356,314,315,284,292,205,197,163,150,121,110,99,79,82,65,71,61,66,56,59,50,47,32,31,22,19,12,11,6,3,0,0,0,0,0,0,0,0,0,0,0,0,0,0
KEWu_DIS_WB>RMDu_DIS_WB@DIS,District,WB,55,621,KEWu,Kew Gardens,686,RMDu,Richmond,"8,294",80,"1,536","2,576","2,605","1,187",310,0,1,2,4,8,13,22,30,53,67,96,120,160,152,182,173,169,133,127,103,88,84,86,87,90,93,92,91,107,97,113,106,123,112,122,107,120,105,118,111,128,114,141,142,175,171,218,213,240,239,255,227,227,232,203,204,184,185,143,133,106,108,76,61,62,49,41,39,43,36,38,33,35,28,23,17,18,11,9,8,7,3,3,0,0,0,0,0,0,0,0,0,0,0,0,0
TGRu_DIS_WB>CHPu_DIS_WB@DIS,District,WB,56,734,TGRu,Turnham Green,545,CHPu,Chiswick Park,"8,094",136,"1,189","1,978","2,908","1,378",505,1,7,9,12,16,25,28,37,64,74,106,116,145,125,133,101,104,75,78,69,72,63,59,59,52,46,49,59,55,65,70,73,67,79,73,86,79,93,91,112,107,138,146,186,177,186,220,225,236,258,316,276,279,274,254,208,188,179,134,137,113,125,104,101,83,82,63,68,58,63,55,52,46,44,35,38,34,25,22,17,8,5,3,0,0,0,0,0,0,0,0,0,0,0,0,0
CHPu_DIS_WB>ACTu_DIS_WB@DIS,District,WB,57,545,CHPu,Chiswick Park,500,ACTu,Acton Town,"7,607",151,"1,200","1,868","2,858","1,105",424,1,8,10,14,19,22,32,44,78,94,138,141,157,128,125,85,77,60,61,56,55,54,52,50,51,50,56,52,64,57,71,63,76,66,80,70,88,79,102,94,119,114,154,149,186,177,236,228,271,257,315,270,264,247,229,178,156,145,109,111,92,95,87,75,68,60,58,49,56,46,50,41,42,34,32,28,27,20,18,15,9,4,2,0,0,0,0,0,0,0,0,0,0,0,0,0
ACTu_DIS_WB>ECMu_PIC_WB@DIS,District,WB,58,500,ACTu,Acton Town,561,ECMu,Ealing Common,"8,376",158,"1,330","2,242","2,980","1,237",428,1,3,6,10,15,28,35,60,91,112,124,156,145,137,124,119,89,82,73,78,64,67,70,63,64,62,68,65,77,69,86,76,89,79,96,85,105,95,120,113,144,138,176,171,178,196,212,252,266,306,287,321,269,247,227,220,161,132,131,113,102,100,113,99,86,69,73,57,63,51,53,42,44,32,32,28,24,16,16,12,7,5,2,0,0,0,0,0,0,0,0,0,0,0,0,0
ECMu_PIC_WB>EBYu_DIS_WB@DIS,District,WB,59,561,ECMu,Ealing Common,560,EBYu,Ealing Broadway,"7,830",172,"1,334","2,093","2,775","1,087",369,0,4,7,7,17,33,39,65,79,116,127,158,146,148,125,120,85,83,78,69,63,65,61,67,61,59,63,71,62,74,70,81,73,85,80,91,83,101,94,118,113,145,134,178,165,203,196,264,247,284,265,293,246,225,206,181,146,118,117,99,102,87,89,86,67,65,54,57,47,50,40,42,32,32,26,28,21,18,13,10,5,3,2,0,0,0,0,0,0,0,0,0,0,0,0,0
WOAd_DLR_IB>KGVd_DLR_IB@DLR,DLR,IB,1,573,WOAd,Woolwich Arsenal,523,KGVd,King George V,"7,714",914,"1,905","2,111","1,903",705,176,21,43,78,100,134,158,177,203,224,218,238,220,179,165,147,107,110,112,96,89,89,76,72,73,74,78,82,83,84,88,86,83,81,80,80,82,86,88,92,91,102,108,116,134,148,152,172,188,182,197,191,168,153,138,111,102,95,82,77,72,65,60,54,50,44,39,35,33,29,26,24,21,19,16,14,11,8,5,3,1,0,0,0,0,0,0,0,0,0,0,0,0,0,0,0,0
KGVd_DLR_IB>LCAd_DLR_IB@DLR,DLR,IB,2,523,KGVd,King George V,533,LCAd,London City Airport,"8,819","1,013","2,463","2,395","1,972",774,200,18,40,78,105,151,182,204,234,261,254,282,280,249,235,215,164,151,141,120,112,108,95,85,88,86,90,93,97,94,100,96,94,89,90,88,95,97,101,106,113,113,120,122,137,144,152,174,193,187,200,204,177,164,150,119,108,100,85,79,78,66,65,60,58,52,48,43,40,34,31,27,24,20,18,14,12,8,5,3,2,0,0,0,0,0,0,0,0,0,0,0,0,0,0,0,0
LCAd_DLR_IB>PDKd_DLR_IB@DLR,DLR,IB,3,533,LCAd,London City Airport,538,PDKd,Pontoon Dock,"13,207","1,297","3,360","4,173","3,096",992,288,15,47,82,141,185,248,276,303,340,352,345,360,350,295,288,256,212,201,193,169,163,164,149,147,146,156,158,165,165,164,158,152,147,150,155,161,171,180,192,205,216,221,244,245,270,275,287,306,313,291,303,281,230,214,187,140,132,118,104,91,90,79,77,66,67,60,57,50,47,41,39,33,30,25,22,17,14,9,6,3,2,0,0,0,0,0,0,0,0,0,0,0,0,0,0,0
PDKd_DLR_IB>WSId_DLR_IB@DLR,DLR,IB,4,538,PDKd,Pontoon Dock,559,WSId,West Silvertown,"15,835","1,441","4,362","4,910","3,554","1,230",338,19,56,98,151,214,265,289,349,375,389,442,462,427,438,409,338,314,295,246,227,217,198,185,182,181,190,192,197,195,194,188,180,175,177,178,184,193,202,217,236,248,255,266,283,283,290,327,338,334,356,350,310,296,259,215,195,177,145,136,123,106,95,92,85,79,70,65,57,52,46,45,39,35,31,27,21,17,11,7,4,2,0,0,0,0,0,0,0,0,0,0,0,0,0,0,0
WSId_DLR_IB>CNTu_DLRi_IB@DLR,DLR,IB,5,559,WSId,West Silvertown,884,CNTu,Canning Town (Stratford),"9,226",722,"2,513","2,784","2,166",787,255,0,8,35,75,94,143,185,182,204,255,235,256,283,242,215,223,167,147,158,128,116,115,106,89,105,94,113,106,117,101,116,97,108,96,112,101,124,109,136,126,152,133,165,144,170,172,179,190,222,197,199,217,177,156,160,127,110,105,92,73,74,56,61,49,52,40,43,33,36,29,33,28,30,25,24,18,15,8,5,2,1,0,0,0,0,0,0,0,0,0,0,0,0,0,0,0
WSId_DLR_IB>CNTu_DLRc_IB@DLR,DLR,IB,5,559,WSId,West Silvertown,884,CNTu,Canning Town,"9,521",840,"2,921","2,944","1,954",678,184,22,43,74,94,119,153,156,179,225,225,255,306,290,290,309,256,221,221,172,150,142,137,114,126,106,125,109,122,109,124,104,115,99,113,99,117,102,126,116,145,133,159,143,161,157,163,170,198,185,186,202,172,150,147,119,105,98,84,69,71,52,56,48,51,41,41,33,34,27,28,23,23,17,17,14,12,9,7,4,3,1,0,0,0,0,0,0,0,0,0,0,0,0,0,0,0
BECd_DLR_IB>GARd_DLR_IB@DLR,DLR,IB,6,895,BECd,Beckton,894,GARd,Gallions Reach,"2,591",347,767,770,442,215,49,10,17,22,44,57,56,67,74,60,66,78,65,76,84,69,63,69,50,45,42,38,27,31,23,27,22,29,24,29,25,31,25,31,27,33,29,34,28,35,32,45,41,53,51,49,45,51,40,40,43,33,31,33,26,26,26,23,19,24,20,23,18,22,16,16,12,13,9,10,8,8,5,5,4,4,2,2,1,1,0,0,0,0,0,0,0,0,0,0,0,0,0,0,0,0,0
GARd_DLR_IB>CYPd_DLR_IB@DLR,DLR,IB,7,894,GARd,Gallions Reach,893,CYPd,Cyprus,"4,967",514,"1,659","1,374",903,406,111,16,21,37,65,71,85,110,108,115,145,143,171,199,179,170,167,117,96,88,71,57,63,47,55,43,51,41,54,44,54,46,57,46,57,48,62,53,63,52,69,59,78,86,89,90,103,86,83,91,75,70,76,60,56,62,52,41,46,37,38,35,40,32,37,26,27,21,26,18,20,16,17,10,10,7,6,3,2,1,1,0,0,0,0,0,0,0,0,0,0,0,0,0,0,0,0
CYPd_DLR_IB>BEPd_DLR_IB@DLR,DLR,IB,8,893,CYPd,Cyprus,891,BEPd,Beckton Park,"8,765",600,"1,999","3,088","2,099",823,155,18,25,43,74,84,101,128,127,136,170,175,209,240,220,208,199,139,115,103,86,70,83,67,85,72,92,79,106,90,116,101,132,108,134,115,142,113,149,137,192,187,229,240,249,234,247,237,222,221,184,166,146,113,107,117,106,89,96,79,76,67,80,67,77,56,55,38,41,26,28,21,22,14,14,10,9,5,4,2,1,0,0,0,0,0,0,0,0,0,0,0,0,0,0,0,0
BEPd_DLR_IB>ROAd_DLR_IB@DLR,DLR,IB,9,891,BEPd,Beckton Park,890,ROAd,Royal Albert,"9,406",698,"2,288","3,202","2,178",882,158,12,30,54,69,106,136,135,157,187,167,202,259,236,245,263,209,156,158,114,94,87,90,74,92,78,98,85,112,95,120,106,137,113,140,121,147,119,154,142,197,193,234,213,256,242,228,244,264,212,191,199,138,119,128,104,109,107,99,82,96,70,82,69,79,58,57,40,43,27,28,21,23,14,14,10,9,5,4,2,1,0,0,0,0,0,0,0,0,0,0,0,0,0,0,0,0
ROAd_DLR_IB>PRRd_DLR_IB@DLR,DLR,IB,10,890,ROAd,Royal Albert,888,PRRd,Prince Regent,"11,120",888,"2,738","3,678","2,576","1,030",211,15,36,65,88,140,170,175,200,230,210,248,307,284,291,309,248,189,173,142,106,114,101,115,98,114,97,119,108,131,116,143,129,153,132,160,140,160,134,185,177,237,258,275,283,313,261,280,301,249,225,234,170,147,154,130,112,129,107,101,96,104,83,92,79,81,59,58,42,42,31,32,25,25,16,15,10,8,4,3,1,0,0,0,0,0,0,0,0,0,0,0,0,0,0,0,0
PRRd_DLR_IB>CUHd_DLR_IB@DLR,DLR,IB,11,888,PRRd,Prince Regent,887,CUHd,Custom House,"12,403",970,"3,055","4,068","2,897","1,171",241,18,42,56,101,157,162,196,240,219,234,298,280,307,350,306,273,265,199,167,158,136,122,135,118,133,115,137,125,146,131,158,143,166,145,173,152,172,147,197,190,258,251,303,315,309,289,338,298,276,289,239,197,202,159,150,152,143,121,131,108,116,93,102,88,90,66,65,48,47,35,36,28,28,19,17,12,10,4,3,1,0,0,0,0,0,0,0,0,0,0,0,0,0,0,0,0
CUHd_DLR_IB>ROVd_DLR_IB@DLR,DLR,IB,12,887,CUHd,Custom House,886,ROVd,Royal Victoria,"12,962",877,"3,094","4,028","3,090","1,495",377,17,27,55,94,122,157,203,202,223,263,249,277,327,299,293,308,262,209,213,172,152,131,139,124,134,118,137,128,144,132,154,142,163,145,170,154,173,151,194,190,249,247,292,267,301,286,282,295,316,270,259,271,214,199,213,183,176,172,162,141,144,117,125,109,108,86,86,69,63,51,52,43,42,34,30,23,18,10,7,3,1,0,0,0,0,0,0,0,0,0,0,0,0,0,0,0
ROVd_DLR_IB>CNTu_DLRi_IB@DLR,DLR,IB,13,886,ROVd,Royal Victoria,884,CNTu,Canning Town (Stratford),0,0,0,0,0,0,0,0,0,0,0,0,0,0,0,0,0,0,0,0,0,0,0,0,0,0,0,0,0,0,0,0,0,0,0,0,0,0,0,0,0,0,0,0,0,0,0,0,0,0,0,0,0,0,0,0,0,0,0,0,0,0,0,0,0,0,0,0,0,0,0,0,0,0,0,0,0,0,0,0,0,0,0,0,0,0,0,0,0,0,0,0,0,0,0,0,0,0,0,0,0,0,0
ROVd_DLR_IB>CNTu_DLRc_IB@DLR,DLR,IB,13,886,ROVd,Royal Victoria,884,CNTu,Canning Town,"15,391","1,023","3,802","4,744","3,633","1,734",455,13,32,65,111,142,191,235,234,264,316,302,348,410,373,373,390,304,265,246,211,167,186,148,177,148,170,147,180,155,180,163,193,170,194,175,203,179,202,188,241,229,297,321,329,339,376,325,343,369,312,302,315,248,235,253,217,188,204,167,165,150,158,132,150,115,118,90,96,67,70,53,59,45,45,33,33,21,15,8,5,1,0,0,0,0,0,0,0,0,0,0,0,0,0,0,0
CNTu_DLRi_IB>STLd_DLR_IB@DLR,DLR,IB,14,884,CNTu,Canning Town (Stratford),889,STLd,Star Lane,"8,958",739,"2,274","2,597","2,101",909,339,3,21,44,69,108,154,157,184,218,210,223,263,235,216,217,171,140,146,121,114,111,109,93,105,93,104,90,104,89,98,86,98,86,98,88,106,97,117,107,133,125,152,140,166,174,175,178,206,192,188,207,184,167,167,138,124,116,108,90,93,74,78,62,67,57,62,51,53,44,49,38,40,34,35,27,27,19,15,6,5,0,0,0,0,0,0,0,0,0,0,0,0,0,0,0,0
STLd_DLR_IB>WHMu_DLR_IB@DLR,DLR,IB,15,889,STLd,Star Lane,757,WHMu,West Ham,"9,506",715,"2,282","2,925","2,289",948,346,7,25,36,74,108,129,150,187,180,204,237,229,234,244,206,175,175,135,127,135,120,117,117,112,100,110,97,110,97,104,94,106,95,106,99,120,114,134,129,156,151,177,168,193,174,199,201,200,213,233,202,200,207,164,147,152,120,113,108,97,77,79,62,67,58,62,52,53,45,48,39,41,35,36,28,28,20,15,7,5,0,0,0,0,0,0,0,0,0,0,0,0,0,0,0,0
WHMu_DLR_IB>ABRd_DLR_IB@DLR,DLR,IB,16,757,WHMu,West Ham,750,ABRd,Abbey Road,"9,876",902,"2,604","3,011","2,090",903,366,14,24,53,99,138,156,196,221,211,235,273,259,265,278,240,204,199,157,144,137,137,120,130,109,124,104,117,102,118,97,112,99,115,102,118,108,129,122,141,134,162,151,175,184,187,188,205,183,188,205,178,171,179,143,126,135,113,93,103,86,73,70,75,60,65,56,60,50,54,48,49,40,42,32,30,24,20,12,9,4,2,0,0,0,0,0,0,0,0,0,0,0,0,0,0,0
ABRd_DLR_IB>SHSd_DLR_IB@DLR,DLR,IB,17,750,ABRd,Abbey Road,749,SHSd,Stratford High Street,"10,465",927,"2,883","3,235","2,143",937,339,16,27,57,105,132,165,211,214,231,273,268,286,317,285,264,257,201,173,177,151,149,148,141,121,135,115,128,114,128,108,122,109,124,111,127,118,136,128,147,141,169,159,185,172,194,194,190,189,214,191,185,197,168,146,150,126,117,113,107,90,89,72,75,59,61,53,55,46,50,44,44,37,38,30,28,22,20,12,9,4,1,0,0,0,0,0,0,0,0,0,0,0,0,0,0,0
SHSd_DLR_IB>SFDu_DLRi_IB@DLR,DLR,IB,18,749,SHSd,Stratford High Street,719,SFDu,Stratford,"9,659",835,"2,534","3,092","2,011",881,306,7,23,52,70,124,164,197,198,240,247,242,255,277,246,226,215,167,145,149,127,127,129,129,113,126,110,123,110,124,107,120,108,119,106,123,115,134,127,145,139,162,152,178,167,186,189,185,183,204,180,171,179,150,131,136,116,109,105,100,85,83,68,72,58,58,50,51,41,44,40,39,33,34,27,26,21,18,11,8,3,1,0,0,0,0,0,0,0,0,0,0,0,0,0,0,0
SFDu_DLRi_IB>STId_DLR_IB@DLR,DLR,IB,19,719,SFDu,Stratford,504,STId,Stratford International DLR,"5,514",271,914,"1,375","1,496",987,472,1,4,15,22,41,55,63,71,87,81,89,101,97,91,91,75,61,56,43,42,43,46,43,51,45,52,45,53,48,56,48,59,53,61,53,61,53,66,59,71,65,80,73,89,98,103,109,124,115,128,150,139,142,151,121,114,111,107,90,99,81,83,66,76,66,72,64,72,62,67,57,59,47,49,37,35,24,20,8,5,1,0,0,0,0,0,0,0,0,0,0,0,0,0,0,0
CNTu_DLRc_IB>EAId_DLR_IB@DLR,DLR,IB,20,884,CNTu,Canning Town,883,EAId,East India,"16,219","1,282","4,984","5,010","3,231","1,275",436,26,56,86,126,194,228,252,314,350,360,419,475,484,515,506,451,413,374,327,310,302,280,257,235,216,197,184,181,177,177,178,178,179,183,182,186,186,182,181,195,205,234,249,286,296,300,311,327,307,310,301,262,242,219,184,173,162,138,126,125,110,104,96,98,87,82,75,73,63,59,54,52,45,40,32,30,23,17,11,8,2,0,0,0,0,0,0,0,0,0,0,0,0,0,0,0
EAId_DLR_IB>BLAd_DLR_IB@DLR,DLR,IB,21,883,EAId,East India,882,BLAd,Blackwall,"15,539","1,123","4,673","4,551","3,668","1,165",358,27,47,74,121,169,189,235,262,279,327,369,410,505,519,494,488,424,317,296,245,214,192,200,163,186,152,178,149,176,152,181,155,182,157,185,161,190,163,199,179,219,230,292,296,333,370,372,362,385,363,309,300,262,208,208,195,163,140,138,105,99,85,93,75,84,63,68,54,58,42,45,37,39,29,29,23,22,14,11,6,3,0,0,0,0,0,0,0,0,0,0,0,0,0,0,0
BLAd_DLR_IB>POPd_DLRc_IB@DLR,DLR,IB,22,882,BLAd,Blackwall,858,POPd,Poplar,"15,803","1,040","4,841","4,674","3,694","1,198",356,21,46,71,104,161,184,207,247,277,289,371,438,493,547,556,498,448,371,298,257,232,201,196,185,182,171,172,166,170,168,173,170,175,170,177,175,181,176,185,193,222,244,274,315,336,349,377,388,370,365,335,287,262,228,198,198,173,143,136,121,97,93,90,80,79,67,63,57,54,43,42,39,36,31,28,25,22,16,10,7,3,0,0,0,0,0,0,0,0,0,0,0,0,0,0,0
POPd_DLRc_IB>WESd_DLR_IB@DLR,DLR,IB,23,858,POPd,Poplar,865,WESd,Westferry,"15,108",917,"4,632","4,487","3,522","1,186",365,18,32,62,93,132,169,196,215,256,283,323,419,482,505,534,500,415,358,308,248,228,209,191,179,175,162,161,157,159,160,165,162,164,160,164,162,168,168,180,190,225,241,268,289,325,326,343,368,363,333,322,289,244,225,203,181,172,149,133,121,108,91,86,77,72,61,59,56,52,46,45,41,37,33,29,26,22,16,10,6,2,0,0,0,0,0,0,0,0,0,0,0,0,0,0,0
LEWd_DLR_IB>ELRd_DLR_IB@DLR,DLR,IB,24,940,LEWd,Lewisham DLR,898,ELRd,Elverson Road,"9,162",626,"3,041","2,559","1,824",796,316,15,24,35,61,93,100,142,156,188,202,294,291,378,361,344,280,255,164,149,135,118,113,112,106,105,97,100,98,98,94,97,94,95,92,94,92,96,94,100,111,125,123,151,154,156,162,176,156,169,164,159,157,155,130,128,110,98,89,86,75,73,62,60,57,52,49,47,46,43,45,44,42,35,30,23,18,13,10,7,4,1,0,0,0,0,0,0,0,0,0,0,0,0,0,0,0
ELRd_DLR_IB>DEBd_DLR_IB@DLR,DLR,IB,25,898,ELRd,Elverson Road,897,DEBd,Deptford Bridge,"10,565",737,"3,637","2,944","2,015",898,334,20,31,46,69,111,120,153,188,233,232,350,371,414,429,423,322,297,230,177,158,151,131,130,124,122,114,116,114,113,110,113,110,110,107,109,107,110,108,113,124,139,140,156,171,173,166,193,186,178,185,189,162,170,155,134,123,123,99,96,90,81,69,67,63,57,53,51,48,45,46,45,44,37,32,25,20,15,11,8,5,2,0,0,0,0,0,0,0,0,0,0,0,0,0,0,0
DEBd_DLR_IB>GREd_DLR_IB@DLR,DLR,IB,26,897,DEBd,Deptford Bridge,928,GREd,Greenwich,"13,371",899,"4,489","3,822","2,606","1,147",407,24,31,59,90,132,144,201,219,256,309,386,422,522,532,501,453,390,277,232,209,177,172,170,168,159,157,155,154,152,153,150,152,153,152,145,147,143,137,140,150,162,171,198,206,215,231,237,227,248,244,223,227,219,186,182,167,147,135,128,113,107,96,87,80,71,66,61,57,55,53,51,49,47,38,34,27,21,13,11,5,3,0,0,0,0,0,0,0,0,0,0,0,0,0,0,0
GREd_DLR_IB>CUSd_DLR_IB@DLR,DLR,IB,27,928,GREd,Greenwich,879,CUSd,Cutty Sark,"14,462",958,"4,648","4,201","2,995","1,234",426,26,34,63,90,144,161,196,245,288,316,412,476,498,548,523,437,381,319,233,216,197,179,176,175,168,168,168,167,165,167,165,168,170,169,163,164,161,155,159,169,185,196,208,240,247,249,274,281,269,294,283,253,253,228,185,179,166,140,132,127,111,101,93,86,77,72,67,63,60,57,54,51,48,38,35,27,21,14,11,5,3,0,0,0,0,0,0,0,0,0,0,0,0,0,0,0
CUSd_DLR_IB>ISGd_DLR_IB@DLR,DLR,IB,28,879,CUSd,Cutty Sark,856,ISGd,Island Gardens,"20,012","1,058","5,382","5,926","4,912","2,068",666,28,39,70,100,147,187,225,262,334,382,430,550,589,594,601,545,436,370,303,249,225,202,201,199,190,194,202,206,206,217,229,237,246,255,262,272,268,266,284,288,275,319,336,348,389,416,411,461,454,431,466,441,381,386,362,314,294,272,230,210,175,158,145,135,121,116,109,103,99,95,88,81,68,60,46,40,30,26,16,12,3,2,0,0,0,0,0,0,0,0,0,0,0,0,0,0
ISGd_DLR_IB>MUDd_DLR_IB@DLR,DLR,IB,29,856,ISGd,Island Gardens,857,MUDd,Mudchute,"22,282","1,155","5,989","6,797","5,388","2,218",735,16,42,55,112,161,206,250,313,335,430,498,573,662,698,639,609,515,399,333,298,242,234,227,225,213,218,220,229,232,244,251,268,276,282,292,303,297,292,312,334,356,374,430,446,445,471,487,473,494,492,466,478,444,394,392,354,299,277,253,209,192,173,160,148,139,131,121,116,110,101,95,89,77,69,54,48,34,27,15,12,3,2,0,0,0,0,0,0,0,0,0,0,0,0,0,0
MUDd_DLR_IB>CROd_DLR_IB@DLR,DLR,IB,30,857,MUDd,Mudchute,854,CROd,Crossharbour,"23,725","1,201","6,655","7,233","5,570","2,321",746,17,45,61,107,172,220,243,336,378,436,550,664,688,771,747,654,571,492,374,332,293,258,248,245,231,235,238,249,251,264,272,288,295,301,309,319,313,307,328,349,370,389,418,464,463,463,506,520,482,511,510,472,459,436,383,366,332,288,262,238,197,176,163,151,140,133,124,118,111,103,96,90,78,70,56,48,34,27,16,12,3,2,0,0,0,0,0,0,0,0,0,0,0,0,0,0
CROd_DLR_IB>SOQd_DLR_IB@DLR,DLR,IB,31,854,CROd,Crossharbour,861,SOQd,South Quay,"26,471","1,291","7,611","8,054","6,157","2,561",797,22,39,72,123,167,242,285,342,421,515,555,759,827,841,856,818,626,549,466,379,336,317,288,284,268,269,275,285,286,296,307,323,328,332,342,351,345,339,362,384,375,426,462,473,510,540,520,571,572,533,562,557,477,471,447,397,361,336,288,261,220,197,181,166,152,142,132,124,117,109,103,97,85,76,61,52,37,28,16,11,2,1,0,0,0,0,0,0,0,0,0,0,0,0,0,0
SOQd_DLR_IB>HEQd_DLR_IB@DLR,DLR,IB,32,861,SOQd,South Quay,855,HEQd,Heron Quays,"30,140","1,360","8,478","9,103","7,361","2,901",938,23,41,76,130,180,236,305,368,416,565,649,788,945,"1,001",928,913,768,579,489,437,354,338,328,323,313,309,307,328,330,333,349,368,367,371,384,390,386,386,399,418,448,471,535,564,572,611,649,639,703,711,664,672,624,523,515,478,390,365,338,277,254,231,206,195,180,163,154,147,134,125,119,113,104,87,78,61,46,30,23,12,6,1,0,0,0,0,0,0,0,0,0,0,0,0,0,0
HEQd_DLR_IB>CAWd_DLRc_IB@DLR,DLR,IB,33,855,HEQd,Heron Quays,842,CAWd,Canary Wharf DLR,"28,242","1,088","7,414","8,286","7,456","3,042",956,22,36,68,93,143,199,241,286,380,455,525,719,817,839,864,808,636,538,458,374,340,320,295,292,283,282,280,298,299,300,312,332,332,338,354,361,355,355,369,383,411,437,463,496,543,551,587,682,713,697,738,725,623,588,545,464,433,400,345,310,284,235,209,194,178,161,150,143,131,125,120,116,107,92,82,63,47,31,23,11,6,1,0,0,0,0,0,0,0,0,0,0,0,0,0,0
HEQd_DLR_IB>CAWd_DLRs_IB@DLR,DLR,IB,33,855,HEQd,Heron Quays,842,CAWd,Canary Wharf DLR (Stratford),0,0,0,0,0,0,0,0,0,0,0,0,0,0,0,0,0,0,0,0,0,0,0,0,0,0,0,0,0,0,0,0,0,0,0,0,0,0,0,0,0,0,0,0,0,0,0,0,0,0,0,0,0,0,0,0,0,0,0,0,0,0,0,0,0,0,0,0,0,0,0,0,0,0,0,0,0,0,0,0,0,0,0,0,0,0,0,0,0,0,0,0,0,0,0,0,0,0,0,0,0,0,0
CAWd_DLRc_IB>WIQd_DLRc_IB@DLR,DLR,IB,34,842,CAWd,Canary Wharf DLR,866,WIQd,West India Quay,"26,764",870,"5,873","7,694","7,862","3,355","1,111",17,28,39,78,119,144,195,250,287,369,447,519,637,672,642,615,544,429,372,340,300,285,265,264,259,252,256,272,272,262,280,298,299,306,325,334,332,338,350,374,402,396,466,506,534,582,656,665,734,752,734,754,702,611,597,541,473,434,396,330,306,254,230,220,200,178,170,164,152,145,141,135,118,108,89,77,56,44,25,18,4,0,0,0,0,0,0,0,0,0,0,0,0,0,0,0
CAWd_DLRs_IB>WIQd_DLRs_IB@DLR,DLR,IB,34,842,CAWd,Canary Wharf DLR (Stratford),866,WIQd,West India Quay,"5,525",100,742,"1,365","2,195",829,294,1,4,5,10,14,18,22,26,27,37,49,71,96,98,90,87,66,42,40,40,32,35,35,39,38,42,43,46,44,56,56,53,56,58,55,53,61,57,69,71,80,85,100,102,108,133,153,192,236,249,241,243,204,160,147,128,109,97,92,84,77,66,66,58,47,52,45,38,39,39,32,32,29,27,24,22,19,16,8,6,2,0,0,0,0,0,0,0,0,0,0,0,0,0,0,0
WIQd_DLRc_IB>WESd_DLR_IB@DLR,DLR,IB,35,866,WIQd,West India Quay,865,WESd,Westferry,"22,895",667,"5,036","6,277","6,818","3,040","1,056",1,19,29,57,90,124,146,201,237,277,374,465,524,591,599,532,471,388,305,272,256,224,224,218,212,203,210,215,219,216,224,236,245,250,261,274,276,271,280,305,320,339,371,429,449,465,539,600,612,671,696,643,618,566,492,468,427,367,342,311,265,240,219,203,186,168,161,151,140,133,130,125,119,111,92,77,56,36,19,14,3,0,0,0,0,0,0,0,0,0,0,0,0,0,0,0
WESd_DLR_IB>LIMd_DLR_IB@DLR,DLR,IB,36,865,WESd,Westferry,862,LIMd,Limehouse DLR,"36,845","1,510","10,008","10,197","9,852","4,017","1,260",11,44,78,137,210,285,334,411,485,556,690,891,"1,033","1,135","1,178","1,096",945,793,653,552,502,448,421,401,386,367,367,367,363,361,370,378,385,391,398,410,412,408,418,455,478,509,565,634,692,733,802,905,937,946,976,932,830,768,702,629,585,524,464,421,361,308,279,255,227,210,198,184,173,163,159,152,145,126,103,85,63,40,26,17,5,0,0,0,0,0,0,0,0,0,0,0,0,0,0,0
LIMd_DLR_IB>SHAd_DLR_IB@DLR,DLR,IB,37,862,LIMd,Limehouse DLR,860,SHAd,Shadwell DLR,"33,193","1,369","9,692","9,309","8,068","3,613","1,141",11,35,69,125,181,251,321,377,444,548,642,801,"1,005","1,077","1,101","1,095",955,777,674,574,492,451,409,391,376,353,352,349,344,340,350,356,361,361,364,370,367,357,363,388,407,414,478,515,546,607,657,697,773,778,749,769,705,615,606,567,513,470,435,370,330,275,251,228,208,189,178,165,158,150,148,140,134,110,94,71,55,34,25,13,8,0,0,0,0,0,0,0,0,0,0,0,0,0,0,0
SHAd_DLR_IB>TOGd_DLR_IB@DLR,DLR,IB,38,860,SHAd,Shadwell DLR,864,TOGd,Tower Gateway,"4,159",287,"1,339","1,423",783,251,75,3,9,16,28,45,50,63,74,72,75,93,91,115,143,137,138,150,120,105,100,92,73,80,67,76,63,68,56,60,49,54,46,54,50,57,54,60,51,53,46,52,45,55,63,64,64,74,68,74,83,74,70,72,52,44,45,37,28,29,24,21,20,20,17,17,14,14,12,12,10,11,8,8,5,5,4,4,3,3,1,1,0,0,0,0,0,0,0,0,0,0,0,0,0,0,0
SHAd_DLR_IB>BNKu_DLR_IB@DLR,DLR,IB,39,860,SHAd,Shadwell DLR,513,BNKu,Bank and Monument,"25,328",965,"7,041","6,784","6,336","3,146","1,056",7,16,45,80,120,186,239,272,344,404,438,581,700,733,803,818,689,592,526,412,361,331,304,279,278,250,258,249,258,244,258,254,267,255,268,263,273,257,268,275,301,308,351,372,424,459,478,544,591,577,598,616,547,527,516,458,443,413,366,322,292,237,220,197,182,166,160,147,141,133,133,127,122,108,95,71,54,35,21,10,6,0,0,0,0,0,0,0,0,0,0,0,0,0,0,0
WIQd_DLRs_IB>POPd_DLRs_IB@DLR,DLR,IB,40,866,WIQd,West India Quay,858,POPd,Poplar,"10,843",263,"1,603","3,151","3,644","1,567",617,1,11,12,29,36,47,53,72,76,102,121,143,166,175,168,164,149,126,112,100,100,93,86,98,105,93,95,115,106,104,125,131,117,134,142,130,147,151,143,146,184,173,203,229,253,253,290,306,334,352,347,351,337,297,273,251,214,187,169,155,139,122,109,111,94,87,91,88,74,79,77,63,61,61,46,46,42,31,19,14,3,0,0,0,0,0,0,0,0,0,0,0,0,0,0,0
POPd_DLRs_IB>ALSd_DLR_IB@DLR,DLR,IB,41,858,POPd,Poplar,850,ALSd,All Saints,"12,256",339,"1,987","3,743","3,937","1,594",656,4,15,18,37,45,62,69,90,98,128,151,187,216,226,220,206,174,145,124,109,102,107,100,106,121,118,113,135,133,125,136,154,139,143,159,160,152,168,177,181,229,238,259,287,310,301,328,347,368,372,368,371,344,304,277,248,211,189,170,149,146,129,116,116,106,88,86,89,78,79,80,74,64,63,54,49,44,33,20,14,3,0,0,0,0,0,0,0,0,0,0,0,0,0,0,0
ALSd_DLR_IB>LAPd_DLR_IB@DLR,DLR,IB,42,850,ALSd,All Saints,853,LAPd,Langdon Park,"12,672",369,"2,238","3,888","4,004","1,531",641,4,9,21,32,52,69,84,99,119,141,173,218,249,260,254,231,190,149,135,120,110,107,118,113,115,125,129,127,143,147,145,163,162,147,148,164,156,159,184,202,207,245,280,293,314,335,334,353,373,376,370,371,344,304,278,250,212,177,168,145,130,122,119,101,99,93,81,85,83,75,72,71,62,53,53,48,43,32,27,14,9,0,0,0,0,0,0,0,0,0,0,0,0,0,0,0
LAPd_DLR_IB>DERd_DLR_IB@DLR,DLR,IB,43,853,LAPd,Langdon Park,867,DERd,Devons Road,"12,845",329,"2,210","3,827","4,074","1,690",714,5,10,19,29,45,60,74,87,109,130,163,203,245,256,251,231,197,158,135,132,123,117,117,120,116,114,130,128,131,145,151,141,155,153,144,159,167,158,168,205,210,228,256,289,286,311,331,349,371,382,377,380,368,333,306,280,242,212,181,170,151,132,124,117,95,95,91,79,84,84,74,74,73,58,62,56,52,39,33,15,9,0,0,0,0,0,0,0,0,0,0,0,0,0,0,0
DERd_DLR_IB>BOCd_DLR_IB@DLR,DLR,IB,44,867,DERd,Devons Road,851,BOCd,Bow Church,"12,905",374,"2,512","3,931","3,942","1,514",632,5,10,21,34,50,68,85,101,124,149,186,233,279,291,287,263,221,181,157,141,142,136,122,133,137,122,137,145,136,137,155,144,143,153,157,145,166,169,166,202,224,226,252,284,278,299,319,339,359,370,366,369,356,323,296,268,228,199,168,156,137,119,109,102,81,73,77,66,65,71,70,59,64,57,55,51,51,35,30,14,8,0,0,0,0,0,0,0,0,0,0,0,0,0,0,0
BOCd_DLR_IB>PMLd_DLR_IB@DLR,DLR,IB,45,851,BOCd,Bow Church,859,PMLd,Pudding Mill Lane,"12,462",369,"2,490","3,780","3,797","1,443",583,4,8,17,32,49,67,87,105,127,150,185,231,272,283,281,259,219,181,159,142,129,132,121,119,134,134,123,144,148,135,150,154,138,133,154,148,150,169,176,169,206,224,230,261,281,279,299,320,342,354,353,357,347,315,288,261,223,193,162,139,129,114,97,96,86,70,68,65,57,58,62,54,58,52,57,48,49,35,30,14,8,0,0,0,0,0,0,0,0,0,0,0,0,0,0,0
PMLd_DLR_IB>SFDu_DLRs_IB@DLR,DLR,IB,46,859,PMLd,Pudding Mill Lane,719,SFDu,Stratford,"13,088",382,"2,615","4,035","3,998","1,474",583,3,9,15,36,51,69,89,110,123,149,184,226,271,296,301,282,248,205,171,161,146,136,138,139,128,140,140,136,155,155,143,145,158,138,141,169,174,163,187,213,210,251,259,273,283,302,304,339,364,380,381,373,371,335,297,268,233,194,173,149,129,122,105,89,84,77,61,58,60,56,54,57,57,51,49,54,45,39,29,21,8,4,0,0,0,0,0,0,0,0,0,0,0,0,0,0
SFDu_DLRs_OB>PMLd_DLR_OB@DLR,DLR,OB,1,719,SFDu,Stratford,859,PMLd,Pudding Mill Lane,"13,045",831,"3,600","3,608","2,978","1,493",536,12,20,52,83,124,147,185,208,234,263,313,358,388,404,385,351,295,235,202,171,150,149,141,124,138,134,117,137,140,123,125,147,128,125,142,139,125,146,152,146,185,208,231,255,278,269,281,270,282,278,276,247,237,203,188,168,157,153,140,127,132,131,109,125,119,99,95,106,82,77,78,70,53,48,41,26,23,14,11,7,5,1,0,0,0,0,0,0,0,0,0,0,0,0,0,0
PMLd_DLR_OB>BOCd_DLR_OB@DLR,DLR,OB,2,859,PMLd,Pudding Mill Lane,851,BOCd,Bow Church,"12,334",748,"3,310","3,552","2,906","1,365",453,12,20,53,76,110,133,165,180,210,229,265,309,339,355,353,335,290,244,200,182,158,142,138,136,123,132,127,123,137,133,122,128,137,122,128,137,138,130,150,165,173,202,229,242,258,269,270,274,276,268,266,249,227,202,183,161,152,140,136,126,119,118,109,101,104,97,81,80,78,64,60,57,48,38,32,25,18,14,9,5,4,1,0,0,0,0,0,0,0,0,0,0,0,0,0,0
BOCd_DLR_OB>DERd_DLR_OB@DLR,DLR,OB,3,851,BOCd,Bow Church,867,DERd,Devons Road,"14,173",793,"3,835","4,436","3,210","1,417",483,6,22,58,83,117,146,172,189,222,251,304,362,403,425,426,398,340,282,231,192,178,163,152,163,164,146,153,158,145,143,160,154,153,165,170,155,172,179,172,221,258,276,302,333,316,310,304,303,300,288,283,265,245,219,199,177,166,150,133,132,124,112,114,115,102,93,94,81,74,72,68,56,51,46,34,27,22,15,9,5,3,1,0,0,0,0,0,0,0,0,0,0,0,0,0,0
DERd_DLR_OB>LAPd_DLR_OB@DLR,DLR,OB,4,867,DERd,Devons Road,853,LAPd,Langdon Park,"14,264",822,"4,126","4,623","3,056","1,237",400,7,25,40,86,120,150,176,217,234,266,327,393,439,460,460,427,364,299,248,208,179,178,167,163,177,171,150,166,167,150,167,173,158,157,177,161,163,185,194,198,271,303,312,334,346,299,293,293,287,272,264,244,219,197,180,161,140,134,118,106,108,107,91,100,96,79,80,77,62,56,58,46,41,37,31,21,17,12,7,6,3,1,0,0,0,0,0,0,0,0,0,0,0,0,0,0
LAPd_DLR_OB>ALSd_DLR_OB@DLR,DLR,OB,5,853,LAPd,Langdon Park,850,ALSd,All Saints,"14,091",636,"4,036","4,390","3,174","1,421",434,8,21,34,60,87,113,139,174,205,242,292,354,414,447,452,435,385,313,270,229,196,189,178,159,154,162,144,144,156,157,147,166,169,153,168,169,157,159,192,195,225,264,294,294,308,312,298,297,297,288,269,258,236,218,202,190,173,155,149,133,118,119,116,98,101,97,81,81,77,62,62,56,46,39,32,21,16,10,6,5,2,1,0,0,0,0,0,0,0,0,0,0,0,0,0,0
ALSd_DLR_OB>POPd_DLRs_OB@DLR,DLR,OB,6,850,ALSd,All Saints,858,POPd,Poplar,"13,826",650,"4,069","4,354","3,021","1,333",400,9,21,35,61,88,115,142,178,208,245,295,359,421,455,460,442,388,313,252,230,197,175,179,178,152,158,156,141,139,160,151,152,173,172,149,169,175,158,189,212,216,251,277,274,287,295,284,284,285,274,256,244,224,207,195,184,167,149,143,127,113,114,111,93,87,89,74,68,70,66,54,53,49,34,27,22,12,7,4,3,0,0,0,0,0,0,0,0,0,0,0,0,0,0,0,0
BNKu_DLR_OB>SHAd_DLR_OB@DLR,DLR,OB,7,513,BNKu,Bank and Monument,860,SHAd,Shadwell DLR,"26,905",987,"5,827","7,563","7,835","3,395","1,298",6,12,48,83,136,186,237,279,329,354,403,477,545,601,631,614,579,501,423,370,356,311,302,290,297,271,283,280,300,289,299,285,286,261,269,265,287,282,319,332,380,396,446,478,516,526,583,646,703,756,797,793,748,668,585,513,445,372,345,307,282,253,254,232,240,223,229,214,215,191,179,151,137,108,97,78,61,39,27,11,4,0,0,0,0,0,0,0,0,0,0,0,0,0,0,0
TOGd_DLR_OB>SHAd_DLR_OB@DLR,DLR,OB,8,864,TOGd,Tower Gateway,860,SHAd,Shadwell DLR,"3,491",46,338,"1,053","1,285",527,242,2,2,4,5,7,6,9,11,11,14,19,19,28,34,32,37,42,34,34,33,32,27,34,29,36,30,36,30,38,32,42,37,49,42,53,44,52,43,54,46,62,56,73,76,80,87,104,96,116,133,118,127,133,102,95,93,65,50,59,44,45,44,50,35,40,31,36,28,33,26,31,25,28,21,23,16,15,10,8,3,2,0,0,0,0,0,0,0,0,0,0,0,0,0,0,0
SHAd_DLR_OB>LIMd_DLR_OB@DLR,DLR,OB,9,860,SHAd,Shadwell DLR,862,LIMd,Limehouse DLR,"34,243","1,055","7,105","9,898","10,164","4,386","1,635",8,18,50,82,148,198,242,310,374,392,465,574,627,726,780,753,719,656,546,491,467,411,386,373,360,349,343,357,361,366,366,369,362,353,347,359,368,377,402,462,511,572,601,678,701,708,756,859,879,959,"1,023",999,961,897,755,667,593,492,441,416,367,337,318,305,291,284,274,267,252,237,214,193,169,144,123,106,81,55,36,19,5,0,0,0,0,0,0,0,0,0,0,0,0,0,0,0
LIMd_DLR_OB>WESd_DLR_OB@DLR,DLR,OB,10,862,LIMd,Limehouse DLR,865,WESd,Westferry,"34,736","1,279","8,180","10,112","9,529","4,111","1,525",10,27,63,103,179,245,298,354,437,468,531,655,750,831,896,877,818,746,630,541,512,453,409,400,387,374,362,377,379,389,382,391,381,366,352,363,367,373,394,444,488,544,580,647,676,686,720,799,825,887,937,928,889,832,717,634,560,473,418,388,347,317,298,284,269,260,251,244,233,219,200,179,160,137,114,99,77,52,32,19,4,0,0,0,0,0,0,0,0,0,0,0,0,0,0,0
WESd_DLR_OB>CAWd_DLRc_OB@DLR,DLR,OB,11,865,WESd,Westferry,842,CAWd,Canary Wharf DLR,"22,229",876,"6,015","6,866","5,331","2,329",812,4,18,44,72,126,161,207,243,282,334,388,437,556,637,643,671,653,540,463,410,350,312,295,279,272,267,261,276,277,287,274,278,260,249,232,246,245,253,258,286,306,343,368,391,392,409,404,414,469,503,496,521,511,442,402,367,300,270,246,217,198,187,167,162,153,148,142,139,131,124,111,101,87,74,57,49,35,22,13,8,1,0,0,0,0,0,0,0,0,0,0,0,0,0,0,0
POPd_DLRs_OB>WIQd_DLR_OB@DLR,DLR,OB,12,858,POPd,Poplar,866,WIQd,West India Quay,"12,265",501,"3,643","3,849","2,765","1,201",307,7,11,28,40,64,90,120,141,175,203,233,284,351,393,412,413,379,320,260,220,195,168,146,157,148,133,145,143,130,136,148,138,145,155,147,141,161,155,148,183,192,191,208,234,230,248,256,266,267,264,245,234,215,195,179,168,153,142,125,118,103,95,94,89,77,76,72,58,55,52,45,39,36,26,18,14,9,4,3,2,1,0,0,0,0,0,0,0,0,0,0,0,0,0,0,0
WIQd_DLR_OB>CAWd_DLRs_OB@DLR,DLR,OB,13,866,WIQd,West India Quay,842,CAWd,Canary Wharf DLR (Stratford),"10,786",409,"3,135","3,355","2,477","1,116",294,5,8,24,33,51,72,99,117,145,171,197,237,299,338,354,361,336,272,229,194,157,147,136,122,130,132,115,123,127,118,115,130,128,123,130,135,125,135,144,141,169,182,183,206,221,220,228,235,235,235,215,207,193,174,160,153,138,131,117,101,98,91,82,83,83,70,62,61,54,46,43,41,32,24,21,13,9,6,3,2,1,0,0,0,0,0,0,0,0,0,0,0,0,0,0,0
CAWd_DLRs_OB>HEQd_DLR_OB@DLR,DLR,OB,14,842,CAWd,Canary Wharf DLR (Stratford),855,HEQd,Heron Quays,0,0,0,0,0,0,0,0,0,0,0,0,0,0,0,0,0,0,0,0,0,0,0,0,0,0,0,0,0,0,0,0,0,0,0,0,0,0,0,0,0,0,0,0,0,0,0,0,0,0,0,0,0,0,0,0,0,0,0,0,0,0,0,0,0,0,0,0,0,0,0,0,0,0,0,0,0,0,0,0,0,0,0,0,0,0,0,0,0,0,0,0,0,0,0,0,0,0,0,0,0,0,0
CAWd_DLRc_OB>HEQd_DLR_OB@DLR,DLR,OB,14,842,CAWd,Canary Wharf DLR,855,HEQd,Heron Quays,"28,336",735,"6,015","8,687","7,729","3,866","1,304",6,10,31,64,102,130,183,211,247,309,353,407,545,611,632,696,671,569,512,464,393,372,349,337,332,327,325,328,336,344,342,340,350,334,317,323,337,334,352,376,405,439,487,509,534,589,585,599,696,712,691,758,725,632,633,574,478,461,419,353,337,314,284,268,257,245,233,217,213,195,177,159,143,114,97,74,57,36,23,11,6,0,0,0,0,0,0,0,0,0,0,0,0,0,0,0
HEQd_DLR_OB>SOQd_DLR_OB@DLR,DLR,OB,15,855,HEQd,Heron Quays,861,SOQd,South Quay,"29,452",585,"5,178","9,155","8,507","4,450","1,577",7,11,31,44,84,107,136,166,210,234,295,357,423,522,558,566,585,543,449,437,410,364,354,361,346,344,342,345,352,360,356,357,370,356,341,351,361,359,376,399,429,467,512,541,571,592,644,663,717,798,817,792,818,767,676,652,592,500,478,436,381,356,339,302,288,272,260,246,241,226,208,189,172,144,123,99,77,49,30,13,6,0,0,0,0,0,0,0,0,0,0,0,0,0,0,0
SOQd_DLR_OB>CROd_DLR_OB@DLR,DLR,OB,16,861,SOQd,South Quay,854,CROd,Crossharbour,"25,887",482,"4,106","8,097","7,801","3,945","1,455",2,11,20,40,63,96,115,137,177,207,231,309,374,405,448,462,420,402,360,311,304,304,289,297,312,320,312,310,326,328,319,322,333,323,314,323,328,332,346,360,377,415,440,465,529,552,568,641,687,688,752,762,708,694,656,562,534,485,409,371,344,299,280,269,257,245,229,222,214,201,187,172,155,135,110,96,73,52,32,20,5,2,0,0,0,0,0,0,0,0,0,0,0,0,0,0
CROd_DLR_OB>MUDd_DLR_OB@DLR,DLR,OB,17,854,CROd,Crossharbour,857,MUDd,Mudchute,"23,298",431,"3,748","7,437","6,954","3,489","1,239",2,10,19,36,57,79,104,123,144,187,216,256,347,393,394,425,412,345,324,305,282,283,288,281,295,302,293,290,304,306,295,297,305,293,283,291,298,303,317,327,340,369,388,407,430,483,501,526,612,650,638,688,682,601,593,549,459,434,392,327,300,280,242,231,221,211,199,191,183,172,160,147,133,115,94,81,61,43,27,17,5,2,0,0,0,0,0,0,0,0,0,0,0,0,0,0
MUDd_DLR_OB>ISGd_DLR_OB@DLR,DLR,OB,18,857,MUDd,Mudchute,856,ISGd,Island Gardens,"22,038",423,"3,690","7,206","6,363","3,243","1,113",3,11,20,37,57,78,94,123,145,172,217,265,315,390,404,396,407,372,304,303,301,278,282,291,288,295,286,283,298,299,287,288,295,282,271,280,286,290,302,311,323,347,364,379,399,415,463,486,523,600,621,600,629,596,524,506,460,382,360,323,274,254,236,209,201,191,180,174,166,154,144,132,118,103,85,73,55,39,23,15,4,2,0,0,0,0,0,0,0,0,0,0,0,0,0,0
ISGd_DLR_OB>CUSd_DLR_OB@DLR,DLR,OB,19,856,ISGd,Island Gardens,879,CUSd,Cutty Sark,"20,061",405,"3,343","6,559","5,846","2,889","1,019",5,9,21,34,51,76,94,115,149,178,200,251,298,332,359,357,343,328,290,257,260,263,247,255,277,275,266,261,273,265,268,265,270,261,257,251,260,269,274,281,295,307,318,343,378,397,421,471,497,516,566,571,548,540,506,437,416,366,306,276,255,214,200,192,179,168,161,156,147,137,128,118,105,95,83,70,54,39,24,13,3,1,0,0,0,0,0,0,0,0,0,0,0,0,0,0
CUSd_DLR_OB>GREd_DLR_OB@DLR,DLR,OB,20,879,CUSd,Cutty Sark,928,GREd,Greenwich,"13,306",338,"2,032","3,343","4,437","2,357",800,5,9,20,31,45,57,78,92,107,138,162,176,213,227,209,202,189,148,134,127,115,113,111,105,109,108,107,109,115,115,121,125,131,132,139,141,147,154,160,168,181,196,210,231,242,277,303,317,369,407,410,445,463,410,412,382,323,297,277,224,208,189,162,154,144,133,126,120,115,106,100,92,82,74,65,53,44,32,20,11,6,1,0,0,0,0,0,0,0,0,0,0,0,0,0,0
GREd_DLR_OB>DEBd_DLR_OB@DLR,DLR,OB,21,928,GREd,Greenwich,897,DEBd,Deptford Bridge,"12,695",348,"1,864","3,198","4,310","2,236",739,5,12,23,34,49,61,70,93,103,124,154,178,182,213,200,176,163,146,110,114,109,104,101,105,99,100,97,102,106,109,113,119,121,124,128,133,138,148,153,167,179,198,210,235,242,254,299,313,340,411,434,415,457,422,368,355,322,259,252,224,189,175,161,146,137,131,123,118,110,102,95,88,78,68,58,46,36,26,17,9,6,1,0,0,0,0,0,0,0,0,0,0,0,0,0,0
DEBd_DLR_OB>ELRd_DLR_OB@DLR,DLR,OB,22,897,DEBd,Deptford Bridge,898,ELRd,Elverson Road,"10,007",306,"1,611","2,386","3,447","1,693",564,4,13,14,29,43,58,63,81,91,111,121,163,175,187,179,170,129,115,91,81,74,74,68,72,72,74,74,80,81,85,88,94,94,99,98,101,103,108,111,123,133,146,159,176,200,213,232,266,293,309,346,350,341,327,308,263,247,217,187,163,149,126,114,111,104,97,92,86,82,78,72,65,60,51,43,36,28,21,15,9,4,2,0,0,0,0,0,0,0,0,0,0,0,0,0,0
ELRd_DLR_OB>LEWd_DLR_OB@DLR,DLR,OB,23,898,ELRd,Elverson Road,940,LEWd,Lewisham DLR,"8,631",240,"1,532","2,106","2,884","1,425",445,2,7,8,20,32,45,52,75,80,98,121,147,160,188,176,158,136,110,79,79,73,69,68,70,65,66,65,71,71,75,78,84,84,89,87,90,92,95,97,107,114,122,131,144,154,164,194,210,228,274,292,287,307,291,244,239,214,173,165,152,121,109,100,88,82,77,74,70,67,64,58,52,46,39,33,27,21,16,11,6,3,2,0,0,0,0,0,0,0,0,0,0,0,0,0,0
WESd_DLR_OB>POPd_DLRc_OB@DLR,DLR,OB,24,865,WESd,Westferry,858,POPd,Poplar,"13,817",459,"2,557","3,891","4,334","1,815",761,8,17,29,44,57,85,104,115,144,166,173,214,250,250,264,260,228,217,204,188,189,179,157,154,144,131,126,123,122,126,128,136,143,145,142,147,149,147,156,184,203,231,254,276,307,319,325,376,396,390,421,428,385,371,336,281,249,210,177,163,153,137,138,130,122,116,112,108,102,94,86,78,72,65,63,58,50,39,28,16,8,1,0,0,0,0,0,0,0,0,0,0,0,0,0,0
POPd_DLRc_OB>BLAd_DLR_OB@DLR,DLR,OB,25,858,POPd,Poplar,882,BLAd,Blackwall,"14,501",474,"2,558","3,973","4,605","2,050",841,10,20,31,48,62,82,104,118,139,171,184,204,246,254,246,250,238,213,209,204,199,190,173,159,151,133,126,123,124,123,129,137,143,147,149,153,155,158,160,182,205,228,250,278,295,329,349,376,420,436,424,450,437,388,367,333,269,237,213,182,171,164,151,143,139,131,126,124,116,105,97,89,80,73,68,61,53,41,30,17,9,1,0,0,0,0,0,0,0,0,0,0,0,0,0,0
BLAd_DLR_OB>EAId_DLR_OB@DLR,DLR,OB,26,882,BLAd,Blackwall,883,EAId,East India,"13,974",422,"2,486","3,809","4,437","1,978",843,7,17,25,42,56,80,89,107,134,155,163,209,234,238,255,250,224,225,206,190,190,189,161,162,151,140,124,122,117,121,122,130,136,143,144,149,150,154,153,168,185,212,229,258,296,314,331,381,395,399,429,424,402,399,357,309,284,242,192,180,161,148,136,140,131,128,119,118,111,104,95,89,79,74,68,61,53,43,31,20,11,4,0,0,0,0,0,0,0,0,0,0,0,0,0,0
EAId_DLR_OB>CNTu_DLRc_OB@DLR,DLR,OB,27,883,EAId,East India,884,CNTu,Canning Town,"14,251",413,"2,251","3,974","4,910","1,942",762,8,19,29,45,57,76,82,95,121,143,155,202,231,229,239,231,195,184,169,152,150,149,133,135,134,128,124,126,127,130,135,143,149,155,160,164,163,165,169,186,213,248,281,307,357,384,408,450,468,448,460,440,406,400,371,317,282,250,193,173,154,149,132,136,127,124,115,109,100,93,85,79,72,67,63,56,48,39,28,18,10,4,0,0,0,0,0,0,0,0,0,0,0,0,0,0
STId_DLR_OB>SFDu_DLRi_OB@DLR,DLR,OB,28,504,STId,Stratford International DLR,719,SFDu,Stratford,"6,170",308,"1,747","1,802","1,356",718,240,8,10,20,32,37,53,74,75,101,129,131,182,204,182,197,191,127,109,118,75,79,76,81,65,77,60,74,60,73,59,75,60,72,58,74,60,78,67,88,77,97,91,109,93,112,105,103,112,125,106,122,130,109,114,124,94,90,84,72,58,66,51,61,48,56,44,50,37,40,30,34,26,29,21,21,14,12,5,4,1,1,0,0,0,0,0,0,0,0,0,0,0,0,0,0,0
SFDu_DLRi_OB>SHSd_DLR_OB@DLR,DLR,OB,29,719,SFDu,Stratford,749,SHSd,Stratford High Street,"10,554",577,"1,846","2,830","2,982","1,612",707,5,19,46,56,88,114,117,132,165,153,173,210,189,189,193,156,122,121,87,88,91,94,88,108,95,103,92,103,88,97,91,108,100,115,109,123,113,130,119,147,144,182,178,214,234,230,229,269,243,248,300,269,255,278,227,199,191,179,143,158,126,137,110,126,107,119,104,113,96,103,81,89,73,71,51,53,33,26,14,12,3,1,0,0,0,0,0,0,0,0,0,0,0,0,0,0
SHSd_DLR_OB>ABRd_DLR_OB@DLR,DLR,OB,30,749,SHSd,Stratford High Street,750,ABRd,Abbey Road,"11,402",611,"1,901","3,174","3,246","1,748",722,7,22,51,61,93,118,122,137,171,159,180,216,195,194,197,159,125,122,90,91,94,97,93,113,101,111,99,111,97,107,102,118,111,126,125,142,137,154,146,171,169,205,205,240,260,255,257,296,271,273,325,291,272,291,243,213,204,191,156,169,139,152,127,140,120,127,108,114,98,104,83,91,75,73,53,55,34,26,15,12,2,1,0,0,0,0,0,0,0,0,0,0,0,0,0,0
ABRd_DLR_OB>WHMu_DLR_OB@DLR,DLR,OB,31,750,ABRd,Abbey Road,757,WHMu,West Ham,"10,773",609,"1,854","3,057","2,960","1,630",663,8,26,40,66,95,103,122,149,143,156,191,179,189,206,174,153,151,110,94,108,97,99,104,112,100,108,98,109,95,105,100,114,108,121,120,135,131,146,140,165,163,166,194,226,206,235,268,235,248,281,246,262,281,233,222,243,187,176,171,155,127,139,117,129,110,116,99,104,88,94,77,83,69,66,48,50,31,24,15,12,3,2,0,0,0,0,0,0,0,0,0,0,0,0,0,0
WHMu_DLR_OB>STLd_DLR_OB@DLR,DLR,OB,32,757,WHMu,West Ham,889,STLd,Star Lane,"10,665",848,"2,141","3,029","2,650","1,443",554,12,39,59,96,138,145,164,196,184,192,228,209,214,235,201,174,170,125,104,103,107,98,115,106,120,103,113,99,112,98,114,105,122,110,127,115,134,121,141,132,167,159,198,215,218,221,247,221,222,249,220,221,237,202,189,203,167,139,151,128,118,114,122,104,114,97,102,87,91,72,73,64,64,51,47,35,27,14,9,4,2,0,0,0,0,0,0,0,0,0,0,0,0,0,0,0
STLd_DLR_OB>CNTu_DLRi_OB@DLR,DLR,OB,33,889,STLd,Star Lane,884,CNTu,Canning Town,"9,750",646,"1,838","2,931","2,449","1,400",485,14,24,51,78,94,112,139,135,146,173,165,172,198,182,170,172,140,112,112,96,102,103,110,103,116,98,107,94,106,94,109,101,116,104,121,109,129,117,138,131,167,162,201,192,216,215,211,206,228,201,198,224,193,184,201,173,157,154,145,123,129,108,115,98,107,90,94,80,82,65,65,56,57,45,40,30,23,11,7,3,1,0,0,0,0,0,0,0,0,0,0,0,0,0,0,0
CNTu_DLRc_OB>ROVd_DLR_OB@DLR,DLR,OB,34,884,CNTu,Canning Town,886,ROVd,Royal Victoria,"14,944",533,"2,906","4,682","4,186","1,890",746,8,16,40,51,78,100,110,129,173,175,203,259,257,284,319,290,271,273,209,191,215,185,188,194,194,165,180,158,185,164,188,172,199,171,194,170,197,174,198,185,233,224,278,271,324,298,357,374,388,396,438,376,353,354,283,245,251,193,180,176,162,136,155,131,145,122,131,109,114,93,97,78,81,62,57,44,43,29,23,14,10,2,0,0,0,0,0,0,0,0,0,0,0,0,0,0
CNTu_DLRi_OB>ROVd_DLR_OB@DLR,DLR,OB,34,884,CNTu,Canning Town (Stratford),886,ROVd,Royal Victoria,0,0,0,0,0,0,0,0,0,0,0,0,0,0,0,0,0,0,0,0,0,0,0,0,0,0,0,0,0,0,0,0,0,0,0,0,0,0,0,0,0,0,0,0,0,0,0,0,0,0,0,0,0,0,0,0,0,0,0,0,0,0,0,0,0,0,0,0,0,0,0,0,0,0,0,0,0,0,0,0,0,0,0,0,0,0,0,0,0,0,0,0,0,0,0,0,0,0,0,0,0,0,0
ROVd_DLR_OB>CUHd_DLR_OB@DLR,DLR,OB,35,886,ROVd,Royal Victoria,887,CUHd,Custom House,"12,992",455,"2,620","4,096","3,650","1,550",621,4,16,26,44,69,77,96,122,124,150,190,189,231,286,266,268,289,232,191,203,171,168,167,175,154,173,144,163,142,165,144,167,149,173,149,171,152,178,155,184,172,217,206,255,246,293,312,318,339,379,343,322,343,276,240,241,195,164,158,146,120,126,111,122,103,112,94,100,81,85,69,72,59,59,44,43,32,30,19,15,8,4,0,0,0,0,0,0,0,0,0,0,0,0,0,0
CUHd_DLR_OB>PRRd_DLR_OB@DLR,DLR,OB,36,887,CUHd,Custom House,888,PRRd,Prince Regent,"14,455",398,"2,549","4,438","4,414","1,895",760,4,17,24,40,63,69,81,100,100,118,157,161,212,275,265,276,305,250,210,222,188,183,180,186,166,182,151,170,151,174,154,177,162,185,163,186,169,193,171,202,192,238,229,287,275,332,359,370,403,458,417,408,433,348,306,306,239,201,193,175,146,155,137,147,129,135,117,121,104,107,89,91,75,71,53,51,38,33,21,16,8,4,0,0,0,0,0,0,0,0,0,0,0,0,0,0
PRRd_DLR_OB>ROAd_DLR_OB@DLR,DLR,OB,37,888,PRRd,Prince Regent,890,ROAd,Royal Albert,"12,906",297,"2,207","4,062","4,002","1,687",651,4,10,21,28,42,55,70,67,85,104,103,129,188,199,229,269,251,231,232,187,178,175,170,154,178,150,165,138,161,142,164,144,172,153,174,152,177,154,176,152,198,183,232,221,278,294,311,328,400,367,375,411,354,313,319,251,213,215,172,139,152,121,121,114,128,105,116,92,102,79,85,67,70,52,52,37,35,25,20,13,10,4,1,0,0,0,0,0,0,0,0,0,0,0,0,0
ROAd_DLR_OB>BEPd_DLR_OB@DLR,DLR,OB,38,890,ROAd,Royal Albert,891,BEPd,Beckton Park,"10,963",239,"1,850","3,627","3,344","1,393",510,4,10,19,25,35,43,53,50,65,82,83,107,155,165,193,227,214,200,199,160,155,154,153,141,165,139,152,126,148,130,150,132,157,139,156,136,157,136,154,132,172,156,199,188,238,252,266,280,337,307,311,338,292,258,261,205,176,177,142,116,126,100,99,94,106,87,96,76,82,63,66,51,53,39,39,28,28,20,17,11,8,3,1,0,0,0,0,0,0,0,0,0,0,0,0,0
BEPd_DLR_OB>CYPd_DLR_OB@DLR,DLR,OB,39,891,BEPd,Beckton Park,893,CYPd,Cyprus,"10,291",186,"1,738","3,539","3,010","1,342",476,3,8,15,19,27,34,36,43,57,61,77,107,117,158,198,194,208,224,180,157,177,152,150,153,162,136,148,123,144,127,147,129,153,134,150,130,151,130,146,125,162,147,186,176,222,201,248,258,269,279,314,275,263,274,219,188,192,151,132,127,118,94,105,87,98,80,88,70,77,59,62,48,50,36,36,26,26,19,16,10,8,3,1,0,0,0,0,0,0,0,0,0,0,0,0,0
CYPd_DLR_OB>GARd_DLR_OB@DLR,DLR,OB,40,893,CYPd,Cyprus,894,GARd,Gallions Reach,"5,325",107,717,"1,186","1,901","1,002",412,0,3,4,8,14,22,24,33,41,44,54,70,72,79,84,71,62,59,43,37,35,33,28,32,29,35,32,38,36,44,40,47,43,51,46,56,51,62,57,66,62,82,81,102,119,124,137,161,152,165,192,176,178,193,161,143,145,114,98,94,78,72,70,67,66,73,60,66,53,57,46,48,38,40,29,27,20,20,13,10,7,4,1,0,0,0,0,0,0,0,0,0,0,0,0,0
GARd_DLR_OB>BECd_DLR_OB@DLR,DLR,OB,41,894,GARd,Gallions Reach,895,BECd,Beckton,"2,799",37,385,678,"1,058",466,175,0,1,1,3,4,6,8,13,15,20,28,30,39,48,45,42,42,31,23,23,18,17,17,17,15,19,18,22,20,24,22,27,25,30,28,34,32,38,34,39,36,45,45,56,56,69,78,82,92,111,102,102,110,94,81,82,66,56,55,44,35,36,30,29,28,32,27,29,22,24,18,18,13,16,12,12,10,12,7,5,4,3,0,0,0,0,0,0,0,0,0,0,0,0,0,0
CNTu_DLRc_OB>WSId_DLR_OB@DLR,DLR,OB,42,884,CNTu,Canning Town,559,WSId,West Silvertown,"9,958",423,"1,663","2,594","3,227","1,544",507,1,16,23,42,66,79,89,108,105,115,134,134,162,186,168,163,164,123,101,108,96,99,96,107,98,105,87,101,84,95,84,101,90,103,90,107,94,109,99,124,120,158,155,191,183,222,242,254,276,317,289,288,327,283,269,276,225,177,161,135,108,121,106,116,98,111,88,99,83,84,61,60,42,42,31,31,24,20,12,10,5,2,0,0,0,0,0,0,0,0,0,0,0,0,0,0
CNTu_DLRi_OB>WSId_DLR_OB@DLR,DLR,OB,42,884,CNTu,Canning Town (Stratford),559,WSId,West Silvertown,"10,637",560,"1,995","2,912","2,876","1,745",548,14,23,46,57,80,100,109,130,162,157,171,205,191,201,218,185,158,144,112,91,109,100,110,106,121,104,114,101,116,101,116,106,123,109,124,111,132,119,131,118,152,144,156,188,225,205,233,265,234,237,267,247,245,266,231,219,226,189,177,173,158,132,138,115,125,105,112,95,100,80,80,66,64,47,40,30,20,10,6,3,0,0,0,0,0,0,0,0,0,0,0,0,0,0,0,0
WSId_DLR_OB>PDKd_DLR_OB@DLR,DLR,OB,43,559,WSId,West Silvertown,538,PDKd,Pontoon Dock,"17,866",828,"3,257","4,856","5,248","2,762",916,7,27,52,81,119,149,183,209,226,251,269,275,323,345,327,327,299,231,199,184,169,180,183,188,198,197,185,187,182,179,174,184,187,190,185,193,192,199,198,209,229,260,286,322,352,402,411,431,471,476,446,478,473,436,446,425,362,338,290,241,220,214,188,194,187,186,173,169,158,147,122,108,90,77,60,52,39,27,17,11,6,2,0,0,0,0,0,0,0,0,0,0,0,0,0,0
PDKd_DLR_OB>LCAd_DLR_OB@DLR,DLR,OB,44,538,PDKd,Pontoon Dock,533,LCAd,London City Airport,"14,466",722,"2,747","4,256","4,075","2,036",630,8,26,49,75,108,131,147,177,188,192,221,237,250,291,293,271,259,219,165,161,161,163,168,181,182,179,166,166,160,156,151,161,162,165,160,167,165,170,168,178,195,219,241,272,295,307,343,356,360,380,373,340,353,342,311,316,289,241,214,193,155,152,139,137,133,135,125,124,113,104,84,73,60,52,40,35,26,18,11,7,4,1,0,0,0,0,0,0,0,0,0,0,0,0,0,0
LCAd_DLR_OB>KGVd_DLR_OB@DLR,DLR,OB,45,533,LCAd,London City Airport,523,KGVd,King George V,"9,446",568,"1,750","2,322","2,912","1,404",489,6,16,35,60,79,100,129,142,153,174,176,169,183,172,156,151,134,103,96,84,78,78,78,71,74,69,67,65,71,70,75,78,86,88,96,98,107,110,117,120,135,145,167,180,197,218,230,233,259,264,251,270,268,246,244,230,195,174,160,133,123,110,103,88,89,81,77,70,69,61,58,53,51,45,39,33,28,21,14,9,5,2,0,0,0,0,0,0,0,0,0,0,0,0,0,0
KGVd_DLR_OB>WOAd_DLR_OB@DLR,DLR,OB,46,523,KGVd,King George V,573,WOAd,Woolwich Arsenal,"8,164",498,"1,715","2,073","2,355","1,172",351,6,14,29,44,71,91,106,137,156,156,170,178,165,169,165,143,132,114,88,82,82,75,76,74,69,64,62,59,64,64,68,71,78,79,86,87,94,97,105,109,119,122,123,144,156,160,187,208,199,215,219,200,215,215,190,191,182,146,132,119,101,88,83,71,72,64,60,53,51,43,41,36,36,32,29,25,21,15,10,6,4,2,0,0,0,0,0,0,0,0,0,0,0,0,0,0
RDGr_EZL_EB>TWYr_EZL_EB@EZL,Elizabeth Line,EB,1,3149,RDGr,Reading,3155,TWYr,Twyford,"3,387",93,668,694,"1,473",354,105,0,0,2,3,12,19,26,31,30,42,60,69,63,92,71,64,46,60,31,41,24,32,18,27,17,26,18,27,18,28,20,31,21,34,24,38,27,40,27,40,26,44,31,55,64,94,101,127,134,181,150,161,136,153,85,85,63,63,24,24,33,19,27,16,24,21,21,21,21,24,19,19,11,11,0,0,0,0,0,0,0,0,0,0,0,0,0,0,0,0,0,0,0,0,0,0
TWYr_EZL_EB>MAIr_EZL_EB@EZL,Elizabeth Line,EB,2,3155,TWYr,Twyford,3147,MAIr,Maidenhead,"4,338",283,"1,040",836,"1,592",438,149,0,5,5,28,28,61,56,98,75,119,86,137,95,118,91,103,62,62,56,38,39,28,43,26,38,25,37,22,34,23,36,25,38,26,40,27,44,30,44,30,44,27,46,62,83,102,130,144,150,169,166,158,145,143,116,85,82,63,45,32,42,25,35,20,31,20,27,16,26,15,30,24,24,15,15,0,0,0,0,0,0,0,0,0,0,0,0,0,0,0,0,0,0,0,0,0
MAIr_EZL_EB>TAPr_EZL_EB@EZL,Elizabeth Line,EB,3,3147,MAIr,Maidenhead,3151,TAPr,Taplow,"9,088",918,"3,257","1,895","2,236",559,223,11,28,46,99,131,169,200,235,287,310,362,370,399,343,316,251,229,148,138,103,110,76,104,64,96,61,87,59,88,56,84,57,84,63,81,54,85,57,79,61,99,67,110,116,153,160,211,214,231,238,230,205,188,167,138,101,99,70,57,42,55,36,46,28,42,30,32,22,42,28,41,35,37,17,17,2,2,0,0,0,0,0,0,0,0,0,0,0,0,0,0,0,0,0,0,0
TAPr_EZL_EB>BNMr_EZL_EB@EZL,Elizabeth Line,EB,4,3151,TAPr,Taplow,3176,BNMr,Burnham,"9,526",948,"3,612","1,983","2,131",606,246,9,13,31,109,138,143,219,285,280,294,410,432,403,362,370,279,244,189,201,148,149,81,112,69,103,66,94,63,93,59,88,60,88,58,84,55,86,58,67,61,100,69,113,104,117,116,160,166,212,228,266,221,221,175,156,94,102,67,70,56,44,48,37,45,31,41,32,34,43,42,43,41,37,17,17,3,3,0,0,0,0,0,0,0,0,0,0,0,0,0,0,0,0,0,0,0
BNMr_EZL_EB>SLOr_EZL_EB@EZL,Elizabeth Line,EB,5,3176,BNMr,Burnham,3172,SLOr,Slough,"11,357","1,136","4,639","2,494","2,267",581,238,15,24,52,89,182,190,284,300,435,407,537,488,574,450,446,344,325,240,213,180,154,144,110,116,103,106,94,106,95,99,84,96,83,91,82,90,81,95,88,99,101,122,119,138,152,172,181,217,225,239,238,222,191,169,142,118,95,81,63,51,39,43,35,42,30,40,31,33,35,40,27,40,36,24,17,17,3,0,0,0,0,0,0,0,0,0,0,0,0,0,0,0,0,0,0,0
SLOr_EZL_EB>LNYr_EZL_EB@EZL,Elizabeth Line,EB,6,3172,SLOr,Slough,3171,LNYr,Langley,"16,169","1,658","6,723","3,784","3,074",708,222,30,48,95,161,222,288,351,464,504,666,688,809,720,771,621,570,428,410,295,242,221,192,163,158,152,149,148,155,148,150,146,143,138,137,140,137,134,143,146,144,158,183,190,206,234,252,269,296,313,321,317,285,255,215,175,141,120,94,82,69,59,54,47,44,38,38,32,31,37,36,27,35,34,20,15,15,4,0,0,0,0,0,0,0,0,0,0,0,0,0,0,0,0,0,0,0
LNYr_EZL_EB>IVRr_EZL_EB@EZL,Elizabeth Line,EB,7,3171,LNYr,Langley,3170,IVRr,Iver,"16,997","1,800","6,944","4,100","3,223",714,216,35,56,108,177,239,310,378,498,546,717,747,853,756,787,618,548,418,403,296,254,242,213,183,184,178,170,167,171,158,159,155,150,145,146,146,142,140,148,151,154,170,195,206,225,251,270,286,315,326,335,327,298,265,224,180,147,122,92,81,70,59,54,49,45,40,39,33,30,37,34,25,33,29,20,15,15,4,4,0,0,0,0,0,0,0,0,0,0,0,0,0,0,0,0,0,0
IVRr_EZL_EB>WDTr_EZL_EB@EZL,Elizabeth Line,EB,8,3170,IVRr,Iver,3174,WDTr,West Drayton,"17,381","1,839","7,084","4,148","3,387",703,220,35,55,108,178,242,318,388,514,565,742,773,883,780,808,633,504,425,410,302,258,258,217,188,188,154,217,171,174,161,191,158,153,119,149,151,145,145,181,121,158,176,199,163,212,196,215,225,296,390,337,397,373,345,223,246,143,119,89,79,68,58,54,48,44,40,39,34,32,38,35,26,33,29,20,15,15,4,4,0,0,0,0,0,0,0,0,0,0,0,0,0,0,0,0,0,0
WDTr_EZL_EB>HAYr_EZL_EB@EZL,Elizabeth Line,EB,9,3174,WDTr,West Drayton,3186,HAYr,Hayes & Harlington,"22,981","2,187","9,543","5,643","4,276","1,036",296,25,60,103,190,283,426,455,644,682,912,904,"1,147","1,033","1,116",881,834,596,561,428,450,337,324,285,254,203,246,231,232,226,258,215,217,217,254,165,209,199,244,167,215,209,232,218,285,305,359,383,403,422,434,418,399,353,319,265,216,178,148,111,100,88,74,68,60,56,52,50,50,43,54,43,33,33,37,16,16,16,5,0,0,0,0,0,0,0,0,0,0,0,0,0,0,0,0,0,0
HWVr_EZL_EB>HXXr_EZL_EB@EZL,Elizabeth Line,EB,10,9846,HWVr,Heathrow Terminal 5 EL,7090,HXXr,Heathrow Terminals 2 & 3 EL,"8,026",661,"1,674","2,678","1,429",937,647,15,52,52,96,81,129,92,145,101,168,120,189,135,188,121,170,101,148,95,138,89,134,87,124,81,124,80,125,88,132,89,131,87,133,89,134,91,136,89,139,94,147,102,153,103,151,98,147,97,147,99,144,95,137,87,124,78,108,66,99,63,89,60,87,54,84,58,91,63,63,88,88,84,84,91,36,36,7,7,0,0,0,0,0,0,0,0,0,0,0,0,0,0,0,0,0
HAFr_EZL_EB>HXXr_EZL_EB@EZL,Elizabeth Line,EB,11,7091,HAFr,Heathrow Terminal 4 EL,7090,HXXr,Heathrow Terminals 2 & 3 EL,"5,749",319,"1,244","1,630","1,264","1,102",190,12,12,24,36,50,50,62,73,94,114,131,146,148,134,112,95,79,69,61,62,61,60,53,55,52,49,47,52,49,54,63,69,73,77,73,75,79,82,86,95,89,82,78,80,74,81,91,95,98,107,111,111,113,120,130,133,135,134,127,111,100,98,91,80,72,61,49,44,41,42,34,28,20,14,4,4,1,1,0,0,0,0,0,0,0,0,0,0,0,0,0,0,0,0,0,0
HXXr_EZL_EB>HAYr_EZL_EB@EZL,Elizabeth Line,EB,12,7090,HXXr,Heathrow Terminals 2 & 3 EL,3186,HAYr,Hayes & Harlington,"30,915","1,483","6,652","10,436","5,628","4,835","1,881",23,62,91,151,169,262,299,424,446,577,563,651,584,644,560,597,504,536,470,520,460,518,458,506,425,465,384,435,358,420,378,447,403,470,414,466,402,451,390,455,398,460,403,469,407,487,438,503,457,517,457,513,455,486,435,472,409,438,397,435,387,433,389,417,362,404,357,407,353,339,305,268,197,166,134,61,41,10,7,0,0,0,0,0,0,0,0,0,0,0,0,0,0,0,0,0
HAYr_EZL_EB>STLr_EZL_EB@EZL,Elizabeth Line,EB,13,3186,HAYr,Hayes & Harlington,3187,STLr,Southall,"63,779","4,921","20,039","18,750","11,441","6,233","2,394",82,183,316,462,683,873,"1,057","1,265","1,502","1,706","1,945","2,090","2,150","2,066","1,943","1,650","1,499","1,252","1,220","1,018","1,057",907,961,811,883,761,814,714,779,684,775,701,791,708,779,690,748,649,740,677,757,712,855,798,918,904,"1,056",988,"1,118","1,025","1,116",963,994,826,852,681,712,574,616,515,569,483,534,445,492,410,473,411,458,397,416,308,295,204,151,79,57,14,9,7,0,0,0,0,0,0,0,0,0,0,0,0,0,0,0,0
STLr_EZL_EB>HANr_EZL_EB@EZL,Elizabeth Line,EB,14,3187,STLr,Southall,3191,HANr,Hanwell,"72,282","5,892","23,591","21,214","12,485","6,552","2,548",82,173,331,563,847,"1,081","1,272","1,542","1,720","1,987","2,182","2,471","2,466","2,483","2,274","2,049","1,760","1,559","1,395","1,245","1,197","1,078","1,080",971,997,893,920,837,881,795,859,813,862,806,854,782,814,744,799,755,825,811,925,917,"1,024","1,028","1,150","1,131","1,205","1,145","1,185","1,066","1,038",908,867,740,728,630,624,568,584,516,549,492,508,446,479,428,471,416,397,336,300,220,173,126,68,33,4,2,0,0,0,0,0,0,0,0,0,0,0,0,0,0,0,0
HANr_EZL_EB>WEAr_EZL_EB@EZL,Elizabeth Line,EB,15,3191,HANr,Hanwell,3188,WEAr,West Ealing,"74,858","6,157","24,786","21,851","12,918","6,629","2,516",84,181,343,585,881,"1,130","1,333","1,622","1,632","2,104","2,314","2,611","2,599","2,794","2,383","2,140","1,836","1,629","1,451","1,293","1,238","1,117","1,116","1,005","1,028",925,946,862,904,818,883,837,887,831,879,807,838,767,819,775,844,832,948,942,"1,051","1,062","1,189","1,175","1,253","1,193","1,229","1,106","1,072",936,892,759,743,640,633,576,590,522,555,497,511,450,483,430,472,418,399,332,296,209,166,119,65,31,9,2,0,0,0,0,0,0,0,0,0,0,0,0,0,0,0,0
WEAr_EZL_EB>EBYu_EZL_EB@EZL,Elizabeth Line,EB,16,3188,WEAr,West Ealing,560,EBYu,Ealing Broadway,"78,172","6,229","26,674","22,679","13,354","6,717","2,520",88,189,359,613,777,"1,187","1,411","1,605","1,753","2,225","2,487","2,802","2,922","2,992","2,742","2,296","1,846","1,722","1,532","1,354","1,293","1,282","1,161","1,046","1,068",962,983,827,938,849,914,864,981,855,901,827,856,786,836,792,861,853,972,972,"1,086","1,101","1,231","1,220","1,297","1,235","1,179","1,146","1,105",964,918,872,759,655,645,586,598,529,559,501,514,453,485,432,473,419,399,332,296,209,166,119,65,31,9,2,0,0,0,0,0,0,0,0,0,0,0,0,0,0,0,0
EBYu_EZL_EB>AMLr_EZL_EB@EZL,Elizabeth Line,EB,17,560,EBYu,Ealing Broadway,3000,AMLr,Acton Main Line,"82,238","6,395","27,479","23,940","14,426","7,356","2,641",49,136,294,662,842,"1,219","1,427","1,767","1,821","2,253","2,377","2,837","2,834","2,985","2,735","2,504","2,115","1,976","1,584","1,457","1,412","1,235","1,136","1,129","1,209","1,022","1,044",942,"1,059",897,962,914,972,838,945,940,915,893,876,772,844,864,"1,019","1,102","1,124","1,236","1,290","1,191","1,301","1,344","1,309","1,301","1,282","1,096","1,058",896,863,767,726,646,647,575,570,558,545,487,509,463,476,436,414,359,300,221,184,127,66,42,13,2,2,0,0,0,0,0,0,0,0,0,0,0,0,0,0,0
AMLr_EZL_EB>PADr_EZL_EB@EZL,Elizabeth Line,EB,18,3000,AMLr,Acton Main Line,3087,PADr,Paddington NR,139,0,0,0,0,0,139,0,0,0,0,0,0,0,0,0,0,0,0,0,0,0,0,0,0,0,0,0,0,0,0,0,0,0,0,0,0,0,0,0,0,0,0,0,0,0,0,0,0,0,0,0,0,0,0,0,0,0,0,0,0,0,0,0,0,0,0,0,0,0,0,0,0,0,0,0,0,15,15,15,15,26,11,13,13,13,2,2,0,0,0,0,0,0,0,0,0,0,0,0,0,0,0
AMLr_EZL_EB>PADu_EZL_EB@EZL,Elizabeth Line,EB,19,3000,AMLr,Acton Main Line,670,PADu,Paddington TfL,"85,703","6,025","29,685","24,749","15,332","7,439","2,474",53,147,312,545,795,"1,129","1,386","1,659","2,071","2,242","2,671","2,859","3,208","2,983","3,132","2,653","2,499","1,977","1,856","1,532","1,478","1,290","1,290","1,173","1,178","1,062","1,084",981,"1,031",939,998,950,"1,003",933,982,910,942,866,905,862,929,894,"1,024","1,043","1,172","1,179","1,251","1,355","1,372","1,421","1,498","1,475","1,336","1,251","1,096",927,885,759,737,654,653,581,548,549,550,492,512,518,495,439,402,341,280,195,146,105,46,24,0,0,0,0,0,0,0,0,0,0,0,0,0,0,0,0,0,0
PADu_EZL_EB>BDSu_EZL_EB@EZL,Elizabeth Line,EB,20,670,PADu,Paddington TfL,524,BDSu,Bond Street,"120,477","5,986","41,789","33,726","24,299","10,813","3,864",0,105,250,455,768,"1,133","1,430","1,845","2,326","2,669","3,237","3,811","4,320","4,470","4,516","4,278","3,826","3,206","2,724","2,406","2,058","1,872","1,706","1,668","1,536","1,491","1,386","1,388","1,321","1,345","1,267","1,314","1,266","1,281","1,229","1,275","1,218","1,243","1,202","1,256","1,237","1,303","1,366","1,497","1,589","1,778","1,919","2,158","2,287","2,416","2,394","2,376","2,150","1,973","1,721","1,538","1,322","1,204","1,057",991,914,888,805,809,743,729,667,685,628,637,564,530,441,374,267,204,127,64,24,4,0,0,0,0,0,0,0,0,0,0,0,0,0,0,0,0
BDSu_EZL_EB>TCRu_EZL_EB@EZL,Elizabeth Line,EB,21,524,BDSu,Bond Street,728,TCRu,Tottenham Court Road,"133,133","5,091","39,092","35,577","33,466","14,669","5,237",0,94,207,399,654,890,"1,266","1,582","2,028","2,343","2,949","3,358","3,971","4,124","4,324","4,045","3,770","3,084","2,752","2,344","2,105","1,820","1,734","1,578","1,470","1,438","1,364","1,377","1,336","1,365","1,309","1,358","1,331","1,348","1,321","1,374","1,346","1,385","1,383","1,452","1,469","1,558","1,611","1,744","1,933","2,213","2,478","2,873","3,173","3,397","3,455","3,361","3,141","2,833","2,474","2,134","1,942","1,691","1,515","1,372","1,268","1,146","1,052","1,029",952,929,879,895,840,814,737,680,579,494,400,310,207,113,52,11,0,0,0,0,0,0,0,0,0,0,0,0,0,0,0,0
TCRu_EZL_EB>FARu_EZL_EB@EZL,Elizabeth Line,EB,22,728,TCRu,Tottenham Court Road,577,FARu,Farringdon,"158,270","4,767","37,412","38,468","45,563","22,206","9,854",0,64,156,315,614,856,"1,221","1,543","1,916","2,180","2,704","3,122","3,696","3,983","4,219","4,007","3,734","3,104","2,605","2,142","1,901","1,634","1,533","1,500","1,419","1,387","1,336","1,365","1,350","1,404","1,392","1,444","1,455","1,492","1,484","1,546","1,564","1,622","1,665","1,765","1,829","1,929","2,113","2,339","2,562","2,798","3,167","3,639","4,001","4,408","4,679","4,836","4,512","4,131","3,632","3,199","2,631","2,339","2,129","1,956","1,816","1,759","1,670","1,642","1,571","1,560","1,546","1,586","1,555","1,532","1,415","1,286","1,099",932,743,565,378,224,100,23,0,0,0,0,0,0,0,0,0,0,0,0,0,0,0,0
FARu_EZL_EB>LSTu_EZL_EB@EZL,Elizabeth Line,EB,23,577,FARu,Farringdon,634,LSTu,Liverpool Street LU,"167,051","4,176","32,748","39,044","54,714","25,244","11,126",0,37,121,262,505,747,"1,084","1,419","1,748","2,096","2,487","2,921","3,288","3,576","3,571","3,417","3,061","2,607","2,154","1,821","1,648","1,428","1,362","1,288","1,300","1,228","1,269","1,255","1,318","1,333","1,406","1,419","1,491","1,497","1,558","1,581","1,670","1,710","1,843","1,927","2,080","2,187","2,505","2,742","3,097","3,339","3,847","4,332","4,908","5,320","5,755","5,841","5,486","4,851","4,289","3,649","3,019","2,630","2,444","2,188","2,070","1,983","1,930","1,858","1,838","1,772","1,769","1,744","1,728","1,649","1,520","1,368","1,211","1,083",844,686,507,320,112,74,25,0,0,0,0,0,0,0,0,0,0,0,0,0,0,0
LSTu_EZL_EB>WCLu_EZL_EB@EZL,Elizabeth Line,EB,24,634,LSTu,Liverpool Street LU,763,WCLu,Whitechapel,"163,740","3,209","23,317","36,848","60,899","27,323","12,144",0,6,75,166,382,565,895,"1,120","1,435","1,600","1,904","2,091","2,403","2,464","2,501","2,291","2,121","1,737","1,483","1,287","1,245","1,105","1,095","1,088","1,091","1,069","1,096","1,126","1,181","1,222","1,293","1,336","1,405","1,438","1,484","1,545","1,628","1,695","1,830","1,966","2,113","2,267","2,595","2,933","3,302","3,644","4,163","4,804","5,402","5,954","6,387","6,583","6,176","5,509","4,822","4,152","3,375","2,911","2,664","2,395","2,217","2,157","2,057","1,993","1,952","1,899","1,859","1,843","1,800","1,730","1,658","1,519","1,358","1,171",979,737,545,348,191,80,29,0,0,0,0,0,0,0,0,0,0,0,0,0,0,0
WCLu_EZL_EB>CWXr_EZL_EB@EZL,Elizabeth Line,EB,25,763,WCLu,Whitechapel,6560,CWXr,Canary Wharf EL,"81,586","2,058","15,274","17,845","27,772","13,322","5,315",0,7,30,84,201,400,549,787,932,"1,087","1,163","1,337","1,436","1,595","1,604","1,583","1,421","1,250","1,011",855,725,672,585,573,560,545,543,562,580,600,621,644,668,682,691,725,752,781,830,905,980,"1,076","1,161","1,385","1,483","1,716","1,944","2,260","2,460","2,735","2,836","2,892","2,699","2,538","2,217","1,993","1,677","1,521","1,282","1,223","1,071","1,034",986,962,933,902,873,858,825,784,738,654,598,496,441,321,241,135,82,0,0,0,0,0,0,0,0,0,0,0,0,0,0,0,0,0
CWXr_EZL_EB>CUSr_EZL_EB@EZL,Elizabeth Line,EB,26,6560,CWXr,Canary Wharf EL,6561,CUSr,Custom House EL,"59,204",959,"5,831","12,221","24,358","11,350","4,486",0,0,22,50,102,166,278,341,448,480,533,545,588,563,559,520,478,399,367,350,332,313,321,305,307,313,317,338,354,375,397,427,450,475,496,532,561,597,645,710,779,870,962,"1,046","1,282","1,372","1,588","1,870","2,153","2,282","2,512","2,561","2,550","2,295","2,104","1,788","1,586","1,274","1,178","1,001",962,841,802,786,764,740,716,701,672,636,608,547,510,432,357,286,213,117,71,35,0,0,0,0,0,0,0,0,0,0,0,0,0,0,0,0
CUSr_EZL_EB>WWCr_EZL_EB@EZL,Elizabeth Line,EB,27,6561,CUSr,Custom House EL,6562,WWCr,Woolwich EL,"48,101",669,"4,464","8,935","20,521","9,613","3,898",0,0,10,29,58,108,198,267,353,429,472,479,491,464,415,359,313,256,225,207,208,199,201,197,200,210,214,230,243,262,281,309,332,356,376,404,423,456,488,537,587,663,738,823,"1,011","1,106","1,297","1,534","1,763","1,892","2,094","2,168","2,166","2,011","1,869","1,611","1,408","1,147","1,019",852,799,698,664,644,623,607,582,571,549,526,496,494,419,399,333,279,176,139,59,29,0,0,0,0,0,0,0,0,0,0,0,0,0,0,0,0
WWCr_EZL_EB>ABWr_EZL_EB@EZL,Elizabeth Line,EB,28,6562,WWCr,Woolwich EL,5131,ABWr,Abbey Wood,"27,355",362,"2,209","5,034","12,669","5,207","1,874",0,0,3,20,29,66,95,149,163,210,215,237,223,238,211,198,162,134,114,104,98,104,114,109,115,115,122,122,133,139,156,167,187,198,216,223,243,254,278,300,335,364,417,526,584,715,781,929,"1,026","1,166","1,228","1,345","1,343","1,323","1,174","1,055",868,694,523,475,394,373,357,334,321,304,290,273,265,276,253,223,219,188,143,117,98,52,33,7,0,0,0,0,0,0,0,0,0,0,0,0,0,0,0,0
WCLu_EZL_EB>SFDu_EZL_EB@EZL,Elizabeth Line,EB,29,763,WCLu,Whitechapel,719,SFDu,Stratford,"87,407","1,578","9,102","19,654","35,540","15,128","6,405",0,0,58,127,201,274,427,491,598,682,817,875,973,960,945,824,743,602,564,519,536,502,526,506,518,519,547,571,604,635,682,716,751,781,816,861,918,976,"1,063","1,144","1,224","1,303","1,411","1,544","1,849","1,998","2,327","2,771","3,246","3,492","3,851","3,911","3,738","3,207","2,827","2,323","2,003","1,664","1,576","1,356","1,299","1,152","1,092","1,046","1,028",997,967,948,925,890,780,752,652,592,504,469,337,257,143,75,28,0,0,0,0,0,0,0,0,0,0,0,0,0,0,0
LSTr_EZL_EB>SFDu_EZL_EB@EZL,Elizabeth Line,EB,30,6965,LSTr,Liverpool Street NR,719,SFDu,Stratford,"2,352",96,0,86,"2,023",62,85,17,21,21,21,12,4,0,0,0,0,0,0,0,0,0,0,0,0,0,0,0,0,0,0,0,0,0,0,0,0,0,0,0,0,0,0,0,0,0,0,0,0,43,43,102,102,195,152,257,198,270,177,239,134,134,62,62,0,0,0,0,0,0,0,0,0,0,0,0,0,0,0,0,0,0,0,0,17,17,17,17,17,0,0,0,0,0,0,0,0,0,0,0,0,0,0
SFDu_EZL_EB>MYLr_EZL_EB@EZL,Elizabeth Line,EB,31,719,SFDu,Stratford,6970,MYLr,Maryland,"85,869","1,161","7,019","18,355","36,543","15,986","6,804",7,16,51,91,148,193,294,360,477,518,606,668,742,721,727,669,595,475,427,394,395,367,393,390,419,421,454,479,526,546,587,621,680,694,745,813,912,965,"1,072","1,181","1,277","1,341","1,446","1,631","1,918","2,115","2,463","2,873","3,249","3,516","3,799","3,881","3,779","3,380","3,024","2,547","2,225","1,864","1,704","1,459","1,392","1,210","1,150","1,089","1,052",997,946,898,870,836,811,725,723,623,583,487,437,277,230,108,55,20,20,0,0,0,0,0,0,0,0,0,0,0,0,0
MYLr_EZL_EB>FOGr_EZL_EB@EZL,Elizabeth Line,EB,32,6970,MYLr,Maryland,6876,FOGr,Forest Gate,"81,118","1,075","6,621","17,504","34,273","15,509","6,135",8,18,53,92,120,189,243,352,414,535,593,695,715,735,680,618,506,425,352,354,359,368,364,395,397,400,434,457,502,520,560,590,645,657,707,774,869,919,"1,025","1,127","1,218","1,277","1,382","1,559","1,646","2,026","2,357","2,524","3,099","3,313","3,616","3,493","3,608","3,221","2,948","2,421","2,188","1,973","1,605","1,529","1,306","1,253","1,069","1,007",972,917,868,821,792,755,730,653,649,559,524,438,393,250,207,98,51,18,18,0,0,0,0,0,0,0,0,0,0,0,0,0
FOGr_EZL_EB>MNPr_EZL_EB@EZL,Elizabeth Line,EB,33,6876,FOGr,Forest Gate,6883,MNPr,Manor Park,"73,902","1,025","6,134","15,479","32,200","13,492","5,572",10,20,30,75,120,183,231,355,404,497,548,648,665,683,630,575,468,392,328,295,294,314,303,329,359,376,387,414,445,474,497,527,568,602,627,683,766,832,896,986,"1,078","1,133","1,204","1,385","1,633","1,801","2,089","2,481","2,712","3,053","3,246","3,430","3,313","3,257","2,704","2,481","1,995","1,677","1,350","1,282","1,078","1,032",985,909,869,826,771,716,690,657,627,618,555,537,508,391,305,276,178,85,85,45,15,0,0,0,0,0,0,0,0,0,0,0,0,0
MNPr_EZL_EB>IFDr_EZL_EB@EZL,Elizabeth Line,EB,34,6883,MNPr,Manor Park,6881,IFDr,Ilford,"69,034",974,"6,049","14,612","29,752","12,757","4,890",11,22,34,80,126,160,234,308,398,447,519,579,647,636,631,584,518,414,357,318,314,302,312,313,342,357,368,392,421,448,469,496,535,565,589,641,721,783,842,923,"1,009","1,057","1,120","1,293","1,526","1,687","1,958","2,171","2,543","2,681","3,036","3,049","3,262","2,923","2,714","2,203","2,023","1,557","1,376","1,181","1,107",943,895,822,785,744,689,634,610,581,550,543,488,471,402,342,268,242,156,114,74,39,13,0,0,0,0,0,0,0,0,0,0,0,0,0
IFDr_EZL_EB>SVKr_EZL_EB@EZL,Elizabeth Line,EB,35,6881,IFDr,Ilford,6893,SVKr,Seven Kings,"54,834",732,"5,074","11,132","24,452","9,992","3,451",5,14,26,61,88,124,162,251,292,389,451,536,568,592,538,488,397,324,258,243,239,248,235,253,258,269,277,293,318,337,354,375,408,430,450,491,557,604,648,707,780,816,866,920,"1,105","1,260","1,472","1,802","2,042","2,357","2,470","2,681","2,581","2,521","2,163","1,997","1,573","1,391","1,175",999,834,780,655,593,567,530,488,409,433,412,392,346,387,304,282,239,225,160,129,71,43,22,7,0,0,0,0,0,0,0,0,0,0,0,0,0
SVKr_EZL_EB>GMYr_EZL_EB@EZL,Elizabeth Line,EB,36,6893,SVKr,Seven Kings,6878,GMYr,Goodmayes,"49,202",615,"4,765","9,814","22,179","8,758","3,072",5,13,25,42,82,99,151,199,291,331,410,465,533,529,515,471,407,321,262,230,212,212,210,213,229,250,245,265,275,304,303,333,348,386,384,427,467,534,550,618,671,731,747,901,"1,070","1,227","1,402","1,606","1,840","1,989","2,222","2,298","2,441","2,278","2,086","1,719","1,531","1,168",966,820,747,622,576,537,493,475,426,398,365,358,335,330,331,299,253,234,192,134,101,80,34,17,5,5,0,0,0,0,0,0,0,0,0,0,0,0
GMYr_EZL_EB>CTHr_EZL_EB@EZL,Elizabeth Line,EB,37,6878,GMYr,Goodmayes,6874,CTHr,Chadwell Heath,"42,011",515,"4,071","8,267","18,989","7,675","2,496",0,5,12,38,64,92,118,185,223,297,352,421,456,480,434,399,328,272,209,201,188,205,184,201,196,214,207,224,232,259,256,282,295,329,322,359,391,450,459,518,559,613,623,699,823,993,"1,116","1,313","1,549","1,725","1,877","2,009","2,099","2,034","1,835","1,615","1,351","1,115",890,772,624,578,470,434,394,382,341,323,294,291,272,268,243,246,208,192,158,135,81,62,25,12,4,4,0,0,0,0,0,0,0,0,0,0,0,0
CTHr_EZL_EB>RMFr_EZL_EB@EZL,Elizabeth Line,EB,38,6874,CTHr,Chadwell Heath,6886,RMFr,Romford,"34,830",484,"3,771","6,757","15,831","6,083","1,903",0,4,11,37,61,87,110,173,206,282,315,372,406,433,390,375,325,271,206,190,177,183,162,176,171,187,177,191,196,218,211,234,240,269,260,292,312,364,363,408,436,487,486,558,672,819,928,"1,101","1,301","1,438","1,567","1,667","1,750","1,696","1,538","1,352","1,130",922,726,622,494,454,358,325,287,281,245,239,217,220,207,209,189,194,164,149,120,102,60,45,17,8,2,2,0,0,0,0,0,0,0,0,0,0,0,0
RMFr_EZL_EB>GDPr_EZL_EB@EZL,Elizabeth Line,EB,39,6886,RMFr,Romford,6877,GDPr,Gidea Park,"20,467",268,"2,520","4,142","8,806","3,652","1,080",0,2,6,13,27,48,67,105,137,192,224,273,295,301,268,240,197,155,126,111,103,96,93,95,98,102,107,110,119,121,129,133,144,146,158,166,193,211,240,254,295,310,349,369,423,481,522,582,678,741,833,897,970,971,916,791,678,536,406,338,291,266,227,215,204,175,166,149,141,130,124,112,109,93,86,80,63,48,41,25,11,11,5,2,0,0,0,0,0,0,0,0,0,0,0,0
GDPr_EZL_EB>HROr_EZL_EB@EZL,Elizabeth Line,EB,40,6877,GDPr,Gidea Park,6879,HROr,Harold Wood,"14,639",213,"2,259","3,082","5,754","2,584",748,0,1,4,10,23,36,59,80,123,158,223,261,290,278,259,201,161,120,101,84,83,76,79,76,83,81,84,85,91,92,96,99,106,107,114,120,140,154,173,185,216,226,248,265,296,306,357,368,420,461,543,556,624,638,643,543,490,387,310,226,213,176,167,142,137,120,114,103,96,89,85,78,75,65,60,50,43,33,29,18,13,8,4,1,0,0,0,0,0,0,0,0,0,0,0,0
HROr_EZL_EB>BREr_EZL_EB@EZL,Elizabeth Line,EB,41,6879,HROr,Harold Wood,6872,BREr,Brentwood,"7,624",187,"1,829","1,453","2,540","1,230",385,0,3,13,17,21,34,41,58,80,138,171,227,241,249,202,171,124,94,68,64,56,45,41,41,40,41,41,43,46,46,48,50,52,52,53,55,63,68,74,82,92,98,107,121,129,156,160,186,182,213,201,249,235,294,266,269,214,203,132,116,93,87,73,72,71,62,56,51,45,39,39,38,36,37,33,29,25,22,16,12,7,4,2,0,0,0,0,0,0,0,0,0,0,0,0,0
BREr_EZL_EB>SNFr_EZL_EB@EZL,Elizabeth Line,EB,42,6872,BREr,Brentwood,6888,SNFr,Shenfield,"2,418",235,"1,249",377,361,142,53,0,0,5,20,36,42,61,72,92,100,153,155,169,149,137,86,77,52,45,34,33,23,21,13,16,12,12,10,13,11,11,10,13,13,13,12,16,15,15,17,18,18,20,22,22,24,29,31,34,35,37,33,32,29,29,25,23,19,17,13,13,10,10,8,8,7,7,6,6,6,6,6,5,5,5,4,3,3,3,1,1,0,0,0,0,0,0,0,0,0,0,0,0,0,0,0
SNFr_EZL_WB>BREr_EZL_WB@EZL,Elizabeth Line,WB,1,6888,SNFr,Shenfield,6872,BREr,Brentwood,"3,235",128,736,524,"1,365",429,52,1,1,4,4,15,23,29,51,64,86,88,102,93,84,66,57,38,25,23,10,10,10,11,11,11,11,11,11,10,10,11,12,13,21,25,26,25,28,24,29,42,50,54,60,68,64,78,93,122,130,151,149,151,131,123,106,90,75,62,50,32,33,21,19,12,14,11,10,8,8,6,6,6,6,5,4,2,0,0,0,0,0,0,0,0,0,0,0,0,0,0,0,0,0,0,0
BREr_EZL_WB>HROr_EZL_WB@EZL,Elizabeth Line,WB,2,6872,BREr,Brentwood,6879,HROr,Harold Wood,"7,873","1,032","2,962","1,891","1,485",407,97,14,37,73,105,138,183,225,256,327,367,409,383,366,283,240,170,144,109,92,71,64,62,60,65,63,64,63,65,61,64,56,57,53,57,55,63,63,63,60,97,146,147,164,180,159,120,138,144,160,147,150,129,119,82,76,60,60,42,44,41,38,34,35,30,25,20,20,18,19,16,14,11,10,6,6,5,3,1,0,0,0,0,0,0,0,0,0,0,0,0,0,0,0,2,2,2
HROr_EZL_WB>GDPr_EZL_WB@EZL,Elizabeth Line,WB,3,6879,HROr,Harold Wood,6877,GDPr,Gidea Park,"14,081","2,540","5,768","3,052","1,990",593,138,52,120,175,291,364,447,514,576,627,702,737,724,692,572,488,375,283,226,189,154,137,133,130,130,126,126,123,125,118,114,111,108,100,102,103,104,101,102,97,130,156,178,187,211,196,184,181,197,197,198,183,176,147,129,103,99,80,76,62,60,52,48,44,42,36,33,31,30,30,26,23,18,14,8,6,4,2,1,0,0,0,0,0,0,0,0,0,0,0,0,0,0,0,2,2,2
GDPr_EZL_WB>RMFr_EZL_WB@EZL,Elizabeth Line,WB,4,6877,GDPr,Gidea Park,6886,RMFr,Romford,"19,295","3,374","8,448","4,010","2,488",789,187,75,171,256,366,498,582,666,760,859,946,"1,031","1,030",987,876,730,578,469,373,313,255,226,193,186,184,178,175,169,169,160,154,152,149,139,138,134,131,125,126,124,158,183,194,220,243,232,230,243,250,253,238,230,207,183,152,145,125,116,96,90,78,69,64,58,53,46,41,39,39,34,34,30,24,18,15,8,6,3,2,0,0,0,0,0,0,0,0,0,0,0,0,0,0,0,4,4,4
RMFr_EZL_WB>CTHr_EZL_WB@EZL,Elizabeth Line,WB,5,6886,RMFr,Romford,6874,CTHr,Chadwell Heath,"31,764","5,484","14,028","6,278","4,220","1,390",364,73,143,297,556,808,"1,039","1,226","1,341","1,464","1,516","1,642","1,641","1,613","1,431","1,222","1,004",836,663,526,471,354,315,310,302,284,276,284,283,268,256,263,259,238,226,231,222,207,203,212,217,238,262,268,302,338,339,365,429,441,435,417,405,329,278,230,213,167,163,146,141,129,114,108,102,88,81,78,75,66,59,56,48,35,27,22,11,6,4,1,0,0,0,0,0,0,0,0,0,0,0,0,0,0,9,9,9
CTHr_EZL_WB>GMYr_EZL_WB@EZL,Elizabeth Line,WB,6,6874,CTHr,Chadwell Heath,6878,GMYr,Goodmayes,"39,293","6,749","17,459","8,027","4,950","1,708",400,119,234,444,650,980,"1,227","1,438","1,658","1,774","1,937","1,964","2,063","1,922","1,765","1,487","1,296","1,041",845,762,604,528,427,417,403,380,367,373,365,346,330,335,327,306,293,300,287,267,259,267,266,279,278,313,312,352,366,417,454,512,509,517,484,428,347,308,256,228,195,191,166,152,135,128,122,105,99,96,92,81,73,67,57,42,32,25,12,7,4,1,0,0,0,0,0,0,0,0,0,0,0,0,0,0,0,0,0
GMYr_EZL_WB>SVKr_EZL_WB@EZL,Elizabeth Line,WB,7,6878,GMYr,Goodmayes,6893,SVKr,Seven Kings,"46,569","8,061","20,044","10,002","5,877","2,075",510,162,231,422,834,"1,207","1,484","1,782","1,939","2,028","2,012","2,215","2,205","2,222","2,031","1,817","1,526","1,301","1,065",847,776,595,552,518,513,476,456,451,452,430,411,450,409,387,367,367,323,342,324,324,334,337,376,384,424,461,483,497,570,603,607,574,566,476,404,327,310,243,236,207,207,191,176,162,156,140,126,119,112,102,93,80,67,54,39,26,21,14,8,5,2,0,0,0,0,0,0,0,0,0,0,0,0,0,0,0,0
SVKr_EZL_WB>IFDr_EZL_WB@EZL,Elizabeth Line,WB,8,6893,SVKr,Seven Kings,6881,IFDr,Ilford,"52,796","8,985","22,591","11,814","6,488","2,343",575,134,298,522,966,"1,226","1,765","1,890","2,186","2,128","2,400","2,307","2,559","2,442","2,323","2,024","1,796","1,468","1,214","1,038",894,759,653,619,608,564,538,532,527,503,483,472,479,455,432,433,436,401,381,381,391,396,438,448,487,519,537,553,626,658,660,628,616,522,449,372,347,275,265,235,232,216,200,184,176,157,141,135,128,115,105,91,75,60,44,29,23,16,9,5,2,0,0,0,0,0,0,0,0,0,0,0,0,0,0,0,0
IFDr_EZL_WB>MNPr_EZL_WB@EZL,Elizabeth Line,WB,9,6881,IFDr,Ilford,6883,MNPr,Manor Park,"66,983","10,321","27,589","16,322","8,388","3,483",880,196,403,701,"1,116","1,376","1,973","2,141","2,416","2,511","2,730","2,703","2,921","2,870","2,755","2,507","2,239","1,899","1,687","1,454","1,312","1,106","1,000",851,829,773,736,728,718,688,665,656,658,626,598,603,601,558,533,539,551,557,565,569,617,638,671,722,808,831,841,783,778,681,604,505,524,436,410,366,368,303,280,263,246,222,205,198,186,171,142,138,114,94,70,63,38,25,14,8,3,0,0,0,0,0,0,0,0,0,0,0,0,0,0,0,0
MNPr_EZL_WB>FOGr_EZL_WB@EZL,Elizabeth Line,WB,10,6883,MNPr,Manor Park,6876,FOGr,Forest Gate,"72,194","11,250","29,384","18,077","8,912","3,560","1,010",223,323,613,"1,235","1,598","2,006","2,467","2,784","2,703","2,905","3,021","3,096","3,044","2,936","2,697","2,416","2,056","1,722","1,475","1,314","1,113","1,012",955,927,880,830,799,796,771,745,723,721,704,672,653,663,638,601,586,603,603,671,675,737,712,741,717,790,810,872,869,866,773,687,580,496,415,391,347,346,330,302,280,264,246,223,211,205,190,170,161,137,111,87,65,39,26,14,8,4,0,0,0,0,0,0,0,0,0,0,0,0,0,0,0,0
FOGr_EZL_WB>MYLr_EZL_WB@EZL,Elizabeth Line,WB,11,6876,FOGr,Forest Gate,6970,MYLr,Maryland,"79,451","11,924","32,407","20,246","9,823","3,969","1,083",251,373,708,"1,153","1,778","2,047","2,709","2,905","2,998","3,008","3,205","3,194","3,212","3,203","3,065","2,748","2,404","2,100","1,805","1,467","1,368","1,138","1,081","1,049",994,936,898,893,861,830,806,803,781,746,731,743,713,672,659,676,675,685,755,755,794,823,864,874,957,950,944,880,840,708,639,549,518,430,422,377,356,325,302,285,263,240,229,221,203,182,156,146,119,93,70,60,28,14,8,4,0,0,0,0,0,0,0,0,0,0,0,0,0,0,0,0
MYLr_EZL_WB>SFDu_EZL_WB@EZL,Elizabeth Line,WB,12,6970,MYLr,Maryland,719,SFDu,Stratford,"84,676","12,197","34,776","21,727","10,548","4,294","1,134",167,405,770,"1,254","1,665","2,314","2,683","2,939","3,203","3,253","3,389","3,399","3,555","3,369","3,233","2,907","2,608","2,214","1,901","1,745","1,439","1,334","1,152","1,121","1,061","1,000",961,953,917,885,860,856,833,797,783,796,764,721,712,731,729,743,752,828,797,840,878,949,957,"1,025","1,009","1,005",916,823,702,647,551,506,451,445,378,344,320,299,274,251,241,233,214,191,164,151,123,97,74,58,29,15,9,4,4,0,0,0,0,0,0,0,0,0,0,0,0,0,0,0
SFDu_EZL_WB>LSTr_EZL_WB@EZL,Elizabeth Line,WB,13,719,SFDu,Stratford,6965,LSTr,Liverpool Street NR,"3,061",410,"2,508",120,0,0,23,103,103,103,103,0,0,0,0,98,98,210,210,374,276,276,255,255,152,152,152,60,60,0,0,0,0,0,0,0,0,0,0,0,0,0,0,0,0,0,0,0,0,0,0,0,0,0,0,0,0,0,0,0,0,0,0,0,0,0,0,0,0,0,0,0,0,0,0,0,0,0,0,0,0,0,0,5,5,5,5,5,0,0,0,0,0,0,0,0,0,0,0,0,0,0,0
SFDu_EZL_WB>WCLu_EZL_WB@EZL,Elizabeth Line,WB,14,719,SFDu,Stratford,763,WCLu,Whitechapel,"84,084","10,614","32,034","22,062","12,865","5,090","1,420",97,307,458,862,"1,572","1,927","2,471","2,919","2,847","2,909","2,901","3,134","2,953","3,262","3,023","2,988","2,405","2,240","1,837","1,534","1,355","1,171","1,115","1,083","1,053","1,007",958,940,919,893,865,860,851,824,807,816,808,782,764,777,785,795,902,932,"1,006","1,069","1,151","1,162","1,239","1,245","1,242","1,134","1,086",940,862,728,690,567,545,459,445,414,382,367,340,310,289,281,258,243,222,187,151,121,86,60,44,27,14,7,0,0,0,0,0,0,0,0,0,0,0,0,0,0,0,0
ABWr_EZL_WB>WWCr_EZL_WB@EZL,Elizabeth Line,WB,15,5131,ABWr,Abbey Wood,6562,WWCr,Woolwich EL,"25,354","4,404","12,201","4,925","2,603","1,011",210,61,145,276,420,636,754,972,"1,140","1,246","1,375","1,460","1,442","1,295","1,170","1,028",850,705,635,573,423,382,292,256,241,227,223,215,213,204,210,209,206,196,188,176,167,158,152,153,158,163,166,187,183,193,200,219,221,248,245,260,248,229,196,190,154,143,127,120,96,91,77,73,68,61,56,50,48,44,42,34,29,22,17,10,8,3,2,0,0,0,0,0,0,0,0,0,0,0,0,0,0,0,0,0,0
WWCr_EZL_WB>CUSr_EZL_WB@EZL,Elizabeth Line,WB,16,6562,WWCr,Woolwich EL,6561,CUSr,Custom House EL,"47,594","6,976","21,594","10,426","5,996","2,157",446,70,278,497,750,979,"1,333","1,415","1,654","1,815","2,024","2,119","2,319","2,269","2,252","2,046","1,848","1,517","1,340","1,077",969,750,692,559,523,481,461,445,437,422,429,430,427,406,390,378,365,345,336,340,339,342,357,364,409,436,467,510,570,579,583,564,543,494,459,402,387,338,293,237,221,180,159,148,137,124,116,104,101,93,82,71,58,43,32,27,17,12,7,4,0,0,0,0,0,0,0,0,0,0,0,0,0,0,0,0,0
CUSr_EZL_WB>CWXr_EZL_WB@EZL,Elizabeth Line,WB,17,6561,CUSr,Custom House EL,6560,CWXr,Canary Wharf EL,"58,807","7,631","25,475","14,040","8,280","2,782",598,85,166,439,721,"1,149","1,363","1,822","1,885","2,069","2,119","2,392","2,419","2,646","2,641","2,637","2,317","2,074","1,680","1,397","1,084",981,786,746,691,651,607,589,573,566,552,561,555,547,521,512,495,487,467,473,480,495,509,596,600,665,692,730,736,801,781,799,773,693,600,555,455,387,349,326,263,250,229,204,184,172,152,142,126,119,104,99,80,65,50,38,20,13,8,3,0,0,0,0,0,0,0,0,0,0,0,0,0,0,0,0,0
CWXr_EZL_WB>WCLu_EZL_WB@EZL,Elizabeth Line,WB,18,6560,CWXr,Canary Wharf EL,763,WCLu,Whitechapel,"80,579","7,459","28,656","19,532","18,070","5,697","1,165",0,179,449,737,"1,025","1,476","1,663","1,930","1,985","2,182","2,356","2,633","2,802","2,995","3,037","2,886","2,492","2,093","1,762","1,433","1,142","1,057",917,873,831,790,779,767,762,749,760,756,749,720,717,713,710,698,732,760,793,831,897,"1,029","1,059","1,168","1,343","1,553","1,681","1,852","1,919","1,910","1,674","1,509","1,282","1,118",887,827,664,605,491,435,384,342,307,271,253,232,214,195,173,160,132,106,80,61,28,13,5,0,0,0,0,0,0,0,0,0,0,0,0,0,0,0,0,0
WCLu_EZL_WB>LSTu_EZL_WB@EZL,Elizabeth Line,WB,19,763,WCLu,Whitechapel,634,LSTu,Liverpool Street LU,"162,695","15,492","61,470","42,324","30,125","10,758","2,526",109,394,774,"1,385","2,102","2,857","3,650","4,220","4,643","4,997","5,238","5,662","6,008","6,227","6,109","5,907","5,181","4,479","3,768","3,251","2,765","2,376","2,145","1,981","1,909","1,835","1,768","1,754","1,727","1,693","1,657","1,661","1,629","1,575","1,531","1,546","1,531","1,502","1,488","1,548","1,570","1,605","1,672","1,856","1,961","2,139","2,331","2,632","2,808","2,973","3,009","2,977","2,737","2,478","2,168","1,912","1,666","1,445","1,232","1,093",943,815,733,676,607,550,510,487,457,422,383,330,288,222,169,118,81,33,16,6,0,0,0,0,0,0,0,0,0,0,0,0,0,0,0,0
LSTu_EZL_WB>FARu_EZL_WB@EZL,Elizabeth Line,WB,20,634,LSTu,Liverpool Street LU,577,FARu,Farringdon,"160,190","12,765","53,748","42,887","35,749","12,284","2,757",47,319,591,"1,106","1,678","2,437","2,939","3,648","4,026","4,406","4,515","5,033","5,177","5,406","5,240","5,122","4,529","3,975","3,341","2,979","2,580","2,273","2,049","1,944","1,882","1,849","1,772","1,778","1,745","1,729","1,668","1,694","1,653","1,621","1,561","1,591","1,570","1,581","1,552","1,638","1,659","1,728","1,774","1,996","2,143","2,398","2,668","3,094","3,412","3,655","3,713","3,605","3,346","2,934","2,555","2,224","1,971","1,668","1,441","1,241","1,069",924,817,753,680,619,564,536,502,456,418,369,309,238,186,127,80,41,21,9,0,0,0,0,0,0,0,0,0,0,0,0,0,0,0,0
FARu_EZL_WB>TCRu_EZL_WB@EZL,Elizabeth Line,WB,21,577,FARu,Farringdon,728,TCRu,Tottenham Court Road,"152,597","10,083","43,906","41,437","40,636","13,423","3,113",0,169,368,816,"1,276","1,979","2,394","3,081","3,444","3,805","3,911","4,366","4,424","4,453","4,178","3,968","3,451","3,000","2,540","2,366","2,090","1,921","1,730","1,710","1,664","1,705","1,652","1,706","1,674","1,696","1,615","1,658","1,603","1,605","1,536","1,602","1,573","1,621","1,591","1,709","1,736","1,864","1,928","2,249","2,355","2,676","2,966","3,425","3,780","4,186","4,325","4,270","3,895","3,434","2,873","2,452","2,029","1,794","1,487","1,350","1,116","1,046",925,871,785,737,658,625,564,511,456,421,357,284,220,153,82,38,19,8,0,0,0,0,0,0,0,0,0,0,0,0,0,0,0,0
TCRu_EZL_WB>BDSu_EZL_WB@EZL,Elizabeth Line,WB,22,728,TCRu,Tottenham Court Road,524,BDSu,Bond Street,"133,314","7,826","32,901","35,384","37,975","14,750","4,476",0,180,354,584,980,"1,531","1,840","2,358","2,740","3,018","3,031","3,342","3,305","3,354","3,053","2,916","2,475","2,191","1,800","1,676","1,546","1,432","1,342","1,323","1,383","1,354","1,417","1,398","1,464","1,417","1,431","1,374","1,418","1,348","1,374","1,353","1,430","1,392","1,472","1,498","1,639","1,676","1,847","2,055","2,231","2,381","2,765","3,047","3,517","3,763","4,089","3,937","3,769","3,225","2,875","2,375","2,058","1,757","1,552","1,376","1,231","1,145","1,090","1,000",961,882,866,831,810,727,696,598,519,399,315,202,128,45,20,14,4,0,0,0,0,0,0,0,0,0,0,0,0,0,0,0
BDSu_EZL_WB>PADu_EZL_WB@EZL,Elizabeth Line,WB,23,524,BDSu,Bond Street,670,PADu,Paddington TfL,"121,192","6,103","23,105","31,164","39,625","16,228","4,966",0,82,292,497,812,"1,233","1,500","1,687","1,980","2,072","2,144","2,251","2,380","2,264","2,204","2,011","1,777","1,525","1,328","1,169","1,114","1,078","1,041","1,052","1,128","1,094","1,175","1,154","1,231","1,186","1,233","1,184","1,254","1,195","1,249","1,223","1,315","1,275","1,390","1,425","1,596","1,642","1,857","2,075","2,271","2,369","2,646","3,069","3,395","3,860","4,131","4,341","4,035","3,652","3,110","2,746","2,206","1,900","1,703","1,508","1,359","1,268","1,221","1,113","1,076",982,966,925,904,809,784,668,582,436,346,215,139,41,25,15,4,0,0,0,0,0,0,0,0,0,0,0,0,0,0,0
PADu_EZL_WB>AMLr_EZL_WB@EZL,Elizabeth Line,WB,24,670,PADu,Paddington TfL,3000,AMLr,Acton Main Line,"86,130","3,642","12,281","22,634","30,396","13,215","3,962",0,70,230,321,524,686,866,945,"1,134","1,204","1,328","1,279","1,314","1,178","1,100",890,846,688,700,621,719,672,732,682,761,716,820,779,882,829,916,848,947,896,976,926,"1,031",969,"1,078","1,071","1,233","1,233","1,426","1,492","1,789","1,815","2,083","2,317","2,650","2,828","3,127","3,177","3,152","2,822","2,486","2,149","1,854","1,517","1,419","1,264","1,152","1,055",987,901,848,773,734,709,680,667,590,562,458,389,259,205,97,55,0,0,0,0,0,0,0,0,0,0,0,0,0,0,0,0,0,0
PADr_EZL_WB>AMLr_EZL_WB@EZL,Elizabeth Line,WB,25,3087,PADr,Paddington NR,3000,AMLr,Acton Main Line,119,77,0,0,0,0,42,12,14,17,15,11,5,3,0,0,0,0,0,0,0,0,0,0,0,0,0,0,0,0,0,0,0,0,0,0,0,0,0,0,0,0,0,0,0,0,0,0,0,0,0,0,0,0,0,0,0,0,0,0,0,0,0,0,0,0,0,0,0,0,0,0,0,0,0,0,0,0,0,0,0,0,0,0,0,0,0,0,0,0,0,0,0,0,0,0,0,0,0,9,11,11,11
AMLr_EZL_WB>EBYu_EZL_WB@EZL,Elizabeth Line,WB,26,3000,AMLr,Acton Main Line,560,EBYu,Ealing Broadway,"82,970","3,302","11,893","21,938","28,894","12,959","3,984",19,23,194,268,466,576,915,840,"1,144","1,036","1,207","1,024","1,236",998,"1,139",949,971,762,782,645,735,647,740,658,764,680,815,738,877,794,922,812,946,854,975,879,"1,024",926,"1,065",999,"1,196","1,148","1,370","1,374","1,635","1,676","1,992","2,128","2,513","2,689","2,979","3,009","2,973","2,716","2,477","2,106","1,839","1,573","1,420","1,220","1,143",998,976,854,838,728,722,649,641,605,553,518,483,416,298,241,134,55,0,0,0,0,0,0,0,0,0,0,0,0,0,0,7,11,11,11
EBYu_EZL_WB>WEAr_EZL_WB@EZL,Elizabeth Line,WB,27,560,EBYu,Ealing Broadway,3188,WEAr,West Ealing,"75,098","3,179","10,628","20,277","26,455","11,336","3,222",34,40,207,275,464,559,800,801,"1,001",975,"1,130","1,037","1,132",973,995,805,796,609,644,532,625,562,664,585,695,619,750,677,812,731,856,749,875,786,814,810,946,855,987,"1,019","1,125","1,095","1,311","1,327","1,591","1,606","1,724","1,989","2,149","2,437","2,540","2,878","2,677","2,593","2,221","2,051","1,640","1,406","1,279","1,090","1,005",882,848,740,706,614,592,534,515,495,443,416,354,337,236,196,110,77,0,0,0,0,0,0,0,0,0,0,0,0,0,0,8,12,12,12
WEAr_EZL_WB>HANr_EZL_WB@EZL,Elizabeth Line,WB,28,3188,WEAr,West Ealing,3191,HANr,Hanwell,"72,195","3,044","10,583","19,764","25,168","10,647","2,988",24,44,114,292,379,577,710,904,912,"1,068","1,023","1,128","1,025","1,055",904,898,716,694,557,602,537,622,572,655,596,693,644,754,710,812,749,834,765,861,796,884,828,927,859,992,973,"1,159","1,152","1,389","1,405","1,670","1,657","2,031","2,051","2,453","2,402","2,722","2,424","2,432","1,999","1,921","1,467","1,400","1,144","1,089",891,876,756,734,633,607,528,522,473,476,404,399,320,308,215,182,102,74,0,0,0,0,0,0,0,0,0,0,0,0,0,0,0,12,12,12
HANr_EZL_WB>STLr_EZL_WB@EZL,Elizabeth Line,WB,29,3191,HANr,Hanwell,3187,STLr,Southall,"69,845","3,087","10,405","19,324","23,934","10,303","2,792",31,51,123,300,381,580,713,907,913,"1,066","1,017","1,120","1,010","1,035",881,873,690,673,540,588,525,613,563,647,586,683,634,744,699,800,736,820,749,841,775,863,806,904,836,966,945,"1,127","1,114","1,349","1,359","1,620","1,598","1,749","1,970","2,118","2,295","2,385","2,530","2,325","2,147","1,837","1,617","1,330","1,086","1,036",842,831,714,694,595,572,495,491,441,445,375,374,297,240,200,171,94,69,49,0,0,0,0,0,0,0,0,0,0,0,0,0,0,12,12,12
STLr_EZL_WB>HAYr_EZL_WB@EZL,Elizabeth Line,WB,30,3187,STLr,Southall,3186,HAYr,Hayes & Harlington,"60,885","2,897","9,890","17,250","20,125","8,375","2,349",46,62,137,294,351,531,661,815,840,973,945,"1,026",955,"1,023",864,843,698,662,494,566,508,574,539,611,554,642,596,700,648,743,679,758,673,754,690,766,702,795,728,826,800,943,932,"1,090","1,117","1,369","1,467","1,609","1,629","1,955","1,858","2,022","1,942","2,001","1,616","1,541","1,205","1,125",903,863,742,667,597,551,493,450,404,374,356,344,338,332,281,220,186,120,60,44,33,0,0,0,0,0,0,0,0,0,0,0,0,0,0,12,12,12
HAYr_EZL_WB>HXXr_EZL_WB@EZL,Elizabeth Line,WB,31,3186,HAYr,Hayes & Harlington,7090,HXXr,Heathrow Terminals 2 & 3 EL,"28,603","2,288","5,673","11,314","6,664","2,297",368,47,60,128,274,300,385,507,587,520,592,564,563,483,527,449,481,383,407,325,380,329,377,365,451,386,484,459,536,466,566,481,558,457,532,441,476,428,512,426,510,479,545,472,576,509,608,540,587,487,631,526,621,553,635,471,495,356,376,271,269,207,195,149,139,103,96,73,66,51,55,49,40,46,39,24,17,17,0,0,0,0,0,0,0,0,0,0,0,0,0,0,0,0,10,10,10
HXXr_EZL_WB>HAFr_EZL_WB@EZL,Elizabeth Line,WB,32,7090,HXXr,Heathrow Terminals 2 & 3 EL,7091,HAFr,Heathrow Terminal 4 EL,"5,551",333,956,"1,903","1,490",738,132,5,9,12,27,44,62,79,96,104,103,109,109,103,94,84,72,58,47,39,34,29,31,36,47,56,66,82,95,105,116,122,121,116,105,94,85,75,70,68,68,71,74,82,89,95,102,112,120,126,133,138,142,141,135,126,122,112,103,95,86,72,59,48,41,36,31,28,26,24,22,17,18,14,13,9,9,3,3,0,0,0,0,0,0,0,0,0,0,0,0,0,0,0,0,0,0
HXXr_EZL_WB>HWVr_EZL_WB@EZL,Elizabeth Line,WB,33,7090,HXXr,Heathrow Terminals 2 & 3 EL,9846,HWVr,Heathrow Terminal 5 EL,"9,721",614,"1,651","4,627","2,126",549,152,42,42,52,43,107,74,133,122,182,119,173,115,173,113,166,111,158,100,148,95,157,110,178,130,209,147,234,166,254,175,258,172,254,165,242,159,237,155,236,159,245,166,250,169,248,163,246,162,234,155,222,139,192,120,156,89,114,61,81,46,61,35,45,25,32,17,22,12,16,9,21,16,26,22,22,10,10,0,0,0,0,0,0,0,0,0,0,0,0,0,0,0,0,0,0,0
HAYr_EZL_WB>WDTr_EZL_WB@EZL,Elizabeth Line,WB,34,3186,HAYr,Hayes & Harlington,3174,WDTr,West Drayton,"24,122",577,"3,211","4,733","9,928","4,432","1,241",2,2,16,28,59,95,163,211,276,310,339,337,347,313,301,262,236,183,171,137,143,124,143,132,146,135,153,141,160,154,172,164,179,172,196,190,214,214,239,238,279,298,360,387,472,519,605,630,787,830,990,"1,010","1,148","1,053","1,031",853,781,578,503,403,372,309,305,270,264,225,223,198,208,188,195,153,151,102,95,53,53,22,22,0,0,0,0,0,0,0,0,0,0,0,0,0,0,0,0,0
WDTr_EZL_WB>IVRr_EZL_WB@EZL,Elizabeth Line,WB,35,3174,WDTr,West Drayton,3170,IVRr,Iver,"18,517",578,"2,699","3,559","7,529","3,282",871,3,3,18,31,62,96,162,204,254,278,296,288,287,258,247,212,190,145,138,106,114,94,111,100,114,104,121,108,127,117,132,121,136,125,148,138,161,156,177,170,206,217,272,290,362,395,456,468,587,617,744,763,875,813,795,653,599,434,370,294,274,223,227,198,197,163,164,140,153,133,141,109,107,69,64,34,34,14,14,0,0,0,0,0,0,0,0,0,0,0,0,0,0,0,0,0
IVRr_EZL_WB>LNYr_EZL_WB@EZL,Elizabeth Line,WB,36,3170,IVRr,Iver,3171,LNYr,Langley,"18,067",564,"2,656","3,483","7,322","3,202",841,3,3,17,30,60,93,158,200,250,274,290,283,282,253,243,209,187,144,136,105,113,93,111,98,113,101,119,106,125,114,131,118,134,119,143,132,157,150,176,166,202,212,267,282,353,384,443,452,568,597,724,743,854,793,776,635,583,421,361,286,269,217,223,192,193,158,161,137,151,129,138,106,102,64,61,31,31,13,13,0,0,0,0,0,0,0,0,0,0,0,0,0,0,0,0,0
LNYr_EZL_WB>SLOr_EZL_WB@EZL,Elizabeth Line,WB,37,3171,LNYr,Langley,3172,SLOr,Slough,"17,325",540,"2,567","3,434","6,959","3,066",760,3,3,15,28,56,89,152,193,241,266,281,275,273,245,234,201,180,138,132,101,113,93,113,88,119,104,123,111,143,118,134,118,99,99,141,130,155,178,146,162,200,210,269,269,361,386,443,443,518,572,582,697,704,837,722,693,541,487,333,261,251,204,211,179,181,146,149,125,140,117,125,95,93,57,43,28,28,12,12,12,0,0,0,0,0,0,0,0,0,0,0,0,0,0,0,0
SLOr_EZL_WB>BNMr_EZL_WB@EZL,Elizabeth Line,WB,38,3172,SLOr,Slough,3176,BNMr,Burnham,"12,919",356,"2,249","2,549","5,057","2,150",558,0,6,6,22,36,58,87,142,169,204,223,235,230,238,220,210,172,151,104,93,67,82,61,84,73,90,73,95,78,97,83,104,86,102,86,113,100,125,113,143,128,163,175,228,236,293,340,341,388,411,490,478,565,527,555,435,394,302,243,184,167,163,132,143,115,119,90,97,75,90,74,80,60,62,36,34,17,17,6,6,0,0,0,0,0,0,0,0,0,0,0,0,0,0,0,0
BNMr_EZL_WB>TAPr_EZL_WB@EZL,Elizabeth Line,WB,39,3176,BNMr,Burnham,3151,TAPr,Taplow,"10,669",293,"2,067","2,169","4,000","1,703",436,0,5,5,19,27,45,72,120,145,184,199,217,214,224,206,202,156,140,95,86,60,75,52,75,60,78,64,87,66,85,71,92,73,91,75,100,82,108,93,119,101,133,142,190,194,248,283,289,275,346,335,386,392,448,414,388,295,275,188,147,127,126,101,115,87,95,69,77,57,72,57,64,47,47,26,27,13,13,6,6,0,0,0,0,0,0,0,0,0,0,0,0,0,0,0,0
TAPr_EZL_WB>MAIr_EZL_WB@EZL,Elizabeth Line,WB,40,3151,TAPr,Taplow,3147,MAIr,Maidenhead,"10,267",303,"2,134","2,087","3,727","1,596",420,0,5,5,19,29,47,74,123,149,189,206,227,224,235,213,207,159,142,95,87,60,75,51,73,58,76,62,85,66,84,70,90,71,86,71,94,78,101,88,111,96,127,134,180,183,233,234,274,258,327,315,397,367,419,359,361,269,250,171,158,117,118,96,107,83,89,65,73,55,69,55,61,45,45,25,27,13,13,6,6,0,0,0,0,0,0,0,0,0,0,0,0,0,0,0,0
MAIr_EZL_WB>TWYr_EZL_WB@EZL,Elizabeth Line,WB,41,3147,MAIr,Maidenhead,3155,TWYr,Twyford,"4,758",242,"1,663","1,140","1,188",416,109,0,6,6,18,27,41,57,88,105,137,150,189,191,198,179,174,113,101,64,62,40,55,34,55,36,52,36,54,33,51,36,54,36,50,32,50,31,53,39,58,41,64,63,88,88,120,97,118,93,111,80,126,84,109,72,90,45,58,32,47,28,41,28,39,24,32,19,25,14,22,13,20,14,14,6,6,0,0,0,0,0,0,0,0,0,0,0,0,0,0,0,0,0,0,0,0
TWYr_EZL_WB>RDGr_EZL_WB@EZL,Elizabeth Line,WB,42,3155,TWYr,Twyford,3149,RDGr,Reading,"4,149",142,"1,530",950,"1,015",375,137,0,0,6,6,18,25,37,50,77,90,121,141,179,181,188,169,152,95,85,52,52,36,51,32,51,33,48,33,49,30,45,30,45,29,40,26,39,25,43,31,46,33,51,49,66,67,93,91,97,98,98,88,92,83,78,66,58,38,35,23,31,23,35,24,35,23,31,20,28,17,23,15,20,11,11,5,5,0,0,0,0,0,0,0,0,0,0,0,0,0,0,0,0,0,0,0
BKGu_DIS_WB>EHMu_DIS_WB@HAM,H&C and Circle,IR,1,514,BKGu,Barking,566,EHMu,East Ham,"6,087","1,271","1,811","1,660",887,373,85,38,77,140,159,212,243,225,177,202,161,181,179,194,157,176,122,128,118,115,77,91,83,81,85,84,73,66,64,65,74,65,69,61,59,56,64,60,67,61,65,64,64,69,68,86,78,93,79,93,67,85,68,76,60,61,41,48,40,41,36,37,32,27,27,23,23,18,20,16,17,13,12,9,8,5,3,2,0,0,0,0,0,0,0,0,0,0,0,0,0,0,0,0,0,0,0
EHMu_DIS_WB>UPKu_DIS_WB@HAM,H&C and Circle,IR,2,566,EHMu,East Ham,739,UPKu,Upton Park,"10,013","1,988","3,195","2,852","1,247",564,167,85,139,189,258,272,333,366,347,291,334,344,298,326,318,308,231,214,190,199,142,158,149,153,127,139,110,127,101,123,109,128,107,124,99,120,101,119,101,115,95,116,101,120,106,118,117,115,112,115,116,97,113,93,96,75,80,66,62,59,56,52,42,48,37,42,32,38,31,34,27,28,19,19,13,12,7,6,2,1,0,0,0,0,0,0,0,0,0,0,0,0,0,0,0,0,0
UPKu_DIS_WB>PLWu_DIS_WB@HAM,H&C and Circle,IR,3,739,UPKu,Upton Park,676,PLWu,Plaistow,"14,012","2,606","4,584","3,995","1,749",825,254,120,187,248,344,375,436,427,468,398,455,382,468,412,455,379,429,320,328,286,273,223,212,208,176,192,152,174,144,170,150,182,152,180,148,178,149,173,144,166,138,139,146,147,152,161,184,154,175,151,157,132,154,128,131,106,116,85,91,90,85,75,73,70,54,58,46,54,44,50,41,42,30,30,19,18,11,9,3,2,0,0,0,0,0,0,0,0,0,0,0,0,0,0,0,0,0
PLWu_DIS_WB>WHMu_DIS_WB@HAM,H&C and Circle,IR,4,676,PLWu,Plaistow,757,WHMu,West Ham,"15,618","2,889","5,234","4,427","1,873",902,292,100,183,280,313,425,534,518,536,534,517,436,527,467,514,433,482,364,368,287,305,219,238,198,231,189,203,165,195,156,191,169,197,167,196,161,196,166,190,156,187,151,182,159,167,173,175,168,166,187,148,168,149,162,128,138,112,110,97,94,90,82,77,65,72,54,59,47,56,46,51,41,42,29,27,20,16,10,7,4,0,0,0,0,0,0,0,0,0,0,0,0,0,0,0,0,0
WHMu_DIS_WB>BBBu_DIS_WB@HAM,H&C and Circle,IR,5,757,WHMu,West Ham,530,BBBu,Bromley-by-Bow,"14,705","2,621","5,112","4,131","1,768",819,254,73,148,248,296,385,442,502,528,526,446,507,525,455,445,495,417,351,320,328,299,268,236,231,225,179,195,159,190,153,174,148,177,142,171,144,171,139,164,133,162,133,139,142,154,157,159,177,153,172,140,160,143,154,120,129,105,104,90,88,80,73,67,57,64,51,54,42,49,39,42,34,35,25,23,18,16,10,8,4,1,0,0,0,0,0,0,0,0,0,0,0,0,0,0,0,0
BBBu_DIS_WB>BWRu_DIS_WB@HAM,H&C and Circle,IR,6,530,BBBu,Bromley-by-Bow,528,BWRu,Bow Road,"15,780","2,620","5,538","4,535","1,962",862,263,73,147,247,296,407,448,513,489,544,464,530,478,548,488,544,464,473,352,359,295,294,230,251,220,224,211,200,207,192,189,162,192,155,182,156,184,151,176,147,177,147,154,161,172,144,176,173,170,191,185,178,183,169,132,144,117,114,92,95,79,77,63,67,60,59,55,50,50,46,42,34,35,25,23,19,16,10,8,4,0,0,0,0,0,0,0,0,0,0,0,0,0,0,0,0,0
BWRu_DIS_WB>MLEu_DIS_WB@HAM,H&C and Circle,IR,7,528,BWRu,Bow Road,642,MLEu,Mile End,"17,068","2,667","6,125","4,879","2,181",928,289,73,151,182,322,357,466,533,583,503,558,568,520,604,613,552,520,527,391,394,376,317,249,271,238,243,207,216,203,208,184,197,186,189,179,189,179,188,173,178,171,184,168,171,189,182,190,188,209,178,199,196,200,171,176,162,130,114,117,102,83,82,79,71,63,63,54,53,47,49,41,40,35,31,25,23,17,13,8,5,1,0,0,0,0,0,0,0,0,0,0,0,0,0,0,0,0
MLEu_DIS_WB>STGu_DIS_WB@HAM,H&C and Circle,IR,8,642,MLEu,Mile End,715,STGu,Stepney Green,"14,429","2,192","5,028","4,135","1,968",827,279,79,149,182,288,304,364,400,425,368,422,388,422,439,510,461,503,414,413,355,333,280,259,231,203,205,175,181,161,163,146,157,151,159,150,164,159,160,147,151,139,148,138,145,161,160,170,173,192,165,184,164,182,153,160,132,131,100,101,89,86,72,70,63,55,54,47,47,42,44,38,37,32,30,24,24,19,15,9,5,1,0,0,0,0,0,0,0,0,0,0,0,0,0,0,0,0
STGu_DIS_WB>WCLu_DIS_WB@HAM,H&C and Circle,IR,9,715,STGu,Stepney Green,763,WCLu,Whitechapel,"15,668","2,142","5,363","4,569","2,363",919,312,81,113,186,242,311,373,400,438,434,385,408,495,466,538,544,528,438,432,342,351,268,274,220,249,195,218,178,204,159,185,155,188,158,188,161,196,161,182,151,180,145,174,172,208,189,202,214,206,203,222,227,189,210,190,161,150,143,111,89,92,70,76,61,70,50,59,45,54,43,48,38,41,29,31,23,23,15,12,5,3,0,0,0,0,0,0,0,0,0,0,0,0,0,0,0,0
WCLu_DIS_WB>ALEu_DIS_WB@HAM,H&C and Circle,IR,10,763,WCLu,Whitechapel,503,ALEu,Aldgate East,"14,565","1,960","4,900","4,207","2,375",847,276,61,107,172,225,290,313,376,416,409,355,426,383,426,439,504,436,467,358,374,323,305,257,242,221,175,191,161,183,147,170,146,174,146,167,143,172,141,157,133,160,130,160,159,166,178,195,211,213,244,212,235,192,211,171,179,133,140,98,97,81,74,62,57,56,44,49,40,48,39,43,35,37,26,26,20,20,13,10,5,3,0,0,0,0,0,0,0,0,0,0,0,0,0,0,0,0
ALEu_DIS_WB>LSTu_MET_NB@HAM,H&C and Circle,IR,11,503,ALEu,Aldgate East,634,LSTu,Liverpool Street LU,"19,595","2,029","6,089","5,776","3,926","1,354",422,66,113,150,237,252,341,423,448,476,485,513,467,580,540,609,533,571,455,476,383,406,315,325,259,285,221,250,208,241,198,232,201,239,198,231,199,232,189,219,189,231,197,264,250,263,304,315,363,371,429,349,399,307,321,243,261,212,188,148,138,114,87,91,79,88,71,78,60,70,56,59,46,48,33,31,25,23,13,10,7,2,0,0,0,0,0,0,0,0,0,0,0,0,0,0,0
LSTu_MET_NB>MGTu_MET_NB@HAM,H&C and Circle,IR,12,634,LSTu,Liverpool Street LU,645,MGTu,Moorgate,"39,154","2,821","10,030","12,314","9,216","3,562","1,211",45,107,208,289,406,540,584,641,695,721,727,845,895,981,979,"1,005",909,848,729,697,611,598,546,562,527,515,484,488,466,468,463,481,481,481,479,491,485,480,483,503,519,537,580,587,655,708,761,840,919,913,893,830,783,706,634,575,530,427,377,321,283,272,254,242,237,220,205,193,182,167,156,144,130,107,93,80,60,41,29,17,5,0,0,0,0,0,0,0,0,0,0,0,0,0,0,0
MGTu_MET_NB>BARu_MET_NB@HAM,H&C and Circle,IR,13,645,MGTu,Moorgate,501,BARu,Barbican,"43,216","2,784","10,483","13,504","10,874","4,252","1,319",43,108,209,292,405,485,593,649,669,674,765,783,952,"1,074","1,060","1,040","1,031",886,768,780,724,663,586,602,569,555,526,529,510,511,507,525,525,525,525,533,528,521,528,552,578,605,608,667,754,746,832,955,"1,030","1,024","1,103","1,064","1,030",871,779,686,616,471,462,419,370,318,324,300,273,251,232,216,202,183,170,156,140,116,102,84,65,44,31,18,8,0,0,0,0,0,0,0,0,0,0,0,0,0,0,0
BARu_MET_NB>FARu_MET_NB@HAM,H&C and Circle,IR,14,501,BARu,Barbican,577,FARu,Farringdon,"43,623","2,712","9,815","13,595","11,611","4,430","1,459",43,95,206,289,399,476,570,633,650,653,739,776,850,936,993,969,957,831,772,689,662,600,595,575,587,546,540,521,527,504,516,515,536,522,535,532,546,525,537,554,592,616,673,741,789,832,927,"1,012","1,093","1,142","1,175","1,128","1,050",920,822,720,625,532,483,414,364,330,322,296,293,275,259,239,224,204,183,169,151,132,114,98,74,51,32,18,8,1,0,0,0,0,0,0,0,0,0,0,0,0,0,0
FARu_MET_NB>KXXu_MET_NB@HAM,H&C and Circle,IR,15,577,FARu,Farringdon,625,KXXu,King's Cross St. Pancras,"49,101","2,820","9,886","15,479","13,888","5,214","1,814",40,79,150,295,436,508,629,682,712,723,816,863,969,969,978,917,865,745,691,639,632,597,610,608,623,596,594,584,588,573,588,591,609,605,621,625,642,631,650,680,723,766,831,912,961,"1,013","1,111","1,121","1,205","1,384","1,329","1,358","1,352","1,196",954,904,706,597,534,458,421,390,385,371,368,347,329,308,289,264,236,212,184,152,129,114,88,63,43,27,10,2,0,0,0,0,0,0,0,0,0,0,0,0,0,0
KXXu_MET_NB>ESQu_MET_NB@HAM,H&C and Circle,IR,16,625,KXXu,King's Cross St. Pancras,575,ESQu,Euston Square,"50,018","2,080","11,692","16,264","12,671","5,419","1,892",22,57,112,197,278,373,454,587,691,738,834,991,"1,073","1,142","1,214","1,210","1,113",994,897,794,723,695,668,634,665,661,631,631,630,628,622,632,640,642,648,663,669,670,670,687,710,741,840,864,918,940,"1,002","1,046","1,143","1,189","1,238","1,238","1,144","1,047",930,836,715,621,543,490,436,411,399,391,383,362,339,328,309,279,248,221,186,156,131,114,90,67,45,28,12,3,0,0,0,0,0,0,0,0,0,0,0,0,0,0
ESQu_MET_NB>GPSu_MET_NB@HAM,H&C and Circle,IR,17,575,ESQu,Euston Square,588,GPSu,Great Portland Street,"47,842","1,727","10,965","14,966","12,650","5,587","1,946",22,39,83,142,213,316,409,502,600,721,804,958,"1,074","1,150","1,144","1,124","1,021",896,766,707,640,601,578,585,573,568,556,565,573,570,573,585,592,589,598,613,621,623,636,663,692,729,781,862,923,942,"1,008","1,101","1,135","1,166","1,221","1,217","1,126","1,037",935,840,722,633,556,499,448,425,414,410,402,380,357,341,320,288,255,226,191,161,136,115,93,69,46,29,15,3,0,0,0,0,0,0,0,0,0,0,0,0,0,0
GPSu_MET_NB>BSTu_HAM_WB@HAM,H&C and Circle,IR,18,588,GPSu,Great Portland Street,511,BSTu,Baker Street,"47,316","1,520","10,168","14,771","12,988","5,920","1,949",22,37,78,131,196,254,338,465,557,671,791,938,932,"1,000","1,003",980,895,898,782,721,660,612,550,557,547,545,537,547,556,555,559,571,577,573,583,599,608,613,630,661,698,740,801,890,889,913,980,"1,060","1,107","1,212","1,268","1,254","1,211","1,103","1,046",943,798,670,626,513,461,471,458,420,410,387,362,345,322,288,254,226,191,161,137,116,93,69,46,29,16,4,0,0,0,0,0,0,0,0,0,0,0,0,0,0
BSTu_HAM_WB>ERDu_DIS_WB@HAM,H&C and Circle,IR,19,511,BSTu,Baker Street,569,ERDu,Edgware Road (DIS),"47,529","1,382","10,522","14,408","13,329","5,894","1,994",20,35,54,115,179,233,316,429,504,631,770,923,"1,054","1,126","1,115","1,084","1,000",866,759,689,627,569,539,533,529,522,518,527,540,544,541,554,561,562,567,587,597,612,624,656,690,732,794,883,953,"1,003","1,059","1,142","1,204","1,239","1,291","1,284","1,196","1,090",994,874,775,687,612,550,493,462,438,418,392,374,352,341,325,304,271,241,201,166,132,108,86,66,44,29,17,5,0,0,0,0,0,0,0,0,0,0,0,0,0,0
ERDu_DIS_WB>PADu_DIS_WB@HAM,H&C and Circle,IR,20,569,ERDu,Edgware Road (DIS),670,PADu,Paddington TfL,"3,829",145,923,"1,400",816,439,105,8,17,18,19,16,20,12,36,38,52,58,85,74,94,91,101,83,92,76,80,69,75,61,68,58,61,52,59,49,58,50,57,48,54,47,55,47,55,50,60,55,68,62,85,79,90,87,89,66,71,57,53,45,60,55,64,56,63,48,49,39,41,33,32,22,21,16,18,14,16,14,15,11,11,8,7,4,3,1,1,0,0,0,0,0,0,0,0,0,0,0,0,0,0,0,0
PADu_HAM_WB>ROYu_HAM_WB@HAM,H&C and Circle,IR,21,670,PADu,Paddington TfL,690,ROYu,Royal Oak,"31,173",617,"6,533","8,790","9,514","4,241","1,479",1,6,14,40,72,113,158,213,265,351,435,540,658,713,719,704,654,564,493,437,397,357,326,323,319,311,307,310,320,325,325,332,343,345,349,364,372,375,383,398,421,450,491,545,603,647,691,759,831,887,931,958,924,850,757,676,588,514,449,405,355,325,301,285,270,261,247,241,235,224,203,182,155,127,100,80,63,46,30,19,11,4,0,0,0,0,0,0,0,0,0,0,0,0,0,0
ROYu_HAM_WB>WBPu_HAM_WB@HAM,H&C and Circle,IR,22,690,ROYu,Royal Oak,754,WBPu,Westbourne Park,"29,906",541,"6,372","8,515","8,967","4,135","1,375",1,6,13,29,59,94,135,204,266,350,437,541,637,688,693,679,631,545,480,426,386,346,318,315,311,303,300,303,311,315,314,321,331,333,337,352,359,361,370,384,406,435,475,527,582,622,620,667,730,786,835,906,899,838,784,699,614,534,465,385,335,305,281,266,251,243,230,224,218,208,188,169,145,118,93,75,58,43,28,18,11,4,0,0,0,0,0,0,0,0,0,0,0,0,0,0
WBPu_HAM_WB>LGRu_HAM_WB@HAM,H&C and Circle,IR,23,754,WBPu,Westbourne Park,627,LGRu,Ladbroke Grove,"27,519",550,"5,976","8,052","8,143","3,671","1,128",3,9,16,33,63,94,133,198,256,335,380,467,552,613,619,643,640,561,483,429,391,322,298,298,295,288,286,288,295,297,298,304,312,313,317,330,337,338,348,363,384,410,447,496,503,537,580,619,672,764,811,825,816,754,673,590,519,455,396,349,324,288,260,246,235,208,198,192,184,173,155,139,117,95,75,61,45,33,23,15,8,5,2,0,0,0,0,0,0,0,0,0,0,0,0,0
LGRu_HAM_WB>LATu_HAM_WB@HAM,H&C and Circle,IR,24,627,LGRu,Ladbroke Grove,630,LATu,Latimer Road,"23,742",500,"4,939","6,586","7,545","3,147","1,025",2,8,19,35,61,91,125,159,206,262,330,399,483,530,543,529,500,440,383,333,298,263,235,226,224,217,215,218,226,232,238,245,255,260,264,274,283,285,295,310,335,357,394,437,487,522,567,607,661,700,736,745,731,671,596,523,456,398,346,306,267,237,214,203,193,184,175,169,162,152,139,125,107,88,70,56,43,32,22,15,9,4,1,0,0,0,0,0,0,0,0,0,0,0,0,0
LATu_HAM_WB>WDLu_HAM_WB@HAM,H&C and Circle,IR,25,630,LATu,Latimer Road,599,WDLu,Wood Lane,"22,440",452,"4,377","6,378","7,192","3,093",949,2,9,15,30,49,76,118,154,197,253,313,359,430,463,470,455,430,379,334,294,269,243,221,216,216,210,209,212,220,227,232,239,249,253,257,267,276,277,287,303,325,347,388,433,481,514,513,598,592,630,667,723,667,666,593,546,476,409,355,316,251,223,202,190,179,171,163,157,150,142,129,116,99,81,65,51,38,29,21,13,8,4,1,0,0,0,0,0,0,0,0,0,0,0,0,0
WDLu_HAM_WB>SBMu_HAM_WB@HAM,H&C and Circle,IR,26,599,WDLu,Wood Lane,775,SBMu,Shepherd's Bush Market,"19,280",357,"3,606","5,239","6,290","2,927",860,2,9,14,26,42,61,81,121,160,212,273,334,356,411,404,372,331,308,236,211,200,187,174,172,171,166,166,170,177,185,190,196,205,209,214,224,235,237,246,259,277,294,325,361,401,398,427,463,509,553,625,649,647,605,540,475,420,365,318,284,264,231,208,196,182,159,152,147,139,130,119,106,89,72,57,45,34,26,19,13,8,4,1,0,0,0,0,0,0,0,0,0,0,0,0,0
SBMu_HAM_WB>GHRu_HAM_WB@HAM,H&C and Circle,IR,27,775,SBMu,Shepherd's Bush Market,585,GHRu,Goldhawk Road,"16,882",343,"3,488","4,602","5,360","2,446",643,2,9,14,27,42,60,80,109,158,210,245,302,367,391,380,378,339,279,228,211,193,179,167,163,153,147,147,152,159,165,170,174,179,179,183,192,201,205,214,225,239,253,279,283,316,340,366,395,460,496,529,548,546,510,455,399,352,306,266,237,212,194,175,165,153,141,125,118,109,100,90,79,65,52,41,32,24,18,13,9,6,3,1,0,0,0,0,0,0,0,0,0,0,0,0,0
GHRu_HAM_WB>HMSu_HAM_WB@HAM,H&C and Circle,IR,28,585,GHRu,Goldhawk Road,773,HMSu,Hammersmith (H&C),"15,202",311,"3,348","4,161","4,814","2,026",540,2,6,12,19,38,55,77,104,139,177,237,292,357,396,393,364,326,265,215,188,170,157,147,143,144,139,137,141,146,153,157,162,165,165,166,172,180,185,190,199,210,223,241,268,300,324,346,375,411,442,471,484,480,444,395,343,302,261,226,200,179,156,138,129,120,111,104,100,92,84,76,66,55,44,33,26,20,15,11,8,5,3,1,0,0,0,0,0,0,0,0,0,0,0,0,0
ERDu_DIS_WB>PADu_HAM_WB@HAM,H&C and Circle,IR,29,569,ERDu,Edgware Road (DIS),670,PADu,Paddington TfL,"40,748","1,009","8,655","12,509","11,512","5,347","1,716",4,9,32,71,121,181,245,347,431,541,647,717,814,932,922,849,853,750,627,573,574,524,490,459,456,451,447,455,466,468,466,476,481,481,488,506,516,529,538,563,595,634,687,760,758,796,824,887,963,"1,082","1,128","1,171","1,129","1,035",918,822,712,623,543,495,466,433,402,385,366,324,305,294,281,262,234,207,173,141,112,91,73,56,39,26,16,5,0,0,0,0,0,0,0,0,0,0,0,0,0,0
PADu_DIS_WB>BAYu_DIS_WB@HAM,H&C and Circle,IR,30,670,PADu,Paddington TfL,517,BAYu,Bayswater,"11,043",318,"3,081","4,115","2,249","1,022",258,6,14,17,28,39,50,56,107,127,180,205,274,268,314,294,322,278,296,248,275,233,254,210,237,185,204,161,188,150,174,143,165,132,151,124,150,126,152,133,164,145,178,153,202,188,209,189,230,189,209,184,206,164,176,146,159,123,131,110,113,92,94,75,75,55,57,46,52,41,45,35,36,25,25,16,14,8,7,3,2,1,0,0,0,0,0,0,0,0,0,0,0,0,0,0,0
BAYu_DIS_WB>NHGu_DIS_WB@HAM,H&C and Circle,IR,31,517,BAYu,Bayswater,663,NHGu,Notting Hill Gate,"13,527",375,"3,873","5,155","2,686","1,161",278,8,16,20,33,48,60,69,121,144,202,231,256,316,371,359,407,428,403,361,393,341,350,292,309,243,253,206,228,185,208,176,196,163,182,154,178,154,179,160,193,174,208,188,235,223,244,229,272,234,253,230,249,203,210,174,164,141,132,123,111,122,103,98,83,77,63,52,55,44,47,39,39,28,27,18,14,9,7,3,2,1,0,0,0,0,0,0,0,0,0,0,0,0,0,0,0
NHGu_DIS_WB>HSTu_DIS_WB@HAM,H&C and Circle,IR,32,663,NHGu,Notting Hill Gate,605,HSTu,High Street Kensington,"19,530",477,"5,654","7,413","3,997","1,578",410,10,17,28,39,68,73,107,135,220,242,360,403,557,535,630,560,639,498,544,466,530,419,456,382,396,309,330,280,310,264,291,256,286,245,270,237,271,236,266,241,291,255,301,292,356,310,369,397,396,341,387,342,305,277,290,228,228,174,187,146,158,122,128,101,104,79,82,69,73,59,61,49,47,33,31,21,17,9,7,2,1,0,0,0,0,0,0,0,0,0,0,0,0,0,0,0
HSTu_DIS_WB>GRDu_DIS_EB@HAM,H&C and Circle,IR,33,605,HSTu,High Street Kensington,583,GRDu,Gloucester Road,"24,235",432,"5,806","9,091","6,211","2,128",567,8,14,24,34,59,68,100,127,203,239,361,412,567,561,644,577,652,520,568,503,564,462,500,428,442,361,382,338,368,326,353,319,348,309,334,306,341,310,351,334,392,367,432,422,490,456,550,500,608,573,635,561,594,457,441,344,326,252,252,201,201,158,161,130,130,107,112,97,101,86,88,72,67,48,43,27,19,9,7,0,0,0,0,0,0,0,0,0,0,0,0,0,0,0,0,0
GRDu_DIS_EB>SKNu_DIS_EB@HAM,H&C and Circle,IR,34,583,GRDu,Gloucester Road,708,SKNu,South Kensington,"23,296",462,"5,709","8,761","5,854","1,962",548,8,11,21,38,52,84,97,152,170,267,287,441,464,603,553,654,556,621,506,587,490,546,438,481,383,413,321,372,311,357,294,349,293,336,280,334,280,333,285,358,322,394,355,436,386,475,512,525,576,598,532,525,511,437,388,389,276,277,202,217,159,167,125,136,101,112,88,103,82,92,74,80,58,55,40,33,17,12,6,0,0,0,0,0,0,0,0,0,0,0,0,0,0,0,0,0
SKNu_DIS_EB>SSQu_DIS_EB@HAM,H&C and Circle,IR,35,708,SKNu,South Kensington,702,SSQu,Sloane Square,"24,300",468,"4,989","8,702","6,997","2,437",707,9,12,22,40,53,84,98,150,167,254,270,411,417,527,479,564,466,521,426,487,395,432,345,383,307,340,279,335,292,343,293,352,303,349,305,373,325,391,350,427,381,462,423,516,466,574,536,644,591,725,649,724,604,612,442,433,299,306,236,260,202,219,173,188,143,154,120,137,107,119,96,104,77,70,48,41,21,14,7,3,0,0,0,0,0,0,0,0,0,0,0,0,0,0,0,0
SSQu_DIS_EB>VICu_DIS_EB@HAM,H&C and Circle,IR,36,702,SSQu,Sloane Square,741,VICu,Victoria LU,"25,524",479,"4,941","9,021","7,547","2,724",812,10,14,24,42,57,72,103,157,173,201,287,413,421,464,547,510,478,468,496,484,460,425,400,382,307,341,284,338,298,349,302,360,312,359,319,387,340,407,368,449,407,416,455,555,504,519,655,695,634,773,792,774,646,608,479,468,325,331,305,278,215,233,186,204,161,179,146,163,129,139,108,116,86,75,55,47,24,17,13,3,0,0,0,0,0,0,0,0,0,0,0,0,0,0,0,0
VICu_DIS_EB>SJPu_DIS_EB@HAM,H&C and Circle,IR,37,741,VICu,Victoria LU,695,SJPu,St. James's Park,"19,857",446,"5,185","7,174","4,778","1,663",611,4,9,22,31,60,75,113,132,190,201,306,347,483,501,600,555,600,492,501,411,431,343,360,301,328,266,296,259,301,256,296,261,292,247,290,252,289,255,298,268,325,285,350,324,383,337,435,392,463,424,499,421,453,364,353,253,245,174,181,147,155,125,132,108,114,94,101,88,101,86,90,75,74,49,48,34,26,14,11,2,0,0,0,0,0,0,0,0,0,0,0,0,0,0,0,0
SJPu_DIS_EB>WMSu_DIS_EB@HAM,H&C and Circle,IR,38,695,SJPu,St. James's Park,761,WMSu,Westminster,"19,579",426,"4,428","6,975","5,374","1,748",629,0,9,16,31,58,76,107,129,176,183,279,309,427,437,520,468,502,399,404,324,341,270,292,251,286,246,286,259,304,260,298,262,292,247,291,255,293,261,307,279,344,306,384,362,432,383,499,449,529,482,567,471,505,399,387,272,262,183,190,153,165,132,138,114,120,96,104,91,103,88,92,78,76,52,50,35,27,14,11,2,0,0,0,0,0,0,0,0,0,0,0,0,0,0,0,0
WMSu_DIS_EB>EMBu_DIS_EB@HAM,H&C and Circle,IR,39,761,WMSu,Westminster,542,EMBu,Embankment,"16,748",329,"3,648","6,002","4,805","1,479",486,0,6,11,22,45,59,85,101,109,149,230,259,296,401,390,389,413,387,324,301,267,208,230,199,230,202,241,219,256,226,261,228,259,222,257,224,261,228,274,250,304,276,348,330,394,355,384,405,485,441,516,495,453,343,308,225,196,147,154,147,137,128,121,96,103,82,90,77,90,75,78,61,56,35,32,21,17,10,7,2,0,0,0,0,0,0,0,0,0,0,0,0,0,0,0,0
EMBu_DIS_EB>TEMu_DIS_EB@HAM,H&C and Circle,IR,40,542,EMBu,Embankment,724,TEMu,Temple,"16,407",321,"3,940","5,908","4,284","1,403",552,0,3,13,24,34,64,75,107,117,178,198,308,332,440,424,480,405,414,320,323,249,253,207,227,200,228,208,239,219,248,224,250,223,249,223,252,229,259,236,280,259,302,291,355,322,375,350,411,422,437,394,432,352,293,256,240,162,160,123,130,109,121,103,111,95,102,86,101,90,95,79,78,54,47,30,30,19,15,9,6,0,0,0,0,0,0,0,0,0,0,0,0,0,0,0,0
TEMu_DIS_EB>BLFu_DIS_EB@HAM,H&C and Circle,IR,41,724,TEMu,Temple,521,BLFu,Blackfriars LU,"15,721",296,"3,319","5,468","4,508","1,535",594,0,3,12,23,32,59,69,97,104,156,173,272,292,379,362,403,331,332,256,259,200,205,171,190,169,193,179,208,191,219,202,229,206,230,209,239,219,250,236,282,263,307,303,368,335,390,369,429,386,458,424,459,374,367,272,247,167,167,132,143,121,136,117,125,106,114,97,112,100,105,86,83,57,49,32,31,20,15,9,6,0,0,0,0,0,0,0,0,0,0,0,0,0,0,0,0
BLFu_DIS_EB>MANu_DIS_EB@HAM,H&C and Circle,IR,42,521,BLFu,Blackfriars LU,639,MANu,Mansion House,"14,325",227,"2,766","5,031","4,209","1,516",577,0,3,11,20,27,48,57,62,82,123,138,168,253,273,303,338,331,281,257,221,175,179,153,171,154,175,165,192,178,204,189,213,193,214,195,223,206,234,224,266,250,292,290,295,318,318,348,403,415,429,449,388,347,317,252,225,194,157,149,134,116,129,111,118,101,108,92,106,95,99,83,81,56,49,32,31,20,16,9,7,0,0,0,0,0,0,0,0,0,0,0,0,0,0,0,0
MANu_DIS_EB>CSTu_DIS_EB@HAM,H&C and Circle,IR,43,639,MANu,Mansion House,536,CSTu,Cannon Street LU,"13,289",183,"2,158","4,748","4,165","1,442",594,0,2,5,13,24,33,49,58,73,83,119,132,196,210,253,237,262,211,213,169,183,145,160,137,163,141,170,154,188,167,199,174,207,178,209,182,223,197,239,218,272,244,310,287,349,310,379,338,407,359,441,379,393,307,303,199,186,135,143,114,129,112,123,102,113,93,103,87,105,89,92,74,69,43,38,26,22,15,11,6,3,0,0,0,0,0,0,0,0,0,0,0,0,0,0,0
CSTu_DIS_EB>BNKu_DIS_EB@HAM,H&C and Circle,IR,44,536,CSTu,Cannon Street LU,513,BNKu,Bank and Monument,"12,874",175,"2,015","4,673","4,008","1,425",579,0,2,4,12,23,31,47,55,70,78,112,124,182,196,236,221,244,196,198,157,172,138,155,135,161,139,168,152,184,164,197,172,204,177,207,180,220,195,237,216,269,241,307,283,341,301,367,325,388,344,422,361,375,295,294,194,183,133,142,112,127,111,122,101,112,92,102,87,105,89,92,73,68,42,37,24,20,13,9,4,2,0,0,0,0,0,0,0,0,0,0,0,0,0,0,0
BNKu_DIS_EB>THLu_DIS_EB@HAM,H&C and Circle,IR,45,513,BNKu,Bank and Monument,731,THLu,Tower Hill,"11,505",152,"1,609","4,108","3,752","1,348",536,0,2,4,12,21,27,40,46,58,63,72,98,146,158,166,197,176,160,161,154,144,141,133,118,139,120,145,130,157,140,170,151,180,158,185,162,198,175,214,197,244,219,230,256,309,275,287,357,368,329,397,392,343,269,247,179,169,127,134,125,117,103,113,94,105,86,95,81,97,83,86,69,64,38,31,21,17,11,9,7,2,0,0,0,0,0,0,0,0,0,0,0,0,0,0,0
THLu_DIS_EB>ALDu_MET_NB@HAM,H&C and Circle,IR,46,731,THLu,Tower Hill,502,ALDu,Aldgate,"11,593",228,"1,896","4,332","3,345","1,295",497,0,3,9,21,28,45,50,73,80,103,108,148,154,200,197,222,196,196,145,147,121,140,122,153,141,160,138,167,143,174,156,189,166,198,168,202,178,211,185,233,209,254,237,288,265,296,269,322,284,316,291,332,268,273,215,215,144,143,111,125,99,115,98,110,87,97,78,89,79,88,71,73,53,44,27,24,14,11,7,5,1,0,0,0,0,0,0,0,0,0,0,0,0,0,0,0
ALDu_MET_NB>LSTu_MET_NB@HAM,H&C and Circle,IR,47,502,ALDu,Aldgate,634,LSTu,Liverpool Street LU,"12,402",285,"1,960","4,502","3,755","1,385",516,4,6,19,27,43,49,68,71,100,95,130,133,178,169,220,202,222,195,181,134,148,125,133,141,167,147,169,149,172,153,187,170,199,177,207,180,211,187,223,206,252,231,291,278,325,291,349,317,368,329,376,326,339,263,269,204,192,136,143,110,121,103,117,99,107,86,94,77,88,74,79,64,63,42,36,24,20,11,9,5,1,0,0,0,0,0,0,0,0,0,0,0,0,0,0,0
LSTu_MET_SB>ALDu_MET_SB@HAM,H&C and Circle,OR,1,634,LSTu,Liverpool Street LU,502,ALDu,Aldgate,"13,093",321,"3,407","5,192","2,601","1,156",417,3,8,12,24,30,62,70,112,125,176,184,282,292,371,358,359,336,339,278,307,302,283,252,271,227,247,202,228,190,213,181,212,182,209,181,209,179,205,180,218,193,224,200,202,197,193,195,198,240,212,263,239,265,215,222,163,154,107,108,95,91,92,94,95,82,89,72,78,63,66,54,57,45,45,32,26,15,10,2,1,0,0,0,0,0,0,0,0,0,0,0,0,0,0,0,0
ALDu_MET_SB>THLu_DIS_WB@HAM,H&C and Circle,OR,2,502,ALDu,Aldgate,731,THLu,Tower Hill,"11,964",231,"2,900","4,888","2,540","1,035",370,3,3,9,14,25,39,65,74,117,123,179,198,284,278,333,297,326,250,278,237,274,231,264,224,249,205,225,189,213,177,199,173,199,170,195,169,194,166,195,174,209,188,215,189,216,181,209,191,231,208,255,233,254,205,207,151,140,97,99,76,84,73,86,76,87,74,78,64,65,51,54,43,43,35,32,20,16,7,3,0,0,0,0,0,0,0,0,0,0,0,0,0,0,0,0,0
THLu_DIS_WB>BNKu_DIS_WB@HAM,H&C and Circle,OR,3,731,THLu,Tower Hill,513,BNKu,Bank and Monument,"11,623",393,"3,229","4,375","2,496",890,240,8,12,23,29,57,68,83,114,167,165,224,259,274,314,329,325,309,315,277,271,263,254,244,207,224,181,200,168,190,161,183,158,179,153,174,150,170,145,167,148,175,153,159,168,167,174,182,223,203,250,227,265,224,231,176,175,118,113,95,91,77,74,68,54,58,48,51,43,45,35,36,28,27,20,19,12,9,5,3,0,0,0,0,0,0,0,0,0,0,0,0,0,0,0,0,0
BNKu_DIS_WB>CSTu_DIS_WB@HAM,H&C and Circle,OR,4,513,BNKu,Bank and Monument,536,CSTu,Cannon Street LU,"12,667",379,"3,292","4,778","2,926","1,017",274,8,11,17,29,43,67,82,121,140,182,189,268,283,357,338,377,316,321,243,278,270,263,255,256,237,193,213,184,207,176,198,174,196,169,191,167,187,162,186,167,195,172,176,185,185,194,208,218,246,298,273,316,307,269,207,205,138,133,99,104,87,84,77,72,65,54,57,47,49,39,41,33,29,24,22,14,11,8,3,0,0,0,0,0,0,0,0,0,0,0,0,0,0,0,0,0
CSTu_DIS_WB>MANu_DIS_WB@HAM,H&C and Circle,OR,5,536,CSTu,Cannon Street LU,639,MANu,Mansion House,"13,202",411,"3,477","4,816","3,139","1,068",290,8,11,17,31,46,74,90,133,151,196,200,293,306,382,361,401,326,330,247,285,240,267,231,260,213,228,191,212,184,203,177,199,174,194,171,192,169,188,166,192,175,197,180,212,189,193,217,230,263,282,326,341,330,288,260,220,148,144,108,113,84,90,73,76,60,65,52,56,44,47,37,38,29,29,22,18,11,9,4,0,0,0,0,0,0,0,0,0,0,0,0,0,0,0,0,0
MANu_DIS_WB>BLFu_DIS_WB@HAM,H&C and Circle,OR,6,639,MANu,Mansion House,521,BLFu,Blackfriars LU,"13,918",416,"3,461","4,975","3,465","1,288",313,8,11,17,32,48,75,91,134,153,197,202,294,305,380,358,396,322,325,245,283,240,268,234,262,216,232,196,218,190,210,183,205,179,200,177,199,176,197,175,202,185,209,193,229,205,212,242,257,302,323,377,346,376,301,295,228,212,150,147,126,114,101,94,85,67,73,59,62,49,52,41,41,32,31,23,19,12,9,4,0,0,0,0,0,0,0,0,0,0,0,0,0,0,0,0,0
BLFu_DIS_WB>TEMu_DIS_WB@HAM,H&C and Circle,OR,7,521,BLFu,Blackfriars LU,724,TEMu,Temple,"15,345",443,"3,614","5,409","4,066","1,467",345,9,13,20,36,53,78,95,139,158,173,212,253,326,356,416,387,403,319,310,299,292,282,274,278,231,248,212,235,205,226,199,222,195,216,192,215,190,212,191,221,204,230,217,223,234,240,277,296,324,379,445,407,443,415,344,262,247,174,170,143,130,114,107,94,75,80,64,68,55,58,46,46,34,33,24,21,13,10,4,2,0,0,0,0,0,0,0,0,0,0,0,0,0,0,0,0
TEMu_DIS_WB>EMBu_DIS_WB@HAM,H&C and Circle,OR,8,724,TEMu,Temple,542,EMBu,Embankment,"15,782",376,"3,270","5,287","4,701","1,703",444,9,13,20,28,52,58,91,105,158,164,218,237,329,323,370,341,353,274,271,231,264,228,254,229,252,204,229,193,224,188,219,187,220,186,219,188,220,188,225,196,243,214,269,248,299,273,292,337,367,426,515,528,503,473,397,291,275,198,197,150,155,125,131,103,110,88,96,76,82,66,67,50,49,35,33,23,18,11,8,2,0,0,0,0,0,0,0,0,0,0,0,0,0,0,0,0
EMBu_DIS_WB>WMSu_DIS_WB@HAM,H&C and Circle,OR,9,542,EMBu,Embankment,761,WMSu,Westminster,"16,896",458,"3,805","5,621","4,508","1,874",629,11,16,27,37,64,68,109,126,187,204,269,294,402,394,441,404,374,312,275,249,279,276,267,271,270,225,245,207,234,201,228,199,230,198,226,200,230,199,234,211,251,225,268,247,246,263,286,333,361,459,433,506,481,449,346,347,265,195,200,189,163,134,145,117,129,110,123,107,121,100,100,77,70,45,42,29,22,12,9,2,0,0,0,0,0,0,0,0,0,0,0,0,0,0,0,0
WMSu_DIS_WB>SJPu_DIS_WB@HAM,H&C and Circle,OR,10,761,WMSu,Westminster,695,SJPu,St. James's Park,"18,218",570,"4,073","5,692","5,061","2,138",685,16,24,28,53,69,90,129,161,214,246,304,330,365,426,425,423,386,387,274,290,271,273,266,269,268,225,241,206,238,205,229,204,230,200,227,203,236,209,246,226,270,240,242,267,269,298,328,425,415,524,487,562,489,497,382,386,278,274,203,214,182,172,156,153,141,120,131,113,129,108,108,85,76,49,47,32,25,15,11,2,0,0,0,0,0,0,0,0,0,0,0,0,0,0,0,0
SJPu_DIS_WB>VICu_DIS_WB@HAM,H&C and Circle,OR,11,695,SJPu,St. James's Park,741,VICu,Victoria LU,"17,884",508,"3,305","5,534","5,659","2,161",717,16,24,28,53,66,83,93,144,153,214,215,300,304,375,336,372,297,295,213,229,185,226,199,236,214,251,209,240,211,241,201,234,203,229,194,233,202,236,213,264,238,286,258,333,303,326,379,414,475,510,604,618,607,532,486,405,291,285,212,221,170,177,141,155,126,138,114,131,114,122,100,102,72,63,42,39,24,19,11,7,0,0,0,0,0,0,0,0,0,0,0,0,0,0,0,0
VICu_DIS_WB>SSQu_DIS_WB@HAM,H&C and Circle,OR,12,741,VICu,Victoria LU,702,SSQu,Sloane Square,"20,206",615,"5,110","6,720","5,116","1,998",646,6,9,21,56,78,112,134,199,217,319,348,489,508,536,537,525,458,411,406,358,348,338,332,333,300,336,281,313,278,297,245,280,239,257,224,253,218,249,222,268,245,285,257,322,291,304,361,393,442,478,560,492,541,474,425,355,323,254,197,208,163,164,131,133,107,113,94,111,101,106,91,91,63,55,37,37,24,20,12,8,0,0,0,0,0,0,0,0,0,0,0,0,0,0,0,0
SSQu_DIS_WB>SKNu_DIS_WB@HAM,H&C and Circle,OR,13,702,SSQu,Sloane Square,708,SKNu,South Kensington,"18,600",489,"4,457","6,149","4,949","1,934",621,0,9,19,34,70,105,119,133,204,215,299,341,476,460,523,456,477,360,361,284,312,303,300,299,306,301,254,282,253,268,225,254,219,232,206,232,204,229,209,249,231,265,251,265,290,307,370,397,415,473,484,468,508,482,394,361,300,209,221,177,179,153,149,123,118,107,91,107,98,102,87,86,61,52,36,36,24,19,13,9,0,0,0,0,0,0,0,0,0,0,0,0,0,0,0,0
SKNu_DIS_WB>GRDu_DIS_WB@HAM,H&C and Circle,OR,14,708,SKNu,South Kensington,583,GRDu,Gloucester Road,"16,214",361,"3,013","4,584","5,484","2,109",663,0,8,16,28,51,67,90,102,155,167,233,248,322,303,339,290,300,234,236,186,201,162,173,141,164,137,166,150,187,162,190,168,197,163,196,174,210,184,226,201,248,224,284,279,351,343,376,461,482,542,537,605,490,502,409,384,304,269,236,192,200,159,171,127,134,106,116,96,114,92,97,77,75,48,46,37,32,20,17,9,0,0,0,0,0,0,0,0,0,0,0,0,0,0,0,0
GRDu_DIS_WB>HSTu_DIS_EB@HAM,H&C and Circle,OR,15,583,GRDu,Gloucester Road,605,HSTu,High Street Kensington,"18,104",279,"3,275","5,567","6,088","2,161",733,1,5,8,20,27,50,63,105,121,184,193,279,289,359,328,374,308,323,254,265,208,221,171,190,162,196,171,211,192,230,201,237,205,233,199,245,215,264,240,298,270,325,294,388,358,439,424,571,537,568,602,672,530,524,473,391,273,277,214,227,170,186,149,159,126,141,113,126,106,119,96,97,73,68,47,45,31,25,15,8,2,0,0,0,0,0,0,0,0,0,0,0,0,0,0,0
HSTu_DIS_EB>NHGu_DIS_EB@HAM,H&C and Circle,OR,16,605,HSTu,High Street Kensington,663,NHGu,Notting Hill Gate,"14,524",193,"1,840","4,367","5,403","2,012",709,3,7,19,22,28,32,43,40,61,73,103,114,177,185,204,199,216,174,176,159,160,138,137,121,135,127,145,144,167,160,176,164,180,162,177,169,193,189,218,217,255,246,286,301,361,340,423,423,533,509,597,540,557,419,403,300,282,214,220,184,186,157,163,133,136,116,119,101,110,97,97,80,79,58,49,43,37,25,19,13,2,0,0,0,0,0,0,0,0,0,0,0,0,0,0,0
NHGu_DIS_EB>BAYu_DIS_EB@HAM,H&C and Circle,OR,17,663,NHGu,Notting Hill Gate,517,BAYu,Bayswater,"9,752",195,"1,365","2,817","3,486","1,359",531,3,6,22,24,30,34,43,33,51,54,76,83,131,137,155,152,162,128,125,110,108,92,89,79,87,79,90,87,101,94,107,100,113,102,115,109,128,122,142,140,168,161,193,209,247,231,281,277,337,326,381,346,352,267,253,189,181,142,150,128,129,110,114,91,91,78,79,67,75,69,70,59,60,44,37,35,31,21,17,13,1,0,0,0,0,0,0,0,0,0,0,0,0,0,0,0
BAYu_DIS_EB>PADu_DIS_EB@HAM,H&C and Circle,OR,18,517,BAYu,Bayswater,670,PADu,Paddington TfL,"8,179",215,"1,294","2,439","2,845","1,015",371,4,8,26,29,33,37,44,33,47,49,66,72,91,121,126,142,157,157,133,132,117,95,89,75,83,71,82,75,86,78,89,81,93,84,97,90,106,100,118,114,137,132,162,185,217,205,248,240,232,266,277,279,265,255,184,178,125,122,100,110,95,90,83,76,62,53,54,45,52,46,46,38,39,27,24,27,25,18,15,12,1,0,0,0,0,0,0,0,0,0,0,0,0,0,0,0
PADu_DIS_EB>ERDu_DIS_EB@HAM,H&C and Circle,OR,19,670,PADu,Paddington TfL,569,ERDu,Edgware Road (DIS),"2,383",122,421,640,773,277,149,3,5,19,21,21,22,21,9,9,11,12,21,26,39,39,51,44,62,53,55,43,45,22,22,18,20,18,21,19,22,20,23,21,23,21,24,22,26,24,29,28,32,29,70,68,75,74,87,51,65,64,74,64,63,46,42,29,28,25,33,30,29,25,23,14,15,12,13,11,13,11,11,10,11,9,14,17,16,12,10,5,0,0,0,0,0,0,0,0,0,0,0,0,0,0,0
HMSu_HAM_EB>GHRu_HAM_EB@HAM,H&C and Circle,OR,20,773,HMSu,Hammersmith (H&C),585,GHRu,Goldhawk Road,"15,621",420,"4,225","4,848","4,134","1,415",579,9,17,23,34,49,68,90,129,179,236,300,377,442,471,466,449,402,342,294,266,238,215,200,193,188,181,179,180,183,184,187,190,194,190,189,187,187,186,197,208,221,236,257,277,323,341,366,383,404,391,392,378,353,307,267,230,190,162,144,125,117,112,106,100,97,88,88,87,82,84,86,78,67,57,42,28,18,11,7,2,1,0,0,0,0,0,0,0,0,0,0,0,2,4,4,4
GHRu_HAM_EB>SBMu_HAM_EB@HAM,H&C and Circle,OR,21,585,GHRu,Goldhawk Road,775,SBMu,Shepherd's Bush Market,"17,405",542,"5,061","5,314","4,420","1,465",603,12,18,31,45,63,87,121,165,225,294,375,467,540,571,559,531,469,394,334,300,267,240,223,217,211,202,200,201,203,204,208,211,214,210,209,206,205,202,212,222,235,248,270,293,340,360,391,412,433,420,422,404,376,330,287,244,201,170,149,130,120,114,109,102,99,90,90,91,86,87,90,81,69,58,42,29,19,12,8,4,1,0,0,0,0,0,0,0,0,0,0,0,2,6,6,6
SBMu_HAM_EB>WDLu_HAM_EB@HAM,H&C and Circle,OR,22,775,SBMu,Shepherd's Bush Market,599,WDLu,Wood Lane,"20,084",701,"6,195","6,055","4,707","1,758",669,17,25,41,61,84,101,158,214,288,374,491,587,668,700,680,636,556,467,395,353,311,279,261,253,242,231,227,226,228,230,238,245,248,243,242,239,233,230,241,251,261,276,299,321,328,360,390,415,434,464,459,448,417,377,331,285,235,210,183,159,145,138,126,121,118,109,109,106,99,99,100,89,75,62,44,31,20,13,8,5,1,0,0,0,0,0,0,0,0,0,0,0,3,7,7,7
WDLu_HAM_EB>LATu_HAM_EB@HAM,H&C and Circle,OR,23,599,WDLu,Wood Lane,630,LATu,Latimer Road,"22,798",720,"6,877","6,504","5,816","2,173",707,20,30,41,66,83,111,153,215,283,386,499,616,725,781,804,751,665,549,452,366,327,294,279,272,258,246,243,242,245,247,255,264,269,267,267,266,259,256,267,278,269,289,310,335,370,427,470,516,557,579,585,568,524,466,406,347,287,259,227,198,180,170,157,151,146,137,136,127,115,112,108,94,76,62,44,31,20,13,9,5,1,0,0,0,0,0,0,0,0,0,0,0,3,5,5,5
LATu_HAM_EB>LGRu_HAM_EB@HAM,H&C and Circle,OR,24,630,LATu,Latimer Road,627,LGRu,Ladbroke Grove,"24,194",784,"6,979","6,933","6,463","2,248",786,22,33,46,67,91,123,168,234,310,406,519,637,744,799,793,740,656,542,446,386,348,315,297,289,279,263,256,255,256,257,262,273,280,279,278,279,273,269,274,291,303,324,351,383,422,462,518,574,626,646,662,640,584,510,446,374,305,260,226,197,178,168,164,163,156,147,143,140,126,119,118,106,86,69,54,37,23,15,10,5,0,0,0,0,0,0,0,0,0,0,0,0,0,6,6,6
LGRu_HAM_EB>WBPu_HAM_EB@HAM,H&C and Circle,OR,25,627,LGRu,Ladbroke Grove,754,WBPu,Westbourne Park,"28,136",899,"7,676","8,458","7,683","2,533",887,21,39,54,79,106,147,192,263,342,443,565,698,809,874,875,820,720,602,497,431,389,359,344,338,326,311,306,308,311,315,325,337,341,342,343,343,335,334,343,367,388,413,450,491,531,570,641,694,743,762,777,743,677,594,517,433,353,299,262,228,202,190,184,179,169,160,155,152,140,134,133,120,98,79,62,42,26,16,11,5,0,0,0,0,0,0,0,0,0,0,0,0,0,7,7,7
WBPu_HAM_EB>ROYu_HAM_EB@HAM,H&C and Circle,OR,26,754,WBPu,Westbourne Park,690,ROYu,Royal Oak,"30,932",981,"8,824","9,329","8,099","2,773",926,25,45,65,93,125,153,202,273,397,513,672,835,894,941,948,930,807,742,614,531,435,402,388,383,367,350,343,345,345,349,360,371,373,372,374,374,366,367,378,402,424,449,486,528,516,564,629,693,744,825,835,810,750,664,582,489,406,330,302,259,230,211,203,181,171,164,160,157,146,140,138,126,101,83,63,42,27,20,12,7,3,0,0,0,0,0,0,0,0,0,0,0,0,6,6,6
ROYu_HAM_EB>PADu_HAM_EB@HAM,H&C and Circle,OR,27,690,ROYu,Royal Oak,670,PADu,Paddington TfL,"32,278","1,017","9,107","9,785","8,561","2,800","1,008",28,40,57,87,123,163,222,298,383,500,628,789,936,"1,028","1,046",997,893,752,622,533,484,439,416,411,398,378,365,366,364,366,373,386,389,390,387,390,382,380,386,412,436,460,493,533,567,616,686,760,817,854,864,834,772,683,602,505,419,342,296,253,226,205,196,189,179,169,163,163,153,141,144,136,114,92,75,51,34,21,14,8,3,0,0,0,0,0,0,0,0,0,0,0,0,7,7,7
PADu_HAM_EB>ERDu_DIS_EB@HAM,H&C and Circle,OR,28,670,PADu,Paddington TfL,569,ERDu,Edgware Road (DIS),"41,171","1,360","11,438","13,320","9,991","3,822","1,240",35,58,79,118,161,216,293,398,505,639,790,963,"1,122","1,227","1,270","1,234","1,125",973,841,750,689,647,624,608,575,541,520,519,519,515,519,526,520,510,508,512,503,505,514,536,558,589,617,646,678,673,734,816,894,952,"1,086","1,012",950,862,746,589,543,474,410,370,325,299,260,249,240,222,216,214,199,180,178,163,135,109,90,63,44,29,18,10,3,0,0,0,0,0,0,0,0,0,0,0,0,6,6,6
ERDu_DIS_EB>BSTu_HAM_EB@HAM,H&C and Circle,OR,29,569,ERDu,Edgware Road (DIS),511,BSTu,Baker Street,"46,573","1,513","12,478","14,988","11,767","4,240","1,588",41,58,98,142,190,243,331,409,509,644,791,977,"1,168","1,296","1,360","1,363","1,284","1,140","1,026",918,839,764,725,683,653,616,587,577,573,570,569,579,579,572,566,573,564,564,568,589,604,645,675,753,821,876,943,"1,036","1,076","1,109","1,129","1,136","1,070",973,850,748,602,500,433,400,354,331,308,295,272,257,244,244,228,213,203,193,166,140,116,96,77,56,39,27,12,0,0,0,0,0,0,0,0,0,0,0,0,8,8,8
BSTu_HAM_EB>GPSu_MET_SB@HAM,H&C and Circle,OR,30,511,BSTu,Baker Street,588,GPSu,Great Portland Street,"45,639","1,731","12,601","14,687","10,946","4,154","1,520",42,74,113,166,223,302,333,478,514,623,757,947,"1,061","1,255","1,339","1,360","1,336","1,256","1,133","1,019",926,825,730,679,645,594,570,560,558,556,554,562,561,553,547,554,546,554,565,584,603,592,616,652,706,762,856,924,999,"1,029","1,048","1,069","1,036",936,844,737,612,498,458,405,362,327,307,267,247,233,220,218,204,194,188,179,156,137,111,97,79,59,42,32,12,1,0,0,0,0,0,0,0,0,0,0,0,10,10,10
GPSu_MET_SB>ESQu_MET_SB@HAM,H&C and Circle,OR,31,588,GPSu,Great Portland Street,575,ESQu,Euston Square,"45,938","1,562","11,828","14,988","11,632","4,278","1,650",43,74,98,152,191,265,325,414,518,625,752,896,"1,061","1,171","1,246","1,262","1,243","1,119","1,015",920,833,760,729,683,653,615,581,566,567,564,567,568,578,567,562,563,569,563,583,599,629,656,698,735,796,847,911,980,"1,057","1,088","1,116","1,126","1,085",977,884,764,637,521,460,399,362,324,310,283,271,248,238,226,219,204,200,190,175,149,127,105,89,64,48,31,17,1,0,0,0,0,0,0,0,0,0,0,0,10,10,10
ESQu_MET_SB>KXXu_MET_SB@HAM,H&C and Circle,OR,32,575,ESQu,Euston Square,625,KXXu,King's Cross St. Pancras,"47,136","1,579","11,709","14,878","12,295","4,895","1,781",46,63,99,150,198,262,339,422,532,640,769,915,"1,080","1,181","1,243","1,246","1,210","1,073",954,867,786,714,681,648,618,580,557,555,562,557,566,571,582,569,568,568,576,572,604,627,670,704,693,749,855,902,974,"1,107","1,170","1,160","1,105","1,119","1,135","1,022",880,866,751,573,510,492,431,361,347,319,308,280,271,253,244,226,223,208,192,163,141,115,97,69,52,33,17,1,0,0,0,0,0,0,0,0,0,0,0,0,0,0
KXXu_MET_SB>FARu_MET_SB@HAM,H&C and Circle,OR,33,625,KXXu,King's Cross St. Pancras,577,FARu,Farringdon,"46,742","1,501","13,114","14,539","10,788","4,952","1,849",26,60,92,143,187,279,310,403,504,624,710,931,"1,130","1,299","1,406","1,497","1,513","1,290","1,170","1,040",908,746,755,665,616,583,545,542,541,538,535,546,550,541,541,539,542,547,573,590,631,619,641,705,730,779,837,926,931,"1,013","1,001","1,052",988,945,823,764,636,575,526,486,437,411,379,325,322,294,293,268,262,238,232,209,193,161,142,120,99,74,59,37,18,4,0,0,0,0,0,0,0,0,0,0,0,0,0,0
FARu_MET_SB>BARu_MET_SB@HAM,H&C and Circle,OR,34,577,FARu,Farringdon,501,BARu,Barbican,"43,058","1,232","10,752","13,345","10,749","4,903","2,078",19,36,55,98,137,224,282,381,478,589,604,832,971,"1,010","1,148","1,253","1,140","1,005",951,770,681,607,584,558,535,509,485,484,484,488,489,501,504,508,501,509,509,529,549,589,622,667,693,760,782,752,806,832,887,925,"1,046","1,088","1,060",964,846,762,593,554,472,481,404,402,356,360,335,331,307,307,281,271,245,238,202,186,162,139,112,96,68,43,26,10,0,0,0,0,0,0,0,0,0,0,0,0,0,0
BARu_MET_SB>MGTu_MET_SB@HAM,H&C and Circle,OR,35,501,BARu,Barbican,645,MGTu,Moorgate,"42,539","1,151","9,891","13,213","11,012","5,191","2,081",18,35,53,95,140,215,270,326,455,560,570,708,862,930,980,"1,081","1,114",963,878,791,708,577,598,539,519,495,477,475,474,477,482,494,497,501,496,505,506,529,552,594,629,678,709,701,770,779,843,871,"1,011","1,008","1,098","1,050","1,061",929,868,724,661,546,541,485,459,428,411,364,339,336,311,310,283,273,246,238,202,186,152,138,111,95,67,53,26,10,0,0,0,0,0,0,0,0,0,0,0,0,0,0
MGTu_MET_SB>LSTu_MET_SB@HAM,H&C and Circle,OR,36,645,MGTu,Moorgate,634,LSTu,Liverpool Street LU,"38,909",958,"7,823","12,079","11,117","4,843","2,088",17,35,49,73,114,164,221,286,369,431,488,584,693,771,814,850,823,741,651,607,555,511,491,487,470,453,439,442,441,439,444,451,461,458,461,463,478,479,514,547,592,613,682,709,795,808,902,915,"1,024","1,018","1,105","1,049","1,056",908,844,694,633,512,499,428,420,378,383,338,342,311,310,288,286,256,252,225,210,177,160,132,121,97,75,53,35,10,0,0,0,0,0,0,0,0,0,0,0,0,0,0
LSTu_MET_SB>ALEu_DIS_EB@HAM,H&C and Circle,OR,37,634,LSTu,Liverpool Street LU,503,ALEu,Aldgate East,"20,612",482,"2,747","5,355","7,362","3,308","1,357",8,16,29,42,69,78,111,129,164,170,205,207,271,259,266,273,288,216,219,208,202,165,187,171,190,162,187,167,196,174,204,185,219,195,224,199,240,217,266,252,310,289,379,376,404,467,512,564,607,762,714,799,700,709,585,537,406,400,353,285,295,277,261,208,232,195,217,181,193,156,163,126,125,97,101,81,86,77,65,45,30,12,0,0,0,0,0,0,0,0,0,0,0,0,0,0
ALEu_DIS_EB>WCLu_DIS_EB@HAM,H&C and Circle,OR,38,503,ALEu,Aldgate East,763,WCLu,Whitechapel,"15,782",351,"1,654","3,838","6,056","2,710","1,174",7,15,26,36,48,62,67,90,98,122,120,153,142,176,160,171,143,146,105,118,103,117,105,124,107,125,109,130,117,140,126,154,139,163,143,170,150,186,171,220,204,260,242,331,322,415,413,523,501,624,582,652,569,577,442,437,327,325,256,266,215,232,190,206,170,192,156,173,139,148,115,122,96,96,77,80,71,74,58,49,32,16,0,0,0,0,0,0,0,0,0,0,0,0,0,0
WCLu_DIS_EB>STGu_DIS_EB@HAM,H&C and Circle,OR,39,763,WCLu,Whitechapel,715,STGu,Stepney Green,"16,664",375,"1,668","4,046","6,236","3,052","1,287",8,16,29,41,52,67,70,93,103,133,135,141,159,170,162,150,164,126,114,111,115,114,116,129,117,136,122,143,131,154,140,167,152,175,155,183,165,201,189,205,226,241,268,302,381,384,481,465,577,634,647,585,665,546,459,412,415,301,305,279,272,250,239,228,192,211,173,188,155,162,130,126,114,102,91,90,88,70,67,46,30,15,3,0,0,0,0,0,0,0,0,0,0,0,0,0
STGu_DIS_EB>MLEu_DIS_EB@HAM,H&C and Circle,OR,40,715,STGu,Stepney Green,642,MLEu,Mile End,"15,376",348,"1,377","3,573","5,977","2,835","1,266",8,8,17,40,51,65,76,84,100,109,126,129,155,140,144,113,120,90,82,69,88,77,92,89,106,94,112,102,123,113,134,125,148,132,155,140,169,156,197,191,234,226,285,288,365,370,466,449,556,522,621,558,633,521,524,393,395,286,291,240,259,214,229,194,207,176,186,157,166,136,142,118,125,95,99,84,83,66,63,43,29,14,3,0,0,0,0,0,0,0,0,0,0,0,0,0
MLEu_DIS_EB>BWRu_DIS_EB@HAM,H&C and Circle,OR,41,642,MLEu,Mile End,528,BWRu,Bow Road,"16,310",424,"1,457","3,518","6,094","3,218","1,599",12,12,19,41,69,70,97,103,126,118,148,143,145,141,146,114,115,107,85,70,80,70,86,81,96,87,102,93,113,105,121,114,140,130,151,150,174,161,201,207,245,235,286,290,305,378,410,495,592,617,630,647,619,512,476,413,417,311,328,308,282,231,259,217,241,206,225,193,210,178,188,147,162,120,119,108,102,79,76,56,30,21,3,0,0,0,0,0,0,0,0,0,0,0,0,0
BWRu_DIS_EB>BBBu_DIS_EB@HAM,H&C and Circle,OR,42,528,BWRu,Bow Road,530,BBBu,Bromley-by-Bow,"15,148",406,"1,318","3,243","5,721","2,996","1,465",12,12,20,41,67,67,92,97,97,108,117,133,135,149,124,124,94,96,68,73,72,73,79,83,89,81,95,87,105,98,113,107,131,122,142,143,165,153,190,196,197,222,228,275,288,391,387,510,475,580,520,604,519,555,439,449,345,339,299,282,257,249,237,199,219,188,204,176,190,162,171,134,126,110,101,99,94,95,71,61,28,20,3,0,0,0,0,0,0,0,0,0,0,0,0,0
BBBu_DIS_EB>WHMu_DIS_EB@HAM,H&C and Circle,OR,43,530,BBBu,Bromley-by-Bow,757,WHMu,West Ham,"14,133",381,"1,195","3,082","5,382","2,704","1,389",0,13,21,42,65,75,74,90,90,100,109,132,122,132,110,109,83,83,60,64,54,66,61,76,73,86,77,94,85,102,95,114,106,130,121,149,135,164,155,203,189,236,220,290,275,373,369,409,453,550,491,566,560,514,406,414,318,312,245,259,210,228,194,213,180,198,164,183,154,169,140,146,116,120,93,98,82,84,66,57,36,23,6,0,0,0,0,0,0,0,0,0,0,0,0,0
WHMu_DIS_EB>PLWu_DIS_EB@HAM,H&C and Circle,OR,44,757,WHMu,West Ham,676,PLWu,Plaistow,"14,136",332,"1,210","3,141","5,120","2,871","1,462",0,11,18,37,48,66,66,86,86,111,115,122,126,138,114,102,102,78,61,56,63,65,67,75,79,81,75,93,86,105,100,120,112,133,124,149,137,165,160,212,197,237,224,283,257,287,352,387,429,466,555,500,554,473,480,378,383,297,292,251,236,220,213,216,192,212,173,186,156,170,137,149,123,126,97,102,82,88,75,66,46,32,11,0,0,0,0,0,0,0,0,0,0,0,0,0
PLWu_DIS_EB>UPKu_DIS_EB@HAM,H&C and Circle,OR,45,676,PLWu,Plaistow,739,UPKu,Upton Park,"12,753",312,"1,156","2,825","4,649","2,495","1,315",0,11,18,36,46,55,63,82,82,89,118,115,119,112,125,97,97,74,76,53,60,52,64,59,75,67,82,75,94,84,105,94,119,107,130,115,146,128,167,157,206,193,230,214,271,257,341,344,422,412,492,441,489,419,427,336,342,266,262,208,211,166,190,169,187,165,182,147,159,131,140,114,121,107,98,87,81,76,65,57,39,31,10,0,0,0,0,0,0,0,0,0,0,0,0,0
UPKu_DIS_EB>EHMu_DIS_EB@HAM,H&C and Circle,OR,46,739,UPKu,Upton Park,566,EHMu,East Ham,"9,347",276,962,"2,041","3,327","1,814",927,0,11,19,35,43,51,57,61,69,74,98,93,107,91,104,80,81,61,62,41,47,39,48,44,56,48,59,53,68,59,76,67,87,77,95,83,107,93,121,112,150,137,164,151,194,182,245,246,262,297,359,318,354,345,283,242,248,193,190,175,149,116,136,119,134,117,132,105,114,93,100,79,84,76,71,54,58,51,44,38,35,20,9,0,0,0,0,0,0,0,0,0,0,0,0,0
EHMu_DIS_EB>BKGu_DIS_EB@HAM,H&C and Circle,OR,47,566,EHMu,East Ham,514,BKGu,Barking,"5,846",235,733,"1,327","1,900","1,120",531,0,9,17,31,37,42,49,50,60,64,83,75,79,67,73,58,54,49,39,31,32,32,35,35,39,32,41,34,47,41,54,46,61,51,64,53,71,59,80,71,86,86,89,88,98,113,120,155,151,185,178,201,175,194,161,169,130,139,105,107,78,85,71,82,83,81,83,77,72,55,61,44,42,44,39,31,34,33,22,23,18,9,4,1,0,0,0,0,0,0,0,0,0,0,0,0
SFDu_JUB_NB>WHMu_JUB_NB@JUB,Jubilee,NB,1,719,SFDu,Stratford,757,WHMu,West Ham,"44,698","3,103","12,868","12,801","9,015","5,306","1,606",43,106,187,297,440,536,688,805,903,975,"1,095","1,145","1,274","1,305","1,299","1,262","1,134",930,811,736,628,586,563,558,493,508,523,546,539,570,542,529,520,510,498,521,534,511,512,507,480,528,536,559,619,676,712,764,858,835,886,823,821,711,699,610,578,509,469,461,433,429,436,458,415,403,374,341,295,268,244,204,177,149,116,74,49,22,8,0,0,0,0,0,0,0,0,0,0,0,0,0,0,0,0,0
WHMu_JUB_NB>CNTu_JUB_NB@JUB,Jubilee,NB,2,757,WHMu,West Ham,884,CNTu,Canning Town,"59,647","6,146","20,168","16,931","9,647","5,077","1,678",95,243,362,623,826,"1,131","1,312","1,554","1,656","1,745","1,758","1,846","1,909","1,933","1,948","1,888","1,690","1,449","1,236","1,110",938,852,824,807,732,708,728,728,707,718,708,712,686,672,656,687,659,635,636,607,581,609,678,663,720,786,786,831,906,937,893,894,808,758,669,659,575,527,477,450,402,407,406,400,391,367,353,323,291,265,245,218,187,160,128,91,51,31,11,0,0,0,0,0,0,0,0,0,0,0,0,0,0,0,0,0
CNTu_JUB_NB>NOGu_JUB_NB@JUB,Jubilee,NB,3,884,CNTu,Canning Town,789,NOGu,North Greenwich,"70,012","7,285","24,684","20,414","10,949","5,004","1,676",95,268,477,746,983,"1,362","1,548","1,806","1,916","2,067","2,112","2,232","2,288","2,419","2,419","2,342","2,146","1,860","1,542","1,341","1,174","1,044",968,958,896,847,851,875,849,852,838,846,804,783,775,794,784,785,787,753,756,787,781,827,867,903,898,"1,013","1,007","1,051",994,"1,009",890,865,742,712,618,577,496,466,419,391,370,371,360,329,316,291,275,256,235,212,192,158,128,102,64,35,14,4,0,0,0,0,0,0,0,0,0,0,0,0,0,0,0,0
NOGu_JUB_NB>CWFu_JUB_NB@JUB,Jubilee,NB,4,789,NOGu,North Greenwich,852,CWFu,Canary Wharf LU,"77,940","7,519","26,928","22,384","13,219","5,766","2,124",114,247,461,738,"1,080","1,378","1,607","1,895","2,014","2,125","2,256","2,411","2,495","2,676","2,684","2,607","2,402","2,084","1,700","1,473","1,278","1,170","1,041","1,049",964,907,877,934,900,904,904,906,877,878,845,860,865,853,850,860,875,886,944,956,"1,029","1,088","1,122","1,201","1,244","1,267","1,208","1,209","1,087","1,038",894,831,720,656,573,548,509,462,437,428,396,354,353,331,318,307,287,265,250,205,175,141,94,50,28,5,0,0,0,0,0,0,0,0,0,0,0,0,0,0,0,0
CWFu_JUB_NB>CWRu_JUB_NB@JUB,Jubilee,NB,5,852,CWFu,Canary Wharf LU,788,CWRu,Canada Water,"103,114","6,614","25,730","27,327","29,295","11,048","3,099",75,220,372,672,912,"1,219","1,412","1,733","1,822","2,016","2,169","2,354","2,525","2,583","2,559","2,458","2,223","1,883","1,656","1,483","1,296","1,238","1,122","1,103","1,039","1,037","1,004","1,058","1,107","1,078","1,093","1,104","1,065","1,043","1,048","1,066","1,093","1,098","1,097","1,166","1,193","1,251","1,403","1,525","1,683","1,867","2,146","2,445","2,731","2,892","3,023","2,972","2,758","2,508","2,276","1,992","1,753","1,502","1,282","1,124",963,816,748,702,606,555,503,492,460,446,432,413,352,291,247,191,129,73,48,16,0,0,0,0,0,0,0,0,0,0,0,0,0,0,0,0
CWRu_JUB_NB>BERu_JUB_NB@JUB,Jubilee,NB,6,788,CWRu,Canada Water,787,BERu,Bermondsey,"111,685","7,150","30,509","30,710","29,302","10,956","3,058",81,193,410,682,971,"1,336","1,619","1,859","2,114","2,315","2,548","2,765","2,956","3,083","3,132","2,871","2,655","2,357","1,992","1,722","1,564","1,425","1,310","1,284","1,228","1,249","1,183","1,225","1,231","1,225","1,188","1,232","1,230","1,168","1,162","1,189","1,202","1,153","1,187","1,276","1,284","1,349","1,500","1,666","1,744","1,911","2,135","2,420","2,655","2,866","3,012","2,985","2,789","2,529","2,278","1,978","1,736","1,480","1,259","1,107",956,826,735,695,602,558,514,490,457,444,424,389,348,293,242,191,132,78,45,14,0,0,0,0,0,0,0,0,0,0,0,0,0,0,0,0
BERu_JUB_NB>LONu_JUB_NB@JUB,Jubilee,NB,7,787,BERu,Bermondsey,635,LONu,London Bridge LU,"113,805","6,939","31,215","31,642","29,820","11,054","3,135",85,196,409,681,972,"1,252","1,529","1,815","2,034","2,247","2,543","2,756","3,046","3,157","3,220","3,009","2,884","2,406","2,103","1,810","1,644","1,430","1,417","1,339","1,313","1,298","1,279","1,222","1,274","1,248","1,226","1,267","1,267","1,206","1,233","1,218","1,189","1,195","1,253","1,256","1,355","1,360","1,512","1,641","1,769","1,890","2,244","2,428","2,680","2,909","3,066","2,971","2,861","2,609","2,331","2,063","1,771","1,508","1,305","1,121",948,842,751,673,608,534,510,482,473,461,442,405,367,282,233,189,131,77,54,21,0,0,0,0,0,0,0,0,0,0,0,0,0,0,0,0
LONu_JUB_NB>SWKu_JUB_NB@JUB,Jubilee,NB,8,635,LONu,London Bridge LU,784,SWKu,Southwark,"114,336","6,250","30,652","33,371","29,114","11,503","3,446",90,151,316,554,840,"1,089","1,477","1,735","1,993","2,219","2,494","2,658","2,992","3,092","3,139","2,950","2,773","2,383","2,080","1,879","1,700","1,529","1,460","1,403","1,330","1,351","1,341","1,302","1,364","1,333","1,332","1,351","1,351","1,294","1,312","1,280","1,287","1,289","1,346","1,339","1,440","1,432","1,556","1,651","1,795","1,914","2,124","2,384","2,600","2,825","2,927","2,947","2,755","2,552","2,253","2,038","1,795","1,557","1,322","1,144",983,842,762,717,686,600,565,529,530,493,472,441,405,313,258,208,152,93,57,23,0,0,0,0,0,0,0,0,0,0,0,0,0,0,0,0
SWKu_JUB_NB>WLOu_JUB_NB@JUB,Jubilee,NB,9,784,SWKu,Southwark,747,WLOu,Waterloo LU,"117,227","6,012","30,330","34,109","31,036","12,118","3,621",66,154,318,491,847,"1,057","1,409","1,671","1,996","2,160","2,511","2,661","2,973","3,066","3,090","2,872","2,766","2,336","2,079","1,821","1,723","1,505","1,433","1,399","1,404","1,360","1,354","1,384","1,389","1,354","1,360","1,332","1,382","1,324","1,303","1,322","1,386","1,336","1,352","1,399","1,445","1,515","1,595","1,754","1,921","2,062","2,306","2,534","2,874","2,996","3,106","3,055","2,938","2,628","2,457","2,161","1,892","1,644","1,382","1,180","1,043",890,813,759,695,642,598,581,560,518,494,471,413,328,272,222,153,94,66,29,0,0,0,0,0,0,0,0,0,0,0,0,0,0,0,0
WLOu_JUB_NB>WMSu_JUB_NB@JUB,Jubilee,NB,10,747,WLOu,Waterloo LU,761,WMSu,Westminster,"99,078","4,812","27,395","29,290","24,469","10,022","3,091",52,91,211,388,628,866,"1,155","1,421","1,758","1,948","2,244","2,549","2,741","2,751","2,800","2,633","2,371","2,111","1,836","1,653","1,446","1,330","1,246","1,222","1,177","1,200","1,168","1,171","1,210","1,182","1,186","1,197","1,190","1,143","1,159","1,128","1,143","1,137","1,154","1,179","1,249","1,252","1,334","1,488","1,528","1,648","1,867","1,994","2,188","2,321","2,452","2,363","2,342","2,119","1,956","1,692","1,504","1,303","1,102",963,857,778,682,640,621,556,523,493,495,451,423,382,345,262,220,176,142,96,61,29,8,0,0,0,0,0,0,0,0,0,0,0,0,0,0,0
WMSu_JUB_NB>GPKu_JUB_NB@JUB,Jubilee,NB,11,761,WMSu,Westminster,590,GPKu,Green Park,"92,292","3,969","21,577","26,991","25,837","10,584","3,334",35,83,188,292,533,693,963,"1,183","1,445","1,556","1,825","2,008","2,196","2,223","2,190","2,044","1,836","1,574","1,380","1,300","1,189","1,069","1,018","1,039",978,978,"1,036","1,047","1,028","1,100","1,085","1,071","1,117","1,129","1,072","1,124","1,107","1,081","1,104","1,169","1,225","1,283","1,374","1,569","1,700","1,827","2,007","2,218","2,319","2,463","2,518","2,552","2,365","2,206","1,941","1,719","1,484","1,324","1,125","1,040",923,821,757,714,654,614,572,557,528,493,457,425,362,297,233,195,144,95,60,37,8,0,0,0,0,0,0,0,0,0,0,0,0,0,0,0
GPKu_JUB_NB>BDSu_JUB_NB@JUB,Jubilee,NB,12,590,GPKu,Green Park,524,BDSu,Bond Street,"80,618","2,645","16,258","22,033","25,165","10,714","3,803",22,44,106,198,332,441,657,844,"1,039","1,166","1,400","1,540","1,697","1,709","1,676","1,554","1,377","1,150","1,019",931,843,801,769,741,777,787,782,800,855,837,855,886,898,873,896,891,917,937,984,"1,022","1,092","1,132","1,251","1,403","1,540","1,710","1,890","2,096","2,252","2,421","2,485","2,471","2,368","2,215","1,965","1,753","1,543","1,308","1,107","1,017",894,848,769,732,680,638,582,596,571,542,512,460,399,343,274,237,192,133,82,47,11,0,0,0,0,0,0,0,0,0,0,0,0,0,0,0
BDSu_JUB_NB>BSTu_JUB_NB@JUB,Jubilee,NB,13,524,BDSu,Bond Street,511,BSTu,Baker Street,"71,164","2,030","11,662","16,736","24,746","11,642","4,347",5,27,81,138,270,373,498,639,806,882,"1,036","1,156","1,270","1,248","1,190","1,077",943,754,668,635,592,551,532,515,520,523,533,553,593,576,607,638,656,641,685,688,731,752,804,843,924,954,"1,082","1,242","1,393","1,566","1,775","1,975","2,173","2,336","2,442","2,463","2,466","2,261","2,060","1,836","1,623","1,366","1,220","1,091",977,921,821,785,755,725,687,671,644,615,561,517,464,407,317,278,216,151,89,65,22,0,0,0,0,0,0,0,0,0,0,0,0,0,0,0
BSTu_JUB_NB>SJWu_JUB_NB@JUB,Jubilee,NB,14,511,BSTu,Baker Street,696,SJWu,St. John's Wood,"62,445","1,458","8,752","13,187","22,690","11,848","4,511",3,19,45,102,183,259,365,482,606,700,844,919,"1,002",971,904,769,662,514,445,416,400,375,364,353,359,363,390,390,423,433,446,462,500,525,524,550,589,626,654,732,825,856,961,"1,087","1,239","1,331","1,580","1,772","1,962","2,103","2,260","2,249","2,288","2,109","1,987","1,809","1,613","1,370","1,269","1,098","1,013",933,860,816,790,709,694,683,659,609,584,540,458,398,344,299,243,174,111,68,24,0,0,0,0,0,0,0,0,0,0,0,0,0,0,0
SJWu_JUB_NB>SWCu_JUB_NB@JUB,Jubilee,NB,15,696,SJWu,St. John's Wood,723,SWCu,Swiss Cottage,"56,354","1,122","6,522","11,562","21,364","11,323","4,461",0,19,35,73,142,222,276,355,424,478,538,639,702,737,707,642,538,440,348,329,310,294,290,287,293,302,316,326,359,360,377,402,415,456,467,472,526,574,597,668,775,793,893,"1,008","1,166","1,231","1,436","1,670","1,782","1,975","2,096","2,171","2,120","2,076","1,853","1,787","1,552","1,366","1,216","1,090",963,891,789,754,725,675,655,646,644,604,552,513,481,391,340,292,249,168,118,75,36,0,0,0,0,0,0,0,0,0,0,0,0,0,0,0
SWCu_JUB_NB>FRDu_JUB_NB@JUB,Jubilee,NB,16,723,SWCu,Swiss Cottage,579,FRDu,Finchley Road,"51,529",961,"5,433","10,377","20,074","10,505","4,179",0,12,32,68,131,178,239,300,353,409,455,523,574,606,566,538,457,375,303,274,254,244,243,248,255,269,279,295,308,325,335,362,389,409,420,451,471,499,538,607,680,759,816,922,"1,117","1,138","1,301","1,542","1,653","1,789","1,954","2,087","1,999","2,007","1,790","1,696","1,434","1,273","1,087","1,012",884,827,769,734,667,637,584,598,578,558,528,493,430,381,317,267,233,173,110,71,40,0,0,0,0,0,0,0,0,0,0,0,0,0,0,0
FRDu_JUB_NB>WHDu_JUB_NB@JUB,Jubilee,NB,17,579,FRDu,Finchley Road,758,WHDu,West Hampstead LU,"40,861",683,"4,318","8,314","15,755","8,324","3,466",0,9,23,46,75,125,174,231,289,355,393,435,461,469,436,401,340,284,235,218,203,205,206,201,206,216,222,235,248,258,269,292,300,335,342,356,376,411,434,493,547,583,631,744,837,945,"1,070","1,195","1,316","1,407","1,529","1,585","1,626","1,526","1,451","1,269","1,134",971,857,749,710,641,595,574,551,519,514,508,505,478,432,394,357,298,253,226,184,138,93,63,33,12,0,0,0,0,0,0,0,0,0,0,0,0,0,0
WHDu_JUB_NB>KILu_JUB_NB@JUB,Jubilee,NB,18,758,WHDu,West Hampstead LU,622,KILu,Kilburn,"33,729",500,"3,228","6,799","13,207","6,997","2,997",0,6,12,34,58,92,129,169,202,242,291,317,355,366,349,300,260,209,173,163,153,162,163,165,163,177,178,185,194,208,220,238,261,279,281,309,321,336,362,413,428,468,542,591,679,770,884,"1,001","1,099","1,227","1,284","1,371","1,316","1,317","1,164","1,094",903,804,689,648,573,562,532,504,469,443,439,432,412,405,382,335,294,262,220,198,161,134,95,57,30,12,0,0,0,0,0,0,0,0,0,0,0,0,0,0
KILu_JUB_NB>WLGu_JUB_NB@JUB,Jubilee,NB,19,622,KILu,Kilburn,765,WLGu,Willesden Green,"29,018",406,"2,836","5,798","11,488","5,946","2,543",0,3,12,31,50,77,102,131,165,209,249,284,327,318,302,264,235,181,162,140,138,136,130,132,146,142,143,156,159,165,196,198,215,235,251,247,289,284,305,338,387,403,467,538,616,677,783,859,971,"1,027","1,131","1,149","1,199","1,109","1,043",925,825,686,622,546,480,457,429,404,395,384,361,355,350,331,309,281,256,217,195,164,147,116,83,50,33,10,0,0,0,0,0,0,0,0,0,0,0,0,0,0
WLGu_JUB_NB>DHLu_JUB_NB@JUB,Jubilee,NB,20,765,WLGu,Willesden Green,558,DHLu,Dollis Hill,"23,111",369,"2,780","4,600","8,926","4,539","1,897",0,3,8,26,49,75,88,120,152,186,237,289,324,329,311,267,228,176,150,132,123,113,121,118,119,123,130,131,131,143,148,157,171,186,199,206,212,224,241,254,288,318,341,402,458,523,590,682,723,815,865,924,904,905,805,733,619,562,470,431,384,359,315,308,292,276,258,265,249,235,219,201,185,159,149,129,120,94,74,43,27,12,0,0,0,0,0,0,0,0,0,0,0,0,0,0
DHLu_JUB_NB>NEAu_JUB_NB@JUB,Jubilee,NB,21,558,DHLu,Dollis Hill,649,NEAu,Neasden,"20,679",352,"2,687","4,197","7,841","3,985","1,616",0,2,8,26,41,65,89,121,155,199,256,298,316,313,298,245,200,159,136,111,105,109,119,118,120,124,123,116,124,133,127,145,164,169,167,199,194,206,220,230,258,269,304,359,415,468,530,582,627,707,727,804,788,794,723,676,577,524,421,376,330,291,275,264,249,235,229,214,210,199,190,166,161,138,131,103,101,79,63,37,28,10,0,0,0,0,0,0,0,0,0,0,0,0,0,0
NEAu_JUB_NB>WPKu_JUB_NB@JUB,Jubilee,NB,22,649,NEAu,Neasden,752,WPKu,Wembley Park,"18,552",326,"2,523","3,855","6,953","3,504","1,392",0,2,9,21,39,61,83,111,146,175,230,277,304,299,286,237,188,145,123,113,107,111,109,112,116,112,111,118,125,118,127,133,142,155,161,169,188,186,188,213,233,243,269,309,342,399,447,511,588,622,677,701,721,697,670,577,534,451,370,321,303,255,243,219,222,197,200,187,185,169,161,144,132,116,102,94,86,72,56,42,24,9,0,0,0,0,0,0,0,0,0,0,0,0,0,0
WPKu_JUB_NB>KBYu_JUB_NB@JUB,Jubilee,NB,23,752,WPKu,Wembley Park,624,KBYu,Kingsbury,"17,128",180,"1,968","3,277","7,267","3,295","1,141",0,0,5,9,16,31,53,66,100,133,173,209,238,241,227,195,150,122,95,86,83,83,83,85,81,83,89,92,91,103,102,108,118,122,138,147,148,166,183,189,194,231,261,297,331,425,441,496,600,643,706,759,808,738,718,602,534,430,383,309,285,253,222,187,198,171,172,150,154,138,131,118,111,98,88,80,65,58,42,30,18,11,0,0,0,0,0,0,0,0,0,0,0,0,0,0
KBYu_JUB_NB>QBYu_JUB_NB@JUB,Jubilee,NB,24,624,KBYu,Kingsbury,679,QBYu,Queensbury,"12,521",130,"1,415","2,389","5,200","2,525",862,0,0,3,6,12,20,34,55,75,98,121,148,156,166,156,144,115,95,73,67,60,59,59,61,60,62,63,66,68,73,77,81,87,97,100,107,117,120,125,135,159,169,182,203,238,270,299,363,430,460,485,548,547,542,533,484,417,359,290,240,208,186,163,153,132,140,114,122,104,109,96,95,82,77,65,55,51,38,36,25,17,9,4,0,0,0,0,0,0,0,0,0,0,0,0,0
QBYu_JUB_NB>CPKu_JUB_NB@JUB,Jubilee,NB,25,679,QBYu,Queensbury,537,CPKu,Canons Park,"8,051",100,"1,078","1,520","3,128","1,634",592,0,0,2,5,9,16,27,40,55,79,95,117,129,137,119,108,83,65,48,45,39,38,38,36,36,39,37,36,43,46,43,52,53,55,63,67,69,82,80,81,106,114,124,144,169,183,200,212,246,275,285,318,334,320,303,283,250,224,198,166,142,123,106,95,86,88,79,77,74,71,67,62,57,52,46,38,34,28,24,17,12,8,3,0,0,0,0,0,0,0,0,0,0,0,0,0
CPKu_JUB_NB>STAu_JUB_NB@JUB,Jubilee,NB,26,537,CPKu,Canons Park,714,STAu,Stanmore,"4,887",66,711,947,"1,816",961,386,0,0,1,2,7,10,18,27,38,51,62,73,79,84,78,71,59,49,37,30,28,25,23,25,25,23,24,26,27,27,30,31,33,36,38,42,45,47,49,52,61,70,77,84,104,107,119,129,149,147,167,177,184,184,181,168,145,134,110,99,79,77,62,57,53,54,45,45,45,44,40,40,39,35,29,27,22,18,16,13,8,7,2,0,0,0,0,0,0,0,0,0,0,0,0,0
STAu_JUB_SB>CPKu_JUB_SB@JUB,Jubilee,SB,1,714,STAu,Stanmore,537,CPKu,Canons Park,"4,909",569,"1,991","1,232",874,200,44,15,20,40,65,81,92,119,138,169,188,216,235,226,199,181,156,129,110,96,86,72,62,60,58,53,56,52,53,54,51,49,48,47,45,43,46,45,42,39,43,42,52,57,64,75,76,80,92,92,85,87,76,63,57,49,42,34,27,21,19,16,14,14,14,12,10,10,9,7,7,6,5,5,5,4,3,2,0,0,0,0,0,0,0,0,0,0,0,0,0,0,0,0,0,0,0
CPKu_JUB_SB>QBYu_JUB_SB@JUB,Jubilee,SB,2,537,CPKu,Canons Park,679,QBYu,Queensbury,"8,143",968,"3,407","1,978","1,409",314,68,20,36,68,103,133,164,204,240,279,312,367,388,389,354,321,270,226,185,170,147,124,105,98,93,89,88,92,86,82,85,79,76,75,70,67,67,63,64,68,66,70,82,87,102,119,128,131,137,141,132,132,123,118,96,86,68,54,39,33,28,25,23,22,21,19,18,16,15,12,11,9,8,7,7,5,4,3,1,0,0,0,0,0,0,0,0,0,0,0,0,0,0,0,0,0,0
QBYu_JUB_SB>KBYu_JUB_SB@JUB,Jubilee,SB,3,679,QBYu,Queensbury,624,KBYu,Kingsbury,"12,737","2,018","5,261","2,986","1,869",506,96,40,81,132,230,305,362,422,445,459,498,540,581,588,549,487,434,343,303,265,216,180,159,150,143,144,142,139,131,118,116,119,116,113,117,115,102,101,103,104,102,112,110,119,131,147,162,172,179,180,179,165,168,153,140,119,105,81,67,55,48,42,38,35,33,30,29,25,23,19,16,14,12,10,8,7,4,3,2,1,0,0,0,0,0,0,0,0,0,0,0,0,0,0,0,0,0
KBYu_JUB_SB>WPKu_JUB_SB@JUB,Jubilee,SB,4,624,KBYu,Kingsbury,752,WPKu,Wembley Park,"17,392","2,798","6,860","4,440","2,484",673,138,52,126,204,316,414,514,554,619,659,653,723,737,738,679,634,532,478,385,339,303,263,226,211,208,200,190,189,189,185,177,172,169,163,153,154,160,162,155,155,153,172,191,215,224,252,238,239,241,244,219,221,198,185,163,156,129,111,84,79,61,54,49,47,41,41,38,36,32,29,23,20,15,13,11,9,7,5,3,2,0,0,0,0,0,0,0,0,0,0,0,0,0,0,0,0,0
WPKu_JUB_SB>NEAu_JUB_SB@JUB,Jubilee,SB,5,752,WPKu,Wembley Park,649,NEAu,Neasden,"21,348","2,893","8,192","5,732","3,285",999,247,67,105,176,286,441,512,628,678,717,724,789,809,848,852,782,702,614,533,428,395,329,281,256,243,222,217,223,233,232,221,238,225,206,211,211,200,207,203,209,237,233,264,311,322,317,336,322,313,299,306,290,281,238,229,189,165,135,118,104,92,84,82,77,69,65,62,58,53,49,41,36,30,23,18,17,13,9,7,4,1,0,0,0,0,0,0,0,0,0,0,0,0,0,0,0,0
NEAu_JUB_SB>DHLu_JUB_SB@JUB,Jubilee,SB,6,649,NEAu,Neasden,558,DHLu,Dollis Hill,"23,833","3,107","9,453","6,387","3,565","1,056",265,61,118,204,300,462,573,652,737,850,821,865,950,956,926,900,859,731,630,502,463,357,322,288,294,267,261,253,266,262,250,255,251,248,236,236,237,231,225,232,243,253,282,313,327,354,345,352,345,346,323,334,293,270,234,202,165,145,124,111,102,89,88,78,73,67,66,60,55,50,44,37,32,26,21,17,15,10,7,4,2,0,0,0,0,0,0,0,0,0,0,0,0,0,0,0,0
DHLu_JUB_SB>WLGu_JUB_SB@JUB,Jubilee,SB,7,558,DHLu,Dollis Hill,765,WLGu,Willesden Green,"26,838","3,361","10,779","7,346","3,929","1,136",287,70,132,198,331,495,595,724,814,899,909,"1,031","1,048","1,140","1,086","1,070",941,846,695,606,508,448,386,356,326,316,302,293,289,299,306,282,308,287,278,270,265,260,266,257,256,297,311,328,361,383,366,364,385,400,364,367,336,300,246,228,190,169,138,121,109,96,90,82,76,71,65,60,59,54,48,41,34,27,23,18,16,12,9,4,2,0,0,0,0,0,0,0,0,0,0,0,0,0,0,0,0
WLGu_JUB_SB>KILu_JUB_SB@JUB,Jubilee,SB,8,765,WLGu,Willesden Green,622,KILu,Kilburn,"32,880","3,750","13,701","9,078","4,613","1,399",339,78,127,233,369,518,670,817,937,"1,061","1,118","1,251","1,337","1,423","1,392","1,377","1,230","1,104",929,803,677,591,511,466,431,419,383,383,356,374,357,360,356,364,340,334,336,322,306,314,329,325,352,376,391,411,419,436,438,443,426,432,388,366,324,288,243,218,177,152,132,117,101,97,92,85,80,76,71,62,55,48,41,32,28,24,18,13,10,5,2,1,0,0,0,0,0,0,0,0,0,0,0,0,0,0,0
KILu_JUB_SB>WHDu_JUB_SB@JUB,Jubilee,SB,9,622,KILu,Kilburn,758,WHDu,West Hampstead LU,"37,646","3,959","15,658","10,298","5,467","1,772",491,84,138,234,355,571,673,875,"1,028","1,142","1,201","1,404","1,459","1,601","1,628","1,589","1,440","1,337","1,074",959,826,689,587,539,479,463,443,424,432,428,401,423,407,402,385,383,368,358,348,354,366,368,401,413,438,463,465,491,502,509,497,518,477,459,406,372,308,264,222,191,161,143,130,116,118,112,107,107,102,91,82,70,59,48,38,31,27,18,12,8,4,1,0,0,0,0,0,0,0,0,0,0,0,0,0,0,0
WHDu_JUB_SB>FRDu_JUB_SB@JUB,Jubilee,SB,10,758,WHDu,West Hampstead LU,579,FRDu,Finchley Road,"45,476","4,034","19,171","12,328","6,960","2,342",641,85,140,240,373,542,696,892,"1,067","1,234","1,369","1,605","1,742","1,996","2,054","2,051","1,895","1,711","1,357","1,171",987,806,729,645,575,563,546,500,515,516,498,483,492,483,468,462,442,444,433,418,416,434,443,484,531,546,578,600,596,638,635,647,635,613,533,505,437,371,309,265,224,185,166,153,142,139,130,132,126,118,99,93,77,62,53,46,36,24,18,10,5,1,0,0,0,0,0,0,0,0,0,0,0,0,0,0,0
FRDu_JUB_SB>SWCu_JUB_SB@JUB,Jubilee,SB,11,579,FRDu,Finchley Road,723,SWCu,Swiss Cottage,"57,624","4,998","23,484","16,233","9,006","3,037",866,40,121,287,416,686,940,"1,163","1,347","1,656","1,768","2,017","2,260","2,436","2,414","2,448","2,214","1,936","1,661","1,461","1,213","1,085",971,868,792,753,713,676,669,675,665,650,666,642,608,581,584,569,552,546,571,565,575,606,649,669,708,753,790,833,840,856,835,801,720,650,553,472,383,321,284,256,221,210,198,182,175,170,166,150,141,121,106,88,75,58,50,35,22,13,6,2,0,0,0,0,0,0,0,0,0,0,0,0,0,0,0
SWCu_JUB_SB>SJWu_JUB_SB@JUB,Jubilee,SB,12,723,SWCu,Swiss Cottage,696,SJWu,St. John's Wood,"62,432","4,983","24,829","17,730","10,339","3,496","1,054",42,125,230,429,654,909,"1,137","1,455","1,631","1,828","2,153","2,338","2,486","2,633","2,586","2,310","2,157","1,834","1,513","1,362","1,211","1,034",911,878,815,772,736,764,739,691,710,709,702,684,670,639,638,599,596,616,605,625,669,717,751,830,857,922,942,973,949,981,888,841,748,656,518,458,368,318,286,267,239,224,217,202,202,198,192,168,156,129,109,90,72,56,38,23,13,5,2,0,0,0,0,0,0,0,0,0,0,0,0,0,0,0
SJWu_JUB_SB>BSTu_JUB_SB@JUB,Jubilee,SB,13,696,SJWu,St. John's Wood,511,BSTu,Baker Street,"68,136","4,965","25,682","19,831","12,321","4,155","1,182",46,130,237,437,662,918,"1,116","1,420","1,584","1,824","2,075","2,408","2,541","2,731","2,686","2,543","2,243","1,952","1,662","1,434","1,244","1,122","1,030",946,889,848,787,795,812,805,772,822,782,726,721,720,686,681,674,705,754,751,846,912,954,979,"1,087","1,078","1,140","1,118","1,172","1,119","1,084",952,895,742,629,514,458,396,346,307,294,268,247,235,232,230,215,197,174,151,119,96,75,60,41,27,16,9,2,0,0,0,0,0,0,0,0,0,0,0,0,0,0,0
BSTu_JUB_SB>BDSu_JUB_SB@JUB,Jubilee,SB,14,511,BSTu,Baker Street,524,BDSu,Bond Street,"73,718","4,641","25,433","21,537","14,837","5,540","1,730",36,108,203,389,624,867,"1,081","1,333","1,562","1,800","2,015","2,256","2,527","2,617","2,607","2,487","2,354","1,993","1,716","1,500","1,345","1,135","1,060",994,918,873,844,846,879,874,841,871,847,804,782,788,770,761,764,808,862,881,942,"1,049","1,079","1,166","1,219","1,311","1,320","1,368","1,358","1,411","1,304","1,225","1,108",966,797,702,590,523,471,407,374,364,343,327,324,319,295,273,241,216,183,151,120,96,70,41,25,14,6,0,0,0,0,0,0,0,0,0,0,0,0,0,0,0
BDSu_JUB_SB>GPKu_JUB_SB@JUB,Jubilee,SB,15,524,BDSu,Bond Street,590,GPKu,Green Park,"81,071","4,225","23,350","22,757","19,586","8,328","2,825",38,107,209,333,568,802,959,"1,210","1,471","1,577","1,744","2,072","2,298","2,395","2,434","2,371","2,178","1,827","1,568","1,415","1,265","1,102","1,037",982,921,866,825,843,872,871,904,900,896,872,870,873,872,894,912,924,953,"1,020","1,077","1,207","1,307","1,422","1,519","1,647","1,725","1,860","1,842","1,930","1,819","1,679","1,484","1,352","1,130","1,008",876,787,713,645,600,566,529,507,483,485,470,439,389,355,293,241,202,164,118,73,48,22,11,0,0,0,0,0,0,0,0,0,0,0,0,0,0,0
GPKu_JUB_SB>WMSu_JUB_SB@JUB,Jubilee,SB,16,590,GPKu,Green Park,761,WMSu,Westminster,"85,035","3,627","20,517","23,180","22,869","10,683","4,160",40,96,174,323,489,670,808,"1,027","1,198","1,361","1,518","1,753","1,979","2,089","2,101","2,081","1,994","1,685","1,457","1,302","1,153","1,010",946,924,904,856,822,851,827,862,875,874,911,931,905,905,954,911,935,"1,009","1,097","1,124","1,251","1,344","1,414","1,548","1,676","1,896","2,025","2,187","2,212","2,319","2,134","2,015","1,811","1,632","1,385","1,234","1,087",984,907,825,777,754,727,683,668,653,631,575,552,504,454,384,337,265,193,126,84,37,15,4,0,0,0,0,0,0,0,0,0,0,0,0,0,0
WMSu_JUB_SB>WLOu_JUB_SB@JUB,Jubilee,SB,17,761,WMSu,Westminster,747,WLOu,Waterloo LU,"93,867","3,366","19,634","24,323","28,136","13,243","5,164",13,97,174,285,437,645,749,965,"1,149","1,310","1,437","1,655","1,876","2,003","2,030","2,056","1,915","1,606","1,386","1,211","1,035",955,891,856,847,820,788,836,867,885,897,927,957,965,982,995,"1,048","1,019","1,047","1,137","1,241","1,290","1,458","1,579","1,685","1,816","2,040","2,262","2,514","2,693","2,804","2,829","2,722","2,499","2,260","2,012","1,764","1,517","1,334","1,216","1,130","1,032",975,939,891,844,811,789,766,711,689,618,562,494,411,313,254,167,92,59,26,3,0,0,0,0,0,0,0,0,0,0,0,0,0,0
WLOu_JUB_SB>SWKu_JUB_SB@JUB,Jubilee,SB,18,747,WLOu,Waterloo LU,784,SWKu,Southwark,"111,534","3,936","25,736","27,912","31,606","15,496","6,848",20,104,185,326,507,704,906,"1,184","1,415","1,673","1,924","2,202","2,529","2,728","2,736","2,720","2,484","2,084","1,726","1,515","1,289","1,153","1,056","1,005",946,912,924,923,985,"1,011","1,017","1,070","1,083","1,108","1,137","1,199","1,178","1,232","1,261","1,312","1,378","1,443","1,578","1,711","1,856","2,115","2,266","2,619","2,777","2,974","2,998","3,223","3,008","2,873","2,569","2,326","1,899","1,657","1,510","1,441","1,309","1,283","1,207","1,127","1,041","1,041",976,"1,005",984,968,864,853,737,621,539,455,338,220,150,80,34,5,0,0,0,0,0,0,0,0,0,0,0,0,0,0
SWKu_JUB_SB>LONu_JUB_SB@JUB,Jubilee,SB,19,784,SWKu,Southwark,635,LONu,London Bridge LU,"107,890","3,628","23,800","27,066","30,936","15,508","6,952",21,65,154,321,445,675,846,"1,101","1,341","1,570","1,733","2,137","2,332","2,472","2,582","2,522","2,205","1,937","1,619","1,350","1,194","1,078",980,940,916,900,869,916,942,970,982,"1,029","1,049","1,075","1,104","1,111","1,190","1,140","1,166","1,288","1,407","1,422","1,631","1,767","1,852","2,033","2,275","2,509","2,694","2,974","3,083","3,095","2,982","2,825","2,447","2,167","1,922","1,679","1,481","1,401","1,306","1,225","1,156","1,130","1,093","1,058","1,035","1,023","1,009",944,902,845,740,645,562,449,335,250,150,81,35,5,0,0,0,0,0,0,0,0,0,0,0,0,0,0
LONu_JUB_SB>BERu_JUB_SB@JUB,Jubilee,SB,20,635,LONu,London Bridge LU,787,BERu,Bermondsey,"106,972","4,016","25,897","24,124","29,845","15,795","7,294",31,81,179,299,504,711,978,"1,233","1,579","1,785","2,002","2,347","2,593","2,720","2,782","2,696","2,336","2,023","1,657","1,376","1,172","1,032",910,839,814,809,814,808,842,844,855,896,918,929,959,"1,001",994,"1,024","1,064","1,111","1,209","1,261","1,426","1,593","1,746","1,929","2,185","2,432","2,571","2,861","2,943","2,995","2,884","2,755","2,391","2,151","1,888","1,660","1,533","1,419","1,331","1,260","1,236","1,155","1,128","1,092","1,073","1,021","1,021",990,941,874,803,690,585,486,364,245,147,99,36,13,0,0,0,0,0,0,0,0,0,0,0,0,0,0
BERu_JUB_SB>CWRu_JUB_SB@JUB,Jubilee,SB,21,787,BERu,Bermondsey,788,CWRu,Canada Water,"104,825","3,801","25,750","23,766","29,089","15,375","7,044",22,91,189,309,456,673,908,"1,153","1,422","1,734","2,010","2,271","2,528","2,741","2,733","2,652","2,407","2,096","1,697","1,459","1,208","1,044",916,888,816,789,798,792,802,830,873,876,906,910,936,939,971,"1,001","1,014","1,066","1,177","1,258","1,381","1,574","1,714","1,893","2,091","2,359","2,498","2,772","2,843","2,929","2,805","2,695","2,361","2,128","1,892","1,636","1,486","1,384","1,292","1,181","1,184","1,117","1,085","1,071","1,029","1,019",988,948,876,858,738,661,576,469,349,260,162,95,51,13,0,0,0,0,0,0,0,0,0,0,0,0,0,0
CWRu_JUB_SB>CWFu_JUB_SB@JUB,Jubilee,SB,22,788,CWRu,Canada Water,852,CWFu,Canary Wharf LU,"97,137","4,085","27,534","21,950","25,237","12,567","5,764",27,86,186,306,524,726,973,"1,256","1,631","1,837","2,149","2,438","2,677","2,846","2,909","2,830","2,616","2,251","1,827","1,522","1,253","1,015",910,812,790,725,733,732,766,789,824,826,878,848,838,855,875,869,884,928,"1,021","1,155","1,232","1,393","1,566","1,674","1,791","2,053","2,271","2,394","2,478","2,544","2,411","2,223","2,020","1,812","1,567","1,358","1,197","1,109","1,050",986,947,933,900,847,842,830,819,746,722,643,613,529,471,387,317,224,144,84,45,20,0,0,0,0,0,0,0,0,0,0,0,0,0,0
CWFu_JUB_SB>NOGu_JUB_SB@JUB,Jubilee,SB,23,852,CWFu,Canary Wharf LU,789,NOGu,North Greenwich,"69,464","1,966","9,675","16,235","24,082","12,459","5,047",22,66,130,194,276,337,415,526,640,740,858,950,971,991,949,888,804,713,597,573,539,509,483,501,496,489,494,532,561,591,614,660,674,668,672,705,688,729,769,787,863,980,"1,058","1,173","1,377","1,461","1,691","1,890","2,195","2,287","2,483","2,417","2,407","2,155","1,965","1,754","1,602","1,394","1,257","1,181","1,067",980,924,896,849,797,779,732,706,673,636,565,527,452,386,337,272,203,135,92,42,21,0,0,0,0,0,0,0,0,0,0,0,0,0,0
NOGu_JUB_SB>CNTu_JUB_SB@JUB,Jubilee,SB,24,789,NOGu,North Greenwich,884,CNTu,Canning Town,"60,271","1,813","8,159","13,675","20,911","11,253","4,460",31,75,114,172,251,310,376,484,570,644,735,804,830,855,813,724,670,579,483,453,465,419,400,424,419,394,404,426,445,483,505,518,574,555,569,596,632,612,647,698,733,801,901,"1,057","1,086","1,270","1,502","1,668","1,895","2,075","2,173","2,089","2,087","1,843","1,727","1,497","1,406","1,199","1,126","1,034",988,893,873,828,787,756,708,654,640,600,541,508,484,391,341,304,233,166,124,77,32,16,4,0,0,0,0,0,0,0,0,0,0,0,0,0
CNTu_JUB_SB>WHMu_JUB_SB@JUB,Jubilee,SB,25,884,CNTu,Canning Town,757,WHMu,West Ham,"47,367","1,465","7,386","10,959","16,090","8,571","2,897",28,37,89,147,206,228,325,405,484,554,661,741,772,776,761,690,593,523,439,391,368,334,295,297,300,301,329,358,381,400,415,424,454,453,475,493,536,522,557,594,622,612,659,782,841,945,"1,114","1,302","1,434","1,581","1,672","1,682","1,578","1,449","1,304","1,188","1,085",997,889,817,748,671,642,617,587,542,501,475,434,396,358,321,290,259,207,183,152,110,77,60,31,17,3,0,0,0,0,0,0,0,0,0,0,0,0,0
WHMu_JUB_SB>SFDu_JUB_SB@JUB,Jubilee,SB,26,757,WHMu,West Ham,719,SFDu,Stratford,"32,611","1,104","6,947","8,352","9,031","5,467","1,710",3,27,47,93,145,189,250,351,417,500,598,692,720,755,714,669,569,508,423,381,339,306,266,255,264,267,287,306,330,343,346,351,362,358,358,368,379,367,364,385,403,423,436,488,488,537,624,726,815,909,960,916,870,778,755,654,645,599,577,508,510,449,432,408,381,341,319,299,274,246,224,198,170,149,121,100,80,62,39,24,15,7,1,0,0,0,0,0,0,0,0,0,0,0,0,0
CLJr_ELL_NB>WWRr_ELL_NB@ELL,LO Windrush,NB,2,5595,CLJr,Clapham Junction,5372,WWRr,Wandsworth Road,"6,031",131,"1,307","1,222","2,299",856,216,0,0,4,8,8,19,37,56,86,125,153,171,170,147,121,93,70,59,58,54,49,44,40,39,36,39,39,43,41,45,42,44,41,45,43,49,48,54,54,62,62,75,80,105,125,150,168,184,198,212,218,229,235,215,194,172,140,114,95,80,69,63,56,53,49,50,44,43,44,42,30,28,27,18,11,11,6,0,0,0,0,0,0,0,0,0,0,0,0,0,0,0,0,0,0,0
WWRr_ELL_NB>CLPr_ELL_NB@ELL,LO Windrush,NB,3,5372,WWRr,Wandsworth Road,5301,CLPr,Clapham High Street,"6,898",202,"1,715","1,428","2,419",891,242,0,0,6,12,15,32,56,81,115,164,198,218,217,197,163,127,97,81,73,65,59,53,47,46,43,45,46,51,48,53,50,52,49,52,50,56,54,62,63,73,74,88,94,118,135,160,178,193,209,227,232,240,245,224,200,176,144,117,98,83,72,66,60,56,51,52,46,45,45,44,35,32,29,23,14,12,7,2,0,0,0,0,0,0,0,0,0,0,0,0,0,0,0,0,0,0
CLPr_ELL_NB>DMKr_ELL_NB@ELL,LO Windrush,NB,4,5301,CLPr,Clapham High Street,5421,DMKr,Denmark Hill,"8,547",313,"2,792","1,738","2,461",973,269,0,0,8,16,23,49,86,132,186,256,307,342,342,318,274,225,179,143,120,100,85,71,62,61,56,56,57,65,63,67,64,66,60,62,60,64,64,72,74,83,88,100,108,131,149,174,191,206,220,234,232,235,236,216,192,174,149,123,105,93,82,74,69,65,58,56,51,49,48,47,40,38,32,25,17,13,7,2,0,0,0,0,0,0,0,0,0,0,0,0,0,0,0,0,0,0
DMKr_ELL_NB>PMRr_ELL_NB@ELL,LO Windrush,NB,5,5421,DMKr,Denmark Hill,5423,PMRr,Peckham Rye,"9,865",343,"2,507","2,289","3,255","1,175",296,0,0,10,20,28,57,91,137,180,251,290,318,301,280,231,187,147,125,106,89,78,72,66,69,66,73,73,84,84,91,84,85,76,79,78,85,85,100,103,118,130,153,162,195,214,248,269,306,316,333,268,312,280,252,216,242,159,140,121,111,103,100,91,84,76,71,60,58,56,52,43,41,34,27,18,14,7,3,0,0,0,0,0,0,0,0,0,0,0,0,0,0,0,0,0,0
PMRr_ELL_NB>QRPr_ELL_NB@ELL,LO Windrush,NB,6,5423,PMRr,Peckham Rye,5424,QRPr,Queens Road Peckham,"11,560",326,"3,055","2,673","3,527","1,529",450,0,0,0,22,35,48,89,132,179,233,320,360,383,353,328,262,207,164,147,120,99,86,84,78,82,81,94,94,104,106,115,107,106,95,98,96,103,106,122,128,145,162,185,198,227,243,271,294,335,347,366,352,331,285,258,218,191,170,157,139,132,127,122,113,105,98,92,82,78,73,68,57,52,42,34,21,15,8,4,0,0,0,0,0,0,0,0,0,0,0,0,0,0,0,0,0
QRPr_ELL_NB>SQEr_ELL_NB@ELL,LO Windrush,NB,7,5424,QRPr,Queens Road Peckham,1083,SQEr,Surrey Quays,"13,223",480,"3,769","3,259","3,723","1,519",473,0,0,0,31,53,74,129,193,248,315,410,447,456,421,382,305,247,207,181,149,128,111,104,100,105,105,119,120,130,131,139,128,125,114,116,115,122,125,144,153,173,192,224,236,262,278,305,322,359,372,384,364,333,284,249,210,183,166,155,138,131,126,121,114,107,99,95,85,81,76,73,61,55,44,35,21,14,7,4,0,0,0,0,0,0,0,0,0,0,0,0,0,0,0,0,0
CYPr_ELL_NB>SYDr_ELL_NB@ELL,LO Windrush,NB,8,5356,CYPr,Crystal Palace,5437,SYDr,Sydenham,"1,764",159,789,345,285,138,49,1,2,8,16,19,25,37,51,61,83,105,115,103,90,74,50,31,28,27,21,17,16,12,12,11,13,13,14,14,15,14,15,13,13,13,13,12,14,13,15,16,18,19,22,25,26,27,28,27,26,25,23,21,21,19,18,16,15,13,12,10,11,10,11,11,10,9,10,10,8,8,7,5,4,3,2,1,0,0,0,0,0,0,0,0,0,0,0,0,0,0,0,0,0,0,0
WCYr_ELL_NB>NWDr_ELL_NB@ELL,LO Windrush,NB,9,5411,WCYr,West Croydon NR,5376,NWDr,Norwood Junction,"4,705",378,"1,370","1,284","1,123",459,93,7,12,25,36,55,58,88,96,122,141,179,165,162,136,122,85,75,65,68,49,45,39,44,41,44,47,56,54,55,54,58,52,50,48,52,48,51,53,57,58,64,66,72,74,82,85,95,96,107,108,116,106,104,87,78,62,60,51,51,45,45,39,38,32,29,25,23,20,20,18,15,14,11,7,5,3,0,0,0,0,0,0,0,0,0,0,0,0,0,0,0,0,0,0,0,0
NWDr_ELL_NB>ANYr_ELL_NB@ELL,LO Windrush,NB,10,5376,NWDr,Norwood Junction,5397,ANYr,Anerley,"5,781",504,"1,724","1,479","1,375",573,126,12,23,38,52,71,76,101,130,158,203,235,228,203,178,135,99,80,75,70,58,50,48,48,47,47,53,59,61,60,62,63,59,53,55,55,55,56,62,64,70,75,87,90,103,108,117,117,127,126,132,130,126,117,105,89,79,72,65,60,58,55,51,46,41,36,33,29,26,26,24,21,19,15,10,7,4,1,0,0,0,0,0,0,0,0,0,0,0,0,0,0,0,0,0,0,0
ANYr_ELL_NB>PNWr_ELL_NB@ELL,LO Windrush,NB,11,5397,ANYr,Anerley,5378,PNWr,Penge West,"7,530",761,"2,513","1,930","1,544",644,139,14,30,51,73,100,123,164,206,241,304,327,313,287,257,194,156,131,113,102,88,76,72,73,71,73,80,85,83,82,83,81,75,69,70,70,68,69,76,78,83,89,102,105,117,123,132,134,142,143,147,145,139,130,117,101,89,81,73,67,63,60,56,51,47,41,39,35,32,30,27,22,20,16,11,7,4,1,0,0,0,0,0,0,0,0,0,0,0,0,0,0,0,0,0,0,0
PNWr_ELL_NB>SYDr_ELL_NB@ELL,LO Windrush,NB,12,5378,PNWr,Penge West,5437,SYDr,Sydenham,"8,747",905,"3,111","2,198","1,680",703,151,15,33,57,83,115,146,203,252,290,366,388,372,348,323,247,209,175,150,131,113,95,87,86,83,87,95,100,98,98,97,94,86,78,78,77,76,78,85,86,91,97,109,113,125,133,143,148,155,159,163,160,150,141,124,109,96,87,79,73,68,65,60,57,51,46,43,39,34,32,30,25,22,17,12,8,4,1,0,0,0,0,0,0,0,0,0,0,0,0,0,0,0,0,0,0,0
SYDr_ELL_NB>FOHr_ELL_NB@ELL,LO Windrush,NB,13,5437,SYDr,Sydenham,5362,FOHr,Forest Hill,"14,324","1,496","5,516","3,411","2,543","1,095",261,21,48,90,134,185,243,345,430,504,646,697,676,625,576,442,359,301,266,230,193,166,143,136,131,137,148,154,153,154,153,148,135,125,122,121,118,121,130,135,138,149,164,144,188,171,215,188,262,239,274,207,260,209,189,148,182,120,123,110,121,94,105,86,79,72,68,62,56,54,48,43,39,29,21,15,8,3,2,0,0,0,0,0,0,0,0,0,0,0,0,0,0,0,0,0,0
FOHr_ELL_NB>HPAr_ELL_NB@ELL,LO Windrush,NB,14,5362,FOHr,Forest Hill,5418,HPAr,Honor Oak Park,"19,216","1,594","7,999","4,703","3,233","1,334",353,5,33,79,132,192,271,373,510,629,769,925,958,906,843,750,587,499,437,380,316,269,227,199,190,185,196,207,213,209,210,203,193,176,165,162,160,159,164,177,186,194,205,225,229,247,257,280,284,296,299,312,292,275,259,234,197,179,160,140,123,115,106,101,96,87,80,76,71,65,61,56,49,42,32,23,15,8,2,0,0,0,0,0,0,0,0,0,0,0,0,0,0,0,0,0,0
HPAr_ELL_NB>BCYr_ELL_NB@ELL,LO Windrush,NB,15,5418,HPAr,Honor Oak Park,5404,BCYr,Brockley,"21,813","1,840","9,248","5,295","3,546","1,509",375,6,36,88,148,217,309,438,598,736,901,"1,068","1,092","1,034",968,859,680,589,513,443,364,317,266,236,223,220,229,242,245,242,240,232,214,196,182,179,177,176,180,192,198,207,218,238,246,267,275,302,313,326,330,347,325,304,284,257,215,194,179,159,139,130,119,108,110,102,95,91,85,71,66,60,52,44,33,23,15,8,2,0,0,0,0,0,0,0,0,0,0,0,0,0,0,0,0,0,0
BCYr_ELL_NB>NXGr_ELL_NB@ELL,LO Windrush,NB,16,5404,BCYr,Brockley,5345,NXGr,New Cross Gate,"24,986","2,141","10,435","6,191","4,146","1,668",405,7,43,102,173,253,364,507,692,844,"1,030","1,202","1,224","1,144","1,081",956,766,668,595,506,420,367,313,279,265,260,269,282,287,281,280,272,251,230,216,212,209,206,209,221,229,238,253,276,287,310,320,351,367,383,388,406,384,357,332,298,250,222,202,178,155,144,131,119,118,109,102,98,91,77,71,64,56,48,35,25,17,8,2,1,0,0,0,0,0,0,0,0,0,0,0,0,0,0,0,0,0
NXGr_ELL_NB>SQEr_ELL_NB@ELL,LO Windrush,NB,17,5345,NXGr,New Cross Gate,1083,SQEr,Surrey Quays,"28,479","2,034","11,315","7,201","5,297","2,112",520,0,37,87,163,244,355,475,673,847,"1,008","1,230","1,302","1,245","1,157","1,083",887,762,682,607,505,421,369,318,297,284,289,306,319,315,316,314,301,275,256,256,254,250,250,264,275,287,302,330,356,379,405,431,473,491,505,508,505,459,423,379,340,291,260,234,207,181,165,149,140,134,123,118,110,97,88,80,70,62,49,33,23,13,5,1,0,0,0,0,0,0,0,0,0,0,0,0,0,0,0,0,0
NWXr_ELL_NB>SQEr_ELL_NB@ELL,LO Windrush,NB,18,5150,NWXr,New Cross,1083,SQEr,Surrey Quays,"2,291",157,679,651,587,176,41,0,5,8,13,18,29,33,50,64,77,82,89,75,69,58,45,34,36,26,24,21,22,19,21,20,23,24,24,23,26,25,26,24,26,24,25,24,28,30,33,35,40,41,47,46,53,55,62,57,62,56,52,42,39,32,31,26,26,21,21,15,13,10,11,9,9,8,7,6,5,6,5,6,5,4,2,1,0,0,0,0,0,0,0,0,0,0,0,0,0,0,0,0,0,0,0
SQEr_ELL_NB>CWRu_ELL_NB@ELL,LO Windrush,NB,19,1083,SQEr,Surrey Quays,788,CWRu,Canada Water,"47,096","2,951","17,318","12,004","9,848","3,919","1,054",0,41,110,234,354,511,713,989,"1,241","1,492","1,830","1,960","1,931","1,807","1,701","1,413","1,205","1,050",928,761,640,556,497,470,459,461,494,505,510,511,515,491,460,427,430,427,426,426,460,485,518,556,619,661,708,747,808,877,933,960,977,946,858,761,677,596,519,466,430,384,345,317,290,268,251,228,218,203,185,170,158,139,122,98,76,52,31,15,8,0,0,0,0,0,0,0,0,0,0,0,0,0,0,0,0,0
CWRu_ELL_NB>ROEr_ELL_NB@ELL,LO Windrush,NB,20,788,CWRu,Canada Water,1039,ROEr,Rotherhithe,"34,162","1,535","12,481","8,522","7,221","3,351","1,052",0,6,38,102,183,261,395,550,736,903,"1,134","1,317","1,383","1,339","1,299","1,155",976,859,756,625,527,444,373,335,327,316,327,341,356,357,362,349,333,305,294,292,300,298,319,339,363,385,423,456,488,520,556,609,659,685,702,701,657,593,549,501,447,403,372,332,297,272,247,223,211,191,182,175,168,157,150,136,120,104,85,59,39,23,9,0,0,0,0,0,0,0,0,0,0,0,0,0,0,0,0,0
ROEr_ELL_NB>WPEr_ELL_NB@ELL,LO Windrush,NB,21,1039,ROEr,Rotherhithe,1085,WPEr,Wapping,"35,141","1,611","13,197","8,732","7,226","3,339","1,037",0,7,41,107,192,275,414,575,769,943,"1,185","1,380","1,456","1,422","1,385","1,236","1,048",918,798,657,553,463,390,351,342,330,340,354,368,366,370,356,339,311,300,297,305,302,322,340,364,386,425,457,490,520,556,609,660,685,703,702,657,594,550,501,445,401,370,330,296,272,247,223,210,191,181,173,166,155,148,135,119,103,79,59,39,23,8,4,0,0,0,0,0,0,0,0,0,0,0,0,0,0,0,0
WPEr_ELL_NB>SDEr_ELL_NB@ELL,LO Windrush,NB,22,1085,WPEr,Wapping,1082,SDEr,Shadwell LO,"35,312","1,630","13,285","8,825","7,320","3,251","1,001",0,8,44,110,195,279,418,577,771,944,"1,189","1,388","1,467","1,434","1,401","1,248","1,057",923,803,660,557,467,396,359,350,337,346,359,372,369,373,359,342,314,302,299,307,304,325,343,367,388,429,461,493,523,561,616,668,694,718,717,669,602,557,502,443,395,363,323,288,262,238,214,202,183,174,167,161,150,144,131,115,99,76,56,36,22,8,4,0,0,0,0,0,0,0,0,0,0,0,0,0,0,0,0
SDEr_ELL_NB>WCLu_ELL_NB@ELL,LO Windrush,NB,23,1082,SDEr,Shadwell LO,763,WCLu,Whitechapel,"35,953","1,467","12,828","9,269","7,846","3,493","1,051",0,10,47,90,176,262,374,508,697,855,"1,057","1,261","1,368","1,372","1,357","1,261","1,095",964,841,701,586,498,417,378,363,353,351,369,375,380,382,382,364,345,325,325,327,329,337,363,382,409,442,485,518,553,580,644,691,730,760,780,738,679,619,556,487,430,390,347,308,279,253,232,215,197,182,174,164,154,145,136,119,104,81,64,41,25,11,5,0,0,0,0,0,0,0,0,0,0,0,0,0,0,0,0
WCLu_ELL_NB>SDCr_ELL_NB@ELL,LO Windrush,NB,24,763,WCLu,Whitechapel,1024,SDCr,Shoreditch High Street,"25,198",564,"7,857","6,762","5,833","3,190",992,0,0,9,26,58,98,151,222,318,411,518,655,764,813,834,838,780,713,643,571,486,407,336,295,273,254,251,254,258,261,263,263,261,251,242,239,240,241,244,256,269,286,304,328,348,369,395,435,476,518,555,583,579,559,526,490,444,398,360,324,284,252,230,210,194,176,163,154,146,137,134,126,112,97,81,64,44,29,16,6,0,0,0,0,0,0,0,0,0,0,0,0,0,0,0,0
SDCr_ELL_NB>HOXr_ELL_NB@ELL,LO Windrush,NB,25,1024,SDCr,Shoreditch High Street,1023,HOXr,Hoxton,"19,496",402,"4,806","4,928","5,358","3,035",967,0,0,8,21,41,69,107,156,226,293,360,438,492,499,489,479,438,397,363,332,290,246,209,189,179,169,172,178,182,185,190,192,193,191,188,190,192,193,196,209,221,237,256,279,298,322,352,398,443,486,522,548,539,515,485,450,405,365,332,299,265,240,222,208,194,179,167,160,150,140,135,124,107,91,76,58,40,25,15,6,0,0,0,0,0,0,0,0,0,0,0,0,0,0,0,0
HOXr_ELL_NB>HGGr_ELL_NB@ELL,LO Windrush,NB,26,1023,HOXr,Hoxton,1022,HGGr,Haggerston,"16,981",356,"3,780","4,255","4,911","2,796",884,0,0,4,20,38,62,93,140,193,254,312,377,410,405,381,359,313,279,257,241,214,189,167,156,149,143,148,155,158,161,167,170,169,168,166,168,170,172,175,188,199,214,234,255,276,299,325,366,409,446,477,501,495,468,440,408,366,329,302,272,243,223,207,195,182,170,157,150,140,131,125,110,98,81,68,52,39,22,14,5,0,0,0,0,0,0,0,0,0,0,0,0,0,0,0,0
HGGr_ELL_NB>DLJr_ELL_NB@ELL,LO Windrush,NB,27,1022,HGGr,Haggerston,1443,DLJr,Dalston Junction,"15,393",301,"3,293","3,957","4,492","2,565",784,0,0,4,24,32,52,78,113,152,209,257,313,353,356,341,323,291,253,230,215,194,171,156,144,139,140,139,143,152,153,155,160,161,158,158,155,158,162,161,171,186,196,214,232,251,268,297,325,369,404,438,456,462,438,409,377,342,300,276,250,224,201,191,178,168,156,144,134,126,115,110,100,89,74,61,46,32,19,9,4,0,0,0,0,0,0,0,0,0,0,0,0,0,0,0,0
DLJr_ELL_NB>CNNr_ELL_NB@ELL,LO Windrush,NB,28,1443,DLJr,Dalston Junction,1441,CNNr,Canonbury,"11,071",298,"2,753","2,786","3,131","1,612",491,0,0,5,18,35,54,79,108,146,183,222,270,301,300,290,274,239,201,175,154,134,114,108,102,100,100,101,103,109,107,106,111,112,111,114,114,115,116,114,121,130,135,149,163,176,190,215,237,270,293,317,322,318,291,265,236,212,182,169,152,138,124,122,114,109,103,98,90,86,80,74,65,56,43,33,22,15,8,5,2,1,0,0,0,0,0,0,0,0,0,0,0,0,0,0,0
CNNr_ELL_NB>HBYu_ELL_NB@ELL,LO Windrush,NB,29,1441,CNNr,Canonbury,603,HBYu,Highbury & Islington,"9,761",273,"2,591","2,595","2,600","1,292",410,0,0,5,17,33,50,72,96,136,168,206,252,283,282,277,261,230,192,163,141,123,103,99,97,96,96,98,101,104,102,102,107,108,108,111,109,110,111,108,110,117,117,125,135,148,160,180,200,228,246,266,271,265,237,214,185,166,140,131,117,110,97,97,94,92,87,84,78,75,69,63,53,47,35,26,17,13,5,3,1,1,0,0,0,0,0,0,0,0,0,0,0,0,0,0,0
HBYu_ELL_SB>CNNr_ELL_SB@ELL,LO Windrush,SB,1,603,HBYu,Highbury & Islington,1441,CNNr,Canonbury,"9,689",177,"1,972","2,605","2,781","1,559",595,0,1,5,11,22,31,45,60,75,96,123,152,183,209,215,217,207,187,160,149,135,117,107,102,95,88,92,87,92,96,95,96,106,103,100,108,107,103,109,116,119,132,141,160,182,197,204,223,233,234,245,267,270,256,244,224,195,170,152,141,128,120,118,116,108,108,101,100,101,97,91,85,70,52,42,28,17,8,4,0,0,0,0,0,0,0,0,0,0,0,0,0,0,0,0,0
CNNr_ELL_SB>DLJr_ELL_SB@ELL,LO Windrush,SB,2,1441,CNNr,Canonbury,1443,DLJr,Dalston Junction,"11,792",278,"2,799","3,104","3,187","1,794",630,1,4,10,20,34,50,70,90,110,140,174,216,266,300,314,314,294,257,221,193,170,145,130,124,117,108,109,107,108,110,113,117,123,121,119,123,120,119,124,132,144,156,170,194,219,230,245,261,273,269,278,294,295,286,277,261,231,207,182,170,151,141,135,128,117,115,109,107,107,103,96,89,74,57,45,31,17,8,4,0,0,0,0,0,0,0,0,0,0,0,0,0,0,0,0,0
DLJr_ELL_SB>HGGr_ELL_SB@ELL,LO Windrush,SB,3,1443,DLJr,Dalston Junction,1022,HGGr,Haggerston,"16,799",475,"4,433","4,319","4,162","2,387","1,022",5,9,18,37,61,84,113,148,183,221,277,342,416,473,501,500,472,410,344,294,250,212,187,175,167,157,154,153,152,153,157,163,173,177,177,179,180,171,170,178,183,196,214,243,265,295,314,342,352,362,369,387,385,380,366,346,307,276,243,227,204,186,173,167,156,149,148,151,154,152,152,146,128,104,80,54,31,15,4,2,0,0,0,0,0,0,0,0,0,0,0,0,0,0,0,0
HGGr_ELL_SB>HOXr_ELL_SB@ELL,LO Windrush,SB,4,1022,HGGr,Haggerston,1023,HOXr,Hoxton,"18,761",553,"5,127","4,756","4,812","2,482","1,031",3,12,20,40,70,99,133,176,217,260,322,396,483,545,583,582,548,470,395,327,277,232,205,193,185,172,169,169,169,168,174,179,189,193,195,195,198,188,188,195,202,214,237,267,297,335,364,397,415,426,435,452,452,439,417,384,336,290,256,235,212,191,178,169,160,151,151,154,156,152,151,146,131,107,82,57,31,13,4,2,0,0,0,0,0,0,0,0,0,0,0,0,0,0,0,0
HOXr_ELL_SB>SDCr_ELL_SB@ELL,LO Windrush,SB,5,1023,HOXr,Hoxton,1024,SDCr,Shoreditch High Street,"21,636",651,"5,496","5,429","5,977","2,925","1,159",4,15,26,49,85,117,153,201,246,294,365,447,537,594,626,615,566,477,400,331,283,243,221,212,205,192,190,194,197,196,203,209,217,218,222,223,227,220,223,231,240,256,285,321,363,409,453,491,517,530,553,569,569,547,515,460,394,335,295,269,244,221,213,204,196,186,186,181,180,171,170,163,144,119,93,63,34,16,4,2,0,0,0,0,0,0,0,0,0,0,0,0,0,0,0,0
SDCr_ELL_SB>WCLu_ELL_SB@ELL,LO Windrush,SB,6,1024,SDCr,Shoreditch High Street,763,WCLu,Whitechapel,"27,562",698,"5,323","6,380","9,087","4,384","1,690",5,17,29,55,92,125,163,212,256,305,376,456,539,583,604,581,522,432,363,306,269,236,224,220,214,203,207,213,220,223,236,248,258,260,269,272,279,276,288,299,317,339,384,428,487,546,631,698,774,821,905,930,928,865,810,694,587,495,447,394,358,328,319,307,300,287,286,277,269,253,251,235,205,166,130,89,50,24,11,7,0,0,0,0,0,0,0,0,0,0,0,0,0,0,0,0
WCLu_ELL_SB>SDEr_ELL_SB@ELL,LO Windrush,SB,7,763,WCLu,Whitechapel,1082,SDEr,Shadwell LO,"35,085",836,"5,732","7,796","11,824","6,448","2,449",0,10,18,50,102,156,211,288,338,383,443,518,575,613,611,582,514,440,376,342,321,301,283,275,261,243,238,237,240,251,268,287,308,326,337,343,348,348,355,370,390,426,485,553,618,692,782,881,959,"1,037","1,130","1,218","1,218","1,171","1,106","1,011",861,749,681,614,548,497,467,444,424,398,386,377,364,341,330,314,290,253,203,162,105,53,20,15,0,0,0,0,0,0,0,0,0,0,0,0,0,0,0,0
SDEr_ELL_SB>WPEr_ELL_SB@ELL,LO Windrush,SB,8,1082,SDEr,Shadwell LO,1085,WPEr,Wapping,"34,712",706,"5,407","7,534","12,023","6,588","2,453",0,8,19,36,78,135,182,248,312,355,404,472,536,569,581,554,504,424,367,329,312,293,279,268,256,237,226,223,225,230,249,270,296,316,332,338,346,343,345,359,380,408,463,539,608,691,779,898,969,"1,059","1,125","1,241","1,240","1,213","1,136","1,065",905,782,696,638,562,506,469,450,421,400,381,377,358,339,319,314,284,257,209,171,107,61,21,12,0,0,0,0,0,0,0,0,0,0,0,0,0,0,0,0
WPEr_ELL_SB>ROEr_ELL_SB@ELL,LO Windrush,SB,9,1085,WPEr,Wapping,1039,ROEr,Rotherhithe,"34,853",726,"5,521","7,547","12,141","6,516","2,403",0,9,21,38,80,139,186,253,321,366,418,489,553,584,593,563,511,426,368,329,311,291,279,270,258,239,228,225,227,229,248,270,295,316,334,340,347,344,346,360,380,407,463,539,609,693,785,906,978,"1,070","1,142","1,257","1,256","1,227","1,148","1,070",906,778,690,630,553,497,463,445,416,394,375,371,351,332,314,309,279,253,205,167,104,58,19,11,0,0,0,0,0,0,0,0,0,0,0,0,0,0,0,0
ROEr_ELL_SB>CWRu_ELL_SB@ELL,LO Windrush,SB,10,1039,ROEr,Rotherhithe,788,CWRu,Canada Water,"34,197",685,"5,683","7,449","11,551","6,427","2,403",0,7,17,33,73,132,177,246,319,368,417,488,562,596,614,592,544,455,388,341,318,301,285,276,264,246,231,227,226,229,241,265,287,311,328,337,338,342,337,349,367,394,435,516,577,658,736,857,917,"1,007","1,063","1,181","1,197","1,189","1,113","1,055",909,780,679,625,552,493,449,435,407,385,359,355,335,321,299,300,277,252,214,178,117,69,31,10,0,0,0,0,0,0,0,0,0,0,0,0,0,0,0,0
CWRu_ELL_SB>SQEr_ELL_SB@ELL,LO Windrush,SB,11,788,CWRu,Canada Water,1083,SQEr,Surrey Quays,"46,225",719,"7,333","10,183","15,786","8,937","3,266",0,2,10,23,67,134,197,285,391,466,540,653,742,781,789,759,682,584,496,451,422,401,376,365,346,326,301,301,305,314,332,367,393,428,447,460,463,475,472,497,517,552,605,719,802,926,"1,040","1,214","1,268","1,365","1,413","1,568","1,573","1,599","1,536","1,483","1,284","1,127",973,883,773,689,614,585,539,512,480,480,459,447,410,407,377,340,285,232,159,92,39,14,7,0,0,0,0,0,0,0,0,0,0,0,0,0,0,0
SQEr_ELL_SB>NWXr_ELL_SB@ELL,LO Windrush,SB,12,1083,SQEr,Surrey Quays,5150,NWXr,New Cross,"2,335",17,417,619,670,408,204,0,0,0,0,0,3,5,9,13,19,22,29,34,42,44,48,45,45,38,36,33,33,29,28,26,25,21,21,20,21,20,22,23,26,26,28,27,28,26,27,26,28,27,30,32,37,40,49,53,55,59,62,68,72,72,71,65,55,45,43,37,33,27,25,21,20,18,18,18,18,17,19,22,30,26,24,19,12,0,0,0,0,0,0,0,0,0,0,0,0,0,0,0,0,0,0
SQEr_ELL_SB>NXGr_ELL_SB@ELL,LO Windrush,SB,13,1083,SQEr,Surrey Quays,5345,NXGr,New Cross Gate,"29,176",367,"3,788","6,378","10,565","6,015","2,064",0,2,7,18,36,67,96,140,196,245,288,351,395,413,406,384,340,294,247,230,224,222,210,211,204,195,182,184,187,195,204,226,240,266,276,289,293,307,308,327,345,376,415,491,551,633,707,814,851,897,935,"1,029","1,043","1,064","1,041",999,877,767,659,591,523,462,411,392,363,339,319,314,303,292,267,260,241,210,175,137,95,52,21,5,5,0,0,0,0,0,0,0,0,0,0,0,0,0,0,0
NXGr_ELL_SB>BCYr_ELL_SB@ELL,LO Windrush,SB,14,5345,NXGr,New Cross Gate,5404,BCYr,Brockley,"25,036",227,"3,085","5,036","9,360","5,533","1,796",0,0,3,9,19,38,64,94,138,187,230,277,325,344,345,325,291,244,206,170,159,152,148,144,147,143,139,137,142,147,156,173,189,207,227,241,247,256,262,272,289,311,342,404,467,527,607,682,758,785,829,881,959,961,967,935,866,737,630,548,487,418,366,335,319,292,272,261,257,244,229,219,215,190,161,126,89,47,18,0,0,0,0,0,0,0,0,0,0,0,0,0,0,0,0,0
BCYr_ELL_SB>HPAr_ELL_SB@ELL,LO Windrush,SB,15,5404,BCYr,Brockley,5418,HPAr,Honor Oak Park,"21,574",215,"2,732","4,328","8,185","4,674","1,440",0,1,3,9,19,36,59,88,126,172,212,255,294,309,305,284,249,207,174,145,135,130,128,126,128,124,119,118,121,125,133,149,164,180,196,209,212,219,223,233,244,264,293,352,409,467,540,610,672,691,724,769,830,832,834,806,739,628,533,465,411,354,307,282,267,245,226,217,209,196,182,177,172,153,129,102,70,37,13,0,0,0,0,0,0,0,0,0,0,0,0,0,0,0,0,0
HPAr_ELL_SB>FOHr_ELL_SB@ELL,LO Windrush,SB,16,5418,HPAr,Honor Oak Park,5362,FOHr,Forest Hill,"18,980",213,"2,652","3,889","7,037","3,963","1,225",0,1,3,10,19,36,58,87,123,172,214,255,290,302,294,269,235,196,165,137,129,124,122,120,121,116,111,108,111,114,120,134,146,160,173,185,187,193,197,206,216,232,257,308,356,404,469,528,579,596,626,663,712,712,710,682,622,527,448,392,347,301,263,243,230,212,193,185,177,166,154,151,147,132,111,87,59,31,11,0,0,0,0,0,0,0,0,0,0,0,0,0,0,0,0,0
FOHr_ELL_SB>SYDr_ELL_SB@ELL,LO Windrush,SB,17,5362,FOHr,Forest Hill,5437,SYDr,Sydenham,"14,476",192,"2,293","3,037","5,105","2,936",913,0,1,2,9,17,33,53,76,106,145,183,216,248,259,255,233,208,173,147,120,110,102,101,97,98,93,91,85,88,90,96,102,115,123,137,143,149,149,155,157,167,175,195,221,265,294,344,382,431,436,454,472,513,506,511,497,460,386,335,285,255,223,201,179,174,158,146,135,131,119,116,109,107,97,84,64,47,27,11,2,0,0,0,0,0,0,0,0,0,0,0,0,0,0,0,0
SYDr_ELL_SB>PNWr_ELL_SB@ELL,LO Windrush,SB,18,5437,SYDr,Sydenham,5378,PNWr,Penge West,"8,882",170,"1,637","2,046","3,032","1,537",461,0,1,2,9,15,30,46,66,86,116,137,158,176,181,174,159,143,119,102,84,80,71,72,69,69,64,63,58,60,60,65,69,77,82,92,96,99,99,102,102,107,114,129,149,175,193,223,242,266,263,270,277,298,282,279,265,237,190,169,148,133,119,110,99,95,86,78,73,70,64,61,59,55,49,40,30,20,10,3,0,0,0,0,0,0,0,0,0,0,0,0,0,0,0,0,0
PNWr_ELL_SB>ANYr_ELL_SB@ELL,LO Windrush,SB,19,5378,PNWr,Penge West,5397,ANYr,Anerley,"7,638",165,"1,532","1,807","2,565","1,225",343,0,1,3,9,15,30,44,63,80,109,127,147,164,170,162,149,135,112,98,80,76,67,68,64,65,61,59,54,55,54,58,61,68,71,78,82,84,84,87,88,92,97,108,125,146,160,185,205,229,228,236,240,253,235,231,218,195,157,137,119,109,97,87,78,73,63,56,53,52,48,44,42,40,35,29,24,16,9,3,0,0,0,0,0,0,0,0,0,0,0,0,0,0,0,0,0
ANYr_ELL_SB>NWDr_ELL_SB@ELL,LO Windrush,SB,20,5397,ANYr,Anerley,5376,NWDr,Norwood Junction,"5,831",108,"1,464","1,454","1,722",851,231,0,0,2,3,10,16,32,46,66,81,110,126,144,158,163,153,140,127,105,92,75,72,63,64,60,61,55,53,47,47,45,48,50,55,56,62,64,66,65,68,65,67,69,77,85,99,108,128,144,168,169,179,174,176,150,144,127,113,89,84,75,71,63,58,51,46,39,35,32,31,28,25,25,24,21,17,14,9,4,1,0,0,0,0,0,0,0,0,0,0,0,0,0,0,0,0
NWDr_ELL_SB>WCYr_ELL_SB@ELL,LO Windrush,SB,21,5376,NWDr,Norwood Junction,5411,WCYr,West Croydon NR,"5,106",64,"1,256","1,313","1,535",743,195,0,0,0,0,2,8,19,35,51,67,89,103,121,133,142,136,128,111,96,80,69,63,58,55,54,51,48,45,43,42,43,43,47,49,52,55,60,58,61,60,63,60,67,68,80,87,102,112,133,144,155,154,158,150,136,121,112,92,78,69,66,59,58,51,48,40,38,32,31,28,28,22,21,18,16,11,9,6,3,1,0,0,0,0,0,0,0,0,0,0,0,0,0,0,0,0
SYDr_ELL_SB>CYPr_ELL_SB@ELL,LO Windrush,SB,22,5437,SYDr,Sydenham,5356,CYPr,Crystal Palace,"1,660",4,225,307,553,449,122,0,0,0,0,0,0,1,3,7,11,17,21,25,26,26,24,22,18,16,12,10,10,10,9,10,9,9,9,9,10,10,11,13,14,16,16,17,17,17,16,17,16,17,17,21,24,28,33,41,46,50,53,59,63,66,67,68,63,54,46,41,35,31,26,25,21,20,17,16,15,16,12,13,13,12,9,8,4,2,1,0,0,0,0,0,0,0,0,0,0,0,0,0,0,0,0
SQEr_ELL_SB>QRPr_ELL_SB@ELL,LO Windrush,SB,23,1083,SQEr,Surrey Quays,5424,QRPr,Queens Road Peckham,"12,022",327,"3,211","2,841","3,347","1,713",583,0,0,5,5,30,64,94,129,176,201,231,287,328,345,351,340,298,248,216,191,164,148,136,123,112,102,92,91,89,88,96,108,116,124,130,131,126,122,117,117,114,114,126,154,169,198,223,263,264,290,291,337,328,342,321,321,263,232,196,178,146,132,113,106,92,91,79,84,76,78,67,73,64,63,51,48,30,19,9,5,0,0,0,0,0,0,0,0,0,0,0,0,0,0,0,0
QRPr_ELL_SB>PMRr_ELL_SB@ELL,LO Windrush,SB,24,5424,QRPr,Queens Road Peckham,5423,PMRr,Peckham Rye,"10,338",351,"3,060","2,521","2,731","1,264",411,0,0,8,8,33,70,99,133,177,202,229,281,310,328,330,317,274,234,201,178,153,137,108,114,103,93,84,101,81,79,86,96,101,107,114,114,109,105,101,101,96,98,109,130,144,172,191,227,227,243,241,274,254,265,248,245,197,178,149,135,110,97,82,75,65,61,55,58,53,52,41,53,46,44,37,37,21,13,6,3,3,0,0,0,0,0,0,0,0,0,0,0,0,0,0,0
PMRr_ELL_SB>DMKr_ELL_SB@ELL,LO Windrush,SB,25,5423,PMRr,Peckham Rye,5421,DMKr,Denmark Hill,"9,308",267,"3,106","2,172","2,306","1,131",324,0,0,0,10,10,42,83,121,157,211,239,265,308,329,328,327,301,252,208,180,144,122,108,99,89,83,75,71,70,71,68,75,82,87,91,97,96,94,90,90,87,86,91,104,119,138,160,177,202,208,214,213,233,218,218,206,196,157,137,112,99,83,72,66,60,53,49,47,47,44,43,38,38,30,25,20,17,10,7,4,2,0,0,0,0,0,0,0,0,0,0,0,0,0,0,0
DMKr_ELL_SB>CLPr_ELL_SB@ELL,LO Windrush,SB,26,5421,DMKr,Denmark Hill,5301,CLPr,Clapham High Street,"8,050",255,"2,249","1,753","2,571",973,250,0,0,0,12,12,39,78,113,142,190,215,227,246,251,237,210,182,144,112,93,82,73,67,63,57,57,54,57,57,61,59,64,65,68,72,77,77,80,80,83,83,90,105,125,148,179,207,223,240,242,241,230,238,221,212,191,171,133,114,92,80,73,64,59,53,48,44,41,40,38,36,31,29,21,17,13,10,6,4,3,1,0,0,0,0,0,0,0,0,0,0,0,0,0,0,0
CLPr_ELL_SB>WWRr_ELL_SB@ELL,LO Windrush,SB,27,5301,CLPr,Clapham High Street,5372,WWRr,Wandsworth Road,"6,357",248,"2,222","1,430","1,670",617,170,0,0,0,12,12,38,76,109,138,188,226,237,254,256,243,199,170,132,101,78,70,61,58,54,48,49,46,49,49,49,48,52,52,54,59,62,61,63,64,65,65,69,84,98,113,131,150,154,156,155,152,142,139,135,128,116,105,86,72,60,51,46,42,38,33,31,28,25,25,24,24,21,20,15,12,8,8,5,4,3,2,0,0,0,0,0,0,0,0,0,0,0,0,0,0,0
WWRr_ELL_SB>CLJr_ELL_SB@ELL,LO Windrush,SB,28,5372,WWRr,Wandsworth Road,5595,CLJr,Clapham Junction,"5,485",245,"2,118","1,235","1,377",431,79,0,0,0,12,12,39,76,106,135,185,224,231,249,248,233,184,156,118,89,66,59,52,50,39,43,43,42,45,53,44,42,45,43,44,46,48,48,50,53,56,58,63,79,90,102,119,134,135,135,133,126,116,105,101,91,82,72,61,50,45,36,33,30,26,23,21,18,16,12,11,10,7,7,8,5,4,6,3,3,2,2,0,0,0,0,0,0,0,0,0,0,0,0,0,0,0
GPOr_GOB_EB>UHLr_GOB_EB@GOB,LO Suffragette,EB,1,1409,GPOr,Gospel Oak,1524,UHLr,Upper Holloway,"4,107",81,591,"1,060","1,654",614,106,0,0,2,3,9,15,23,30,41,49,56,62,68,66,59,53,44,36,30,28,27,26,24,24,24,23,23,26,28,30,33,37,38,40,43,45,46,46,49,65,73,82,96,112,112,121,130,142,149,157,161,166,154,137,121,105,86,75,71,65,57,53,47,40,35,32,27,27,21,20,19,15,10,10,6,2,2,0,0,0,0,0,0,0,0,0,0,0,0,0,0,0,0,0,0,0
UHLr_GOB_EB>CRHr_GOB_EB@GOB,LO Suffragette,EB,2,1524,UHLr,Upper Holloway,7406,CRHr,Crouch Hill,"5,754",120,645,"1,537","2,367",909,176,0,0,5,8,16,23,32,37,46,52,60,68,73,71,66,58,47,39,34,31,31,32,31,32,34,33,35,39,41,43,48,53,54,58,62,66,69,72,79,97,107,118,140,162,167,182,206,222,230,236,236,225,201,174,152,134,95,101,102,99,90,101,78,64,55,48,44,32,33,30,30,23,26,17,11,4,4,0,0,0,0,0,0,0,0,0,0,0,0,0,0,0,0,0,0,0
CRHr_GOB_EB>HRYr_GOB_EB@GOB,LO Suffragette,EB,3,7406,CRHr,Crouch Hill,7401,HRYr,Harringay Green Lanes,"6,316",109,741,"1,575","2,570","1,091",229,0,0,0,6,11,20,31,41,49,58,63,69,76,78,85,71,63,58,43,29,36,35,28,35,37,38,38,40,44,56,47,53,56,59,53,70,74,77,81,88,104,145,129,154,178,184,170,227,243,247,252,253,238,211,207,162,142,119,107,85,104,94,91,87,73,71,66,51,48,45,28,27,31,20,13,13,4,0,0,0,0,0,0,0,0,0,0,0,0,0,0,0,0,0,0,0
HRYr_GOB_EB>STOr_GOB_EB@GOB,LO Suffragette,EB,4,7401,HRYr,Harringay Green Lanes,7404,STOr,South Tottenham,"7,450",197,950,"1,765","2,908","1,312",319,0,0,0,12,22,38,54,71,77,87,92,96,101,100,91,82,71,57,48,46,44,41,42,41,42,44,43,47,52,51,53,61,64,66,74,81,85,89,93,101,117,125,139,171,197,206,228,261,275,283,287,287,266,237,203,179,160,139,126,130,127,115,111,105,90,78,68,62,58,56,46,49,41,28,18,18,6,0,0,0,0,0,0,0,0,0,0,0,0,0,0,0,0,0,0,0
STOr_GOB_EB>BHRu_GOB_EB@GOB,LO Suffragette,EB,5,7404,STOr,South Tottenham,522,BHRu,Blackhorse Road,"8,688",275,"1,146","2,024","3,332","1,543",369,0,0,0,19,32,53,75,96,101,113,116,119,121,116,104,94,81,66,59,55,52,48,49,48,49,51,53,55,60,60,64,71,76,77,86,92,97,101,106,113,130,139,159,189,217,232,259,291,314,326,331,329,309,273,239,213,192,166,154,154,148,133,128,120,104,90,80,73,68,53,53,55,47,33,33,20,7,0,0,0,0,0,0,0,0,0,0,0,0,0,0,0,0,0,0,0
BHRu_GOB_EB>WMWr_GOB_EB@GOB,LO Suffragette,EB,6,522,BHRu,Blackhorse Road,7407,WMWr,Walthamstow Queen's Road,"10,992",351,"1,557","2,424","4,273","1,927",459,0,0,0,22,40,67,96,125,134,151,158,168,170,163,146,129,107,87,75,70,67,60,60,59,59,60,64,67,72,73,78,86,92,94,103,108,113,118,126,135,152,165,189,225,262,287,325,366,393,414,425,425,405,368,321,282,249,215,195,190,183,164,155,145,127,111,100,93,70,69,69,67,48,57,38,23,9,9,0,0,0,0,0,0,0,0,0,0,0,0,0,0,0,0,0,0
WMWr_GOB_EB>LEMr_GOB_EB@GOB,LO Suffragette,EB,7,7407,WMWr,Walthamstow Queen's Road,7402,LEMr,Leyton Midland Road,"11,663",392,"1,727","2,622","4,468","1,986",468,0,0,0,26,45,75,107,139,149,169,178,190,192,181,161,139,114,93,83,77,73,67,67,67,66,68,70,74,79,81,87,94,99,100,109,113,118,124,133,144,165,180,203,240,275,300,341,387,416,437,449,445,418,377,332,291,258,188,207,198,188,168,194,145,129,114,103,96,74,72,71,68,49,57,37,23,9,9,0,0,0,0,0,0,0,0,0,0,0,0,0,0,0,0,0,0
LEMr_GOB_EB>LERr_GOB_EB@GOB,LO Suffragette,EB,8,7402,LEMr,Leyton Midland Road,7403,LERr,Leytonstone High Road,"11,136",291,"1,898","2,448","4,103","1,930",466,0,0,0,0,31,53,87,120,155,160,179,185,198,195,184,184,144,116,112,87,61,74,69,55,69,67,68,71,74,77,99,85,91,96,97,85,108,114,121,133,143,164,227,200,232,269,294,284,373,397,405,411,402,372,333,331,256,226,199,184,139,168,150,140,128,114,116,108,86,84,78,48,43,50,32,19,19,7,0,0,0,0,0,0,0,0,0,0,0,0,0,0,0,0,0,0
LERr_GOB_EB>WNPr_GOB_EB@GOB,LO Suffragette,EB,9,7403,LERr,Leytonstone High Road,7408,WNPr,Wanstead Park,"10,079",299,"1,755","2,197","3,651","1,731",446,0,0,0,0,33,55,88,123,158,159,175,178,184,177,166,149,131,107,91,80,75,69,64,64,65,63,63,65,67,70,72,77,83,87,88,94,98,102,108,118,127,145,157,176,204,238,261,297,334,354,360,364,355,329,294,259,225,200,176,164,157,152,135,127,116,105,91,83,78,75,70,57,54,44,29,17,17,6,0,0,0,0,0,0,0,0,0,0,0,0,0,0,0,0,0,0
WNPr_GOB_EB>WGRr_GOB_EB@GOB,LO Suffragette,EB,10,7408,WNPr,Wanstead Park,7467,WGRr,Woodgrange Park,"8,584",277,"1,455","1,867","3,100","1,494",391,0,0,0,0,31,51,82,113,143,140,152,148,148,141,131,117,105,88,75,67,63,59,54,55,55,52,54,56,57,59,61,65,69,72,74,80,82,86,92,100,110,125,135,152,177,205,226,256,283,297,302,305,298,279,250,220,190,169,148,139,133,131,117,111,103,94,82,76,71,66,51,50,47,38,25,25,14,5,0,0,0,0,0,0,0,0,0,0,0,0,0,0,0,0,0,0
WGRr_GOB_EB>BKGu_GOB_EB@GOB,LO Suffragette,EB,11,7467,WGRr,Woodgrange Park,514,BKGu,Barking,"7,808",285,"1,412","1,718","2,744","1,310",338,0,0,0,0,33,53,84,114,143,136,146,140,141,135,128,115,103,87,73,66,61,57,52,53,52,49,50,52,53,55,56,61,64,67,68,73,74,77,82,90,98,112,122,138,159,184,202,227,249,259,264,269,263,246,225,199,170,151,132,122,117,114,101,97,89,81,71,66,61,57,44,44,41,33,22,22,12,3,0,0,0,0,0,0,0,0,0,0,0,0,0,0,0,0,0,0
BKGu_GOB_EB>BGVr_GOB_EB@GOB,LO Suffragette,EB,12,514,BKGu,Barking,1335,BGVr,Barking Riverside,"1,793",23,407,275,615,370,103,0,0,0,0,0,2,7,14,22,34,50,55,57,54,45,31,23,15,11,10,9,8,8,7,7,7,7,8,8,8,8,8,9,9,9,11,12,14,15,17,19,20,22,26,29,33,38,45,52,56,59,62,63,61,59,56,50,45,39,34,31,29,27,26,25,23,22,20,18,15,13,12,11,7,10,7,5,3,3,0,0,0,0,0,0,0,0,0,0,0,0,0,0,0,0,0
BGVr_GOB_WB>BKGu_GOB_WB@GOB,LO Suffragette,WB,1,1335,BGVr,Barking Riverside,514,BKGu,Barking,"2,077",228,838,522,387,89,13,3,7,15,24,35,40,48,56,64,69,88,102,98,90,87,70,49,45,43,33,26,25,22,21,19,18,17,15,13,14,15,14,15,15,16,16,17,17,17,29,34,37,40,51,44,42,43,44,37,34,33,30,26,21,18,15,13,10,10,9,8,7,7,7,6,5,5,4,4,3,2,2,1,1,1,0,0,0,0,0,0,0,0,0,0,0,0,0,0,0,0,0,0,0,0,0
BKGu_GOB_WB>WGRr_GOB_WB@GOB,LO Suffragette,WB,2,514,BKGu,Barking,7467,WGRr,Woodgrange Park,"7,557",784,"2,706","1,792","1,501",645,130,4,14,35,72,110,148,184,217,239,273,316,332,324,296,253,193,151,122,111,98,88,83,79,73,70,65,63,61,63,61,67,67,69,70,72,72,74,74,74,76,80,86,97,108,117,125,131,135,139,144,140,137,125,113,99,95,86,80,73,67,58,52,48,44,40,35,32,31,24,22,19,17,10,14,10,7,4,4,0,0,0,0,0,0,0,0,0,0,0,0,0,0,0,0,0,0
WGRr_GOB_WB>WNPr_GOB_WB@GOB,LO Suffragette,WB,3,7467,WGRr,Woodgrange Park,7408,WNPr,Wanstead Park,"8,719",984,"3,197","2,115","1,609",673,141,8,20,50,92,141,184,227,263,290,324,368,385,319,342,295,231,183,204,135,119,107,100,96,88,67,80,78,76,78,95,81,81,83,83,84,83,85,84,84,87,90,97,108,118,127,136,143,148,151,154,149,144,131,118,107,101,92,84,77,70,60,54,51,47,41,37,34,26,25,23,20,14,18,14,10,6,6,3,0,0,0,0,0,0,0,0,0,0,0,0,0,0,0,0,0,0
WNPr_GOB_WB>LERr_GOB_WB@GOB,LO Suffragette,WB,4,7408,WNPr,Wanstead Park,7403,LERr,Leytonstone High Road,"10,288",826,"3,904","2,478","1,981",915,183,0,9,23,55,104,158,213,265,317,350,387,427,446,422,385,338,271,216,182,163,143,127,116,111,104,100,92,91,89,89,89,96,96,98,98,98,97,98,97,97,99,107,116,130,141,153,162,171,178,184,189,185,178,162,146,132,123,111,100,92,82,71,64,70,56,58,46,42,30,36,20,25,21,17,12,12,7,3,0,0,0,0,0,0,0,0,0,0,0,0,0,0,0,0,0,0
LERr_GOB_WB>LEMr_GOB_WB@GOB,LO Suffragette,WB,5,7403,LERr,Leytonstone High Road,7402,LEMr,Leyton Midland Road,"11,396",990,"4,340","2,787","2,137",937,205,0,13,33,71,128,191,249,305,359,398,433,474,490,466,422,371,301,243,203,181,159,142,130,125,117,113,105,104,102,102,103,109,109,109,110,109,107,109,107,108,111,120,131,146,158,169,179,188,194,199,203,197,186,171,155,138,128,116,104,94,85,73,66,63,59,54,49,45,42,37,29,26,22,17,11,11,7,3,0,0,0,0,0,0,0,0,0,0,0,0,0,0,0,0,0,0
LEMr_GOB_WB>WMWr_GOB_WB@GOB,LO Suffragette,WB,6,7402,LEMr,Leyton Midland Road,7407,WMWr,Walthamstow Queen's Road,"11,993","1,142","4,644","2,969","2,134",904,199,0,17,41,85,149,220,285,346,401,441,476,511,516,487,441,387,314,260,219,192,168,149,137,131,123,119,113,113,111,112,111,116,115,113,114,115,114,116,115,116,121,130,141,155,167,176,185,192,196,198,201,192,180,165,150,133,123,112,101,91,81,70,64,61,57,52,48,43,40,30,28,25,21,17,17,11,6,3,0,0,0,0,0,0,0,0,0,0,0,0,0,0,0,0,0,0
WMWr_GOB_WB>BHRu_GOB_WB@GOB,LO Suffragette,WB,7,7407,WMWr,Walthamstow Queen's Road,522,BHRu,Blackhorse Road,"11,086","1,133","4,363","2,706","1,892",798,195,0,18,42,86,148,218,281,340,391,426,459,484,480,449,407,353,286,241,207,180,157,138,126,119,112,109,105,106,104,104,104,107,104,103,104,104,103,103,104,105,109,115,125,135,145,152,164,173,179,181,181,170,157,142,130,117,110,100,91,81,71,60,54,52,48,45,44,41,39,30,29,26,21,14,16,10,5,2,2,0,0,0,0,0,0,0,0,0,0,0,0,0,0,0,0,0
BHRu_GOB_WB>STOr_GOB_WB@GOB,LO Suffragette,WB,8,522,BHRu,Blackhorse Road,7404,STOr,South Tottenham,"8,369",736,"3,403","1,996","1,436",647,151,0,4,15,43,86,136,197,254,302,334,370,394,387,357,323,273,211,173,149,130,115,104,98,93,87,82,79,78,76,76,76,78,77,75,76,74,75,74,76,76,78,83,91,98,107,113,125,131,136,137,139,128,119,109,102,92,88,80,73,66,58,50,45,42,39,37,35,33,26,25,22,19,14,16,12,8,4,4,2,0,0,0,0,0,0,0,0,0,0,0,0,0,0,0,0,0
STOr_GOB_WB>HRYr_GOB_WB@GOB,LO Suffragette,WB,9,7404,STOr,South Tottenham,7401,HRYr,Harringay Green Lanes,"6,855",589,"2,792","1,687","1,151",520,118,0,4,12,34,68,108,157,206,249,280,306,328,321,256,261,222,170,139,156,104,93,84,79,76,71,55,66,65,64,63,77,66,66,65,65,64,64,64,66,67,69,72,79,84,88,93,102,106,109,111,111,103,96,74,83,75,71,63,72,50,45,39,36,33,29,28,28,26,20,20,17,15,10,12,9,6,3,3,1,0,0,0,0,0,0,0,0,0,0,0,0,0,0,0,0,0
HRYr_GOB_WB>CRHr_GOB_WB@GOB,LO Suffragette,WB,10,7401,HRYr,Harringay Green Lanes,7406,CRHr,Crouch Hill,"5,977",353,"2,659","1,487",940,434,104,0,0,3,11,32,63,100,144,188,223,252,276,302,299,275,246,209,157,125,109,93,82,73,69,65,63,60,59,58,57,55,57,59,57,56,56,54,54,55,57,59,61,61,67,71,73,77,84,85,85,84,85,79,76,72,69,62,57,48,44,40,35,31,28,24,20,25,20,20,19,18,9,11,9,6,4,4,2,1,0,0,0,0,0,0,0,0,0,0,0,0,0,0,0,0,0
CRHr_GOB_WB>UHLr_GOB_WB@GOB,LO Suffragette,WB,11,7406,CRHr,Crouch Hill,1524,UHLr,Upper Holloway,"5,405",339,"2,471","1,329",812,361,94,0,0,4,12,31,60,95,136,177,210,237,258,279,275,255,227,193,146,114,99,84,73,65,63,59,58,56,55,53,51,50,51,51,50,49,49,47,48,49,50,53,54,54,58,62,63,68,77,78,76,74,73,64,62,59,57,51,47,40,37,33,29,27,25,21,18,17,16,17,17,14,13,10,8,5,5,3,2,0,0,0,0,0,0,0,0,0,0,0,0,0,0,0,0,0,0
UHLr_GOB_WB>GPOr_GOB_WB@GOB,LO Suffragette,WB,12,1524,UHLr,Upper Holloway,1409,GPOr,Gospel Oak,"3,660",231,"1,594",919,606,252,58,0,0,4,11,24,44,63,85,109,129,146,167,182,179,168,149,125,96,79,65,54,45,40,39,37,37,37,37,35,34,35,36,35,35,35,35,33,35,36,38,40,42,43,46,50,51,58,62,61,57,55,50,43,41,40,39,35,32,28,26,23,20,20,18,15,12,12,11,11,11,10,8,6,4,2,3,2,1,0,0,0,0,0,0,0,0,0,0,0,0,0,0,0,0,0,0
CLJr_NLL_EB>IMWr_NLL_EB@NLL,LO Mildmay,EB,1,5595,CLJr,Clapham Junction,9586,IMWr,Imperial Wharf,"11,688",607,"4,942","2,249","2,661",940,289,0,0,11,23,34,97,168,275,408,527,608,647,584,528,451,358,267,259,170,135,97,88,56,74,69,72,80,81,81,83,85,80,79,75,80,85,84,105,112,119,113,118,158,175,172,224,256,237,235,292,260,251,215,220,159,140,113,104,82,79,73,75,80,77,69,67,64,59,52,51,46,39,33,26,19,12,8,3,0,0,0,0,0,0,0,0,0,0,0,0,0,0,0,0,0,0
IMWr_NLL_EB>WBTu_NLL_EB@NLL,LO Mildmay,EB,2,9586,IMWr,Imperial Wharf,755,WBTu,West Brompton,"13,555",548,"4,945","2,909","3,745","1,109",299,0,0,16,29,42,73,112,276,344,395,490,705,577,527,525,492,257,226,224,184,104,98,96,88,85,90,101,105,102,107,111,105,102,99,105,110,111,111,146,156,156,174,193,254,260,281,363,405,347,366,414,346,295,263,229,176,139,125,121,112,81,83,86,83,74,72,69,64,55,55,49,40,34,26,18,12,7,2,0,0,0,0,0,0,0,0,0,0,0,0,0,0,0,0,0,0
WBTu_NLL_EB>OLYu_NLL_EB@NLL,LO Mildmay,EB,3,755,WBTu,West Brompton,618,OLYu,Kensington (Olympia),"15,296",568,"5,332","3,431","4,317","1,335",314,0,0,6,14,46,79,124,300,370,408,510,724,604,567,567,540,310,271,264,195,133,121,119,112,131,107,119,121,118,123,127,123,118,115,121,125,125,126,133,170,183,204,233,323,304,318,335,450,397,412,411,470,346,310,282,281,181,161,156,141,100,98,97,95,83,80,75,69,58,57,51,43,35,28,19,13,7,3,0,0,0,0,0,0,0,0,0,0,0,0,0,0,0,0,0,0
OLYu_NLL_EB>SPBr_NLL_EB@NLL,LO Mildmay,EB,4,618,OLYu,Kensington (Olympia),9587,SPBr,Shepherd's Bush NR,"14,654",430,"4,317","3,462","4,729","1,410",307,0,0,6,15,46,77,117,170,249,337,409,478,553,501,439,386,341,231,225,167,145,112,110,79,125,121,115,119,144,123,128,101,119,94,91,95,152,132,163,175,234,226,261,298,381,356,381,408,504,458,457,446,459,326,294,259,224,167,159,143,114,102,78,75,81,92,90,85,66,55,50,40,31,33,15,9,5,2,0,0,0,0,0,0,0,0,0,0,0,0,0,0,0,0,0,0
SPBr_NLL_EB>WJNu_NLL_EB@NLL,LO Mildmay,EB,5,9587,SPBr,Shepherd's Bush NR,766,WJNu,Willesden Junction,"11,403",332,"2,099","2,726","4,308","1,575",364,0,0,7,15,28,41,103,138,174,235,272,255,244,239,182,146,111,93,82,65,67,70,76,48,64,59,66,69,84,86,93,93,92,90,96,103,108,104,149,156,167,236,275,276,302,311,346,374,386,458,474,407,365,367,275,242,211,187,137,124,123,116,122,130,124,107,101,93,78,72,67,54,40,26,13,8,5,1,0,0,0,0,0,0,0,0,0,0,0,0,0,0,0,0,0,0
RMDu_NLL_EB>KEWu_NLL_EB@NLL,LO Mildmay,EB,6,686,RMDu,Richmond,621,KEWu,Kew Gardens,"4,153",177,905,982,"1,504",469,114,0,5,6,10,22,32,43,60,75,114,128,127,119,111,66,45,37,30,27,26,26,23,24,21,23,26,29,30,33,33,34,34,35,37,40,40,40,50,48,49,55,82,80,92,116,127,120,127,157,153,153,138,128,111,94,80,73,66,45,43,38,38,39,31,26,25,24,22,25,22,21,18,14,8,5,2,0,0,0,0,0,0,0,0,0,0,0,0,0,0,0,0,0,0,0,0
KEWu_NLL_EB>GUNu_NLL_EB@NLL,LO Mildmay,EB,7,621,KEWu,Kew Gardens,591,GUNu,Gunnersbury,"4,955",193,"1,161","1,232","1,714",532,123,0,0,7,13,19,26,56,73,91,112,164,155,146,127,120,65,53,45,49,35,33,30,30,26,27,31,35,36,40,41,42,41,44,47,51,52,53,66,64,66,73,100,97,107,114,144,139,148,151,163,176,161,148,141,139,91,82,72,68,48,42,42,42,33,28,27,25,23,26,24,22,20,15,9,5,2,0,0,0,0,0,0,0,0,0,0,0,0,0,0,0,0,0,0,0,0
GUNu_NLL_EB>SATr_NLL_EB@NLL,LO Mildmay,EB,8,591,GUNu,Gunnersbury,1452,SATr,South Acton,"7,366",275,"1,750","1,695","2,716",756,175,0,0,9,18,32,46,61,109,137,166,191,245,212,191,161,144,89,75,72,68,53,46,46,42,43,48,53,54,59,60,60,59,61,64,69,70,73,74,88,91,100,110,121,150,167,180,236,258,248,265,311,261,240,214,200,136,119,102,94,69,61,57,57,47,41,38,36,34,36,33,32,27,21,13,8,3,1,0,0,0,0,0,0,0,0,0,0,0,0,0,0,0,0,0,0,0
SATr_NLL_EB>ACCr_NLL_EB@NLL,LO Mildmay,EB,9,1452,SATr,South Acton,1404,ACCr,Acton Central,"8,119",294,"2,087","1,902","2,880",785,172,0,0,8,22,39,56,75,94,161,196,224,282,283,223,188,170,110,93,87,71,64,55,54,49,61,56,61,63,69,70,70,68,70,70,76,77,79,80,80,98,108,118,131,174,177,191,206,276,273,289,293,325,255,223,191,182,124,106,97,87,54,58,57,47,40,47,35,34,35,33,31,27,20,13,8,3,1,0,0,0,0,0,0,0,0,0,0,0,0,0,0,0,0,0,0,0
ACCr_NLL_EB>WJNu_NLL_EB@NLL,LO Mildmay,EB,10,1404,ACCr,Acton Central,766,WJNu,Willesden Junction,"9,166",405,"2,491","2,211","3,022",839,198,0,0,12,19,55,78,107,134,218,245,273,294,293,262,222,186,150,150,110,88,96,93,70,63,76,52,57,61,81,80,95,92,91,76,64,68,87,87,88,125,140,140,158,169,208,217,227,237,326,304,306,301,318,224,191,163,142,106,96,73,72,66,48,43,51,44,48,49,38,43,36,27,20,20,7,7,1,0,0,0,0,0,0,0,0,0,0,0,0,0,0,0,0,0,0,0
WJNu_NLL_EB>KNRr_NLL_EB@NLL,LO Mildmay,EB,11,766,WJNu,Willesden Junction,1448,KNRr,Kensal Rise,"18,200",551,"4,689","4,331","6,092","2,129",408,0,1,1,30,56,88,139,236,329,389,512,554,563,489,455,367,309,256,244,221,182,170,141,128,128,125,137,151,156,159,164,159,150,150,136,168,172,172,200,225,212,268,333,342,410,437,479,479,582,576,610,594,576,492,462,395,337,291,235,193,183,152,146,145,130,113,105,99,90,87,80,64,45,27,12,4,0,0,0,0,0,0,0,0,0,0,0,0,0,0,0,0,0,0,0,0
KNRr_NLL_EB>BSPr_NLL_EB@NLL,LO Mildmay,EB,12,1448,KNRr,Kensal Rise,1438,BSPr,Brondesbury Park,"18,543",634,"5,035","4,416","5,990","2,039",428,0,3,3,38,59,105,161,264,316,432,493,537,560,562,484,448,388,313,265,237,182,180,155,142,142,156,132,141,150,169,173,189,167,162,146,170,171,188,192,220,214,260,294,323,359,417,424,498,540,600,603,629,567,541,437,374,307,266,229,206,191,152,138,120,112,106,103,109,101,92,75,73,44,27,13,4,0,0,0,0,0,0,0,0,0,0,0,0,0,0,0,0,0,0,0,0
BSPr_NLL_EB>BSYr_NLL_EB@NLL,LO Mildmay,EB,13,1438,BSPr,Brondesbury Park,1437,BSYr,Brondesbury,"18,883",591,"5,124","4,587","6,102","2,032",446,0,0,4,29,49,109,168,232,333,409,499,544,603,543,533,433,394,303,292,239,204,168,160,135,131,149,152,161,168,173,173,176,172,166,168,171,173,192,196,208,245,295,309,341,394,432,434,469,551,613,615,610,619,548,441,375,338,265,229,205,172,150,136,116,109,113,102,99,92,86,80,72,53,36,20,8,0,0,0,0,0,0,0,0,0,0,0,0,0,0,0,0,0,0,0,0
BSYr_NLL_EB>WHDr_NLL_EB@NLL,LO Mildmay,EB,14,1437,BSYr,Brondesbury,1421,WHDr,West Hampstead LO,"18,718",624,"5,428","4,608","5,642","1,983",433,0,0,7,35,58,111,159,254,355,428,536,600,630,574,566,459,416,323,289,252,215,177,168,161,139,156,160,168,176,178,178,180,175,168,170,173,174,176,196,204,243,260,280,332,381,375,393,482,509,518,595,600,529,472,445,343,311,271,238,177,163,142,128,114,123,112,103,101,90,83,77,70,51,35,19,8,0,0,0,0,0,0,0,0,0,0,0,0,0,0,0,0,0,0,0,0
WHDr_NLL_EB>FNYr_NLL_EB@NLL,LO Mildmay,EB,15,1421,WHDr,West Hampstead LO,1445,FNYr,Finchley Road & Frognal,"18,754",719,"5,757","4,703","5,193","1,915",468,0,0,9,41,70,132,185,281,329,456,504,630,620,626,580,538,433,386,363,291,239,200,201,153,146,166,166,156,179,182,180,181,176,170,188,173,174,196,193,203,253,269,263,294,319,353,369,402,465,514,538,541,525,471,376,319,277,243,213,203,147,146,134,118,112,116,104,102,95,83,78,71,57,40,26,13,5,0,0,0,0,0,0,0,0,0,0,0,0,0,0,0,0,0,0,0
FNYr_NLL_EB>HDHr_NLL_EB@NLL,LO Mildmay,EB,16,1445,FNYr,Finchley Road & Frognal,1413,HDHr,Hampstead Heath,"19,434",678,"5,695","5,000","5,507","2,077",477,0,0,11,27,73,134,189,245,341,445,489,610,639,613,575,538,436,390,344,275,246,208,193,185,177,175,175,180,184,188,186,190,186,181,203,187,187,191,211,194,242,290,310,333,384,425,411,440,490,536,504,517,541,484,389,387,332,254,226,217,158,158,145,127,120,124,110,108,100,86,80,72,57,40,26,13,5,0,0,0,0,0,0,0,0,0,0,0,0,0,0,0,0,0,0,0
HDHr_NLL_EB>GPOr_NLL_EB@NLL,LO Mildmay,EB,17,1413,HDHr,Hampstead Heath,1409,GPOr,Gospel Oak,"19,207",625,"4,774","4,827","6,159","2,329",493,0,0,12,29,74,103,180,226,302,337,442,464,497,510,490,440,402,351,281,257,207,178,167,162,156,158,159,168,174,178,177,182,179,176,176,185,189,199,202,230,257,279,302,386,396,433,459,546,571,589,621,624,585,487,468,379,330,273,265,225,212,200,165,153,146,131,117,112,105,90,83,74,58,40,27,13,4,0,0,0,0,0,0,0,0,0,0,0,0,0,0,0,0,0,0,0
GPOr_NLL_EB>KTWr_NLL_EB@NLL,LO Mildmay,EB,18,1409,GPOr,Gospel Oak,1449,KTWr,Kentish Town West,"16,784",484,"4,226","4,597","5,048","2,011",418,0,0,13,13,54,96,133,176,256,308,335,428,449,462,426,408,345,306,263,241,222,183,174,153,148,150,154,164,170,172,169,174,168,151,166,152,175,184,201,226,253,247,289,354,348,393,418,462,442,486,474,473,432,410,364,346,303,264,236,201,171,160,133,124,118,106,100,94,87,78,72,60,49,35,22,11,4,0,0,0,0,0,0,0,0,0,0,0,0,0,0,0,0,0,0,0
KTWr_NLL_EB>CMDr_NLL_EB@NLL,LO Mildmay,EB,19,1449,KTWr,Kentish Town West,1440,CMDr,Camden Road,"16,806",467,"3,954","4,540","5,291","2,078",476,0,0,13,13,54,83,133,170,246,266,329,357,383,398,421,376,360,320,274,224,207,158,168,152,147,151,172,164,169,157,171,173,167,150,162,152,176,187,207,223,257,252,297,322,352,372,437,436,507,506,532,495,497,418,409,330,290,247,245,208,197,180,145,130,111,103,110,114,94,97,87,63,53,38,25,13,5,0,0,0,0,0,0,0,0,0,0,0,0,0,0,0,0,0,0,0
CMDr_NLL_EB>CIRr_NLL_EB@NLL,LO Mildmay,EB,20,1440,CMDr,Camden Road,1439,CIRr,Caledonian Road & Barnsbury,"18,383",434,"3,479","4,848","6,459","2,519",644,0,0,2,17,46,71,119,178,205,252,277,329,335,370,342,363,297,277,227,204,164,144,137,140,143,143,164,158,167,174,179,177,180,184,182,193,200,206,215,256,268,322,345,409,425,480,475,571,572,622,608,673,580,533,468,452,348,331,304,275,211,191,168,156,132,140,136,127,118,114,104,92,80,61,40,25,11,0,0,0,0,0,0,0,0,0,0,0,0,0,0,0,0,0,0,0
CIRr_NLL_EB>HBYu_NLL_EB@NLL,LO Mildmay,EB,21,1439,CIRr,Caledonian Road & Barnsbury,603,HBYu,Highbury & Islington,"19,252",428,"3,392","5,091","6,985","2,603",752,0,0,4,20,49,76,123,156,206,223,273,289,349,336,337,334,312,260,238,233,191,165,148,149,140,136,155,162,172,176,186,189,192,187,194,222,212,213,255,267,263,325,395,398,434,500,545,559,595,668,689,718,670,621,538,447,365,328,299,269,246,183,175,170,144,136,145,142,129,122,116,105,90,74,55,35,19,6,0,0,0,0,0,0,0,0,0,0,0,0,0,0,0,0,0,0
HBYu_NLL_EB>CNNr_NLL_EB@NLL,LO Mildmay,EB,22,603,HBYu,Highbury & Islington,1441,CNNr,Canonbury,"26,859",480,"4,802","7,133","8,980","4,116","1,347",0,0,7,23,42,87,129,192,242,316,352,445,514,524,499,486,442,343,333,306,286,242,240,220,224,215,215,237,244,249,270,281,274,278,292,288,300,307,315,360,391,439,471,495,558,649,642,767,821,855,806,896,808,812,687,679,546,520,435,434,342,329,279,264,231,252,245,239,232,220,206,188,165,131,99,63,33,10,0,0,0,0,0,0,0,0,0,0,0,0,0,0,0,0,0,0
CNNr_NLL_EB>DLKr_NLL_EB@NLL,LO Mildmay,EB,23,1441,CNNr,Canonbury,1429,DLKr,Dalston Kingsland,"25,923",478,"4,623","6,914","8,722","3,903","1,284",0,0,7,23,43,85,128,191,240,278,347,390,451,468,508,463,460,370,352,296,280,241,240,220,223,213,216,235,243,248,265,272,268,272,262,286,300,303,310,334,373,376,454,480,584,579,665,665,795,763,838,871,863,777,718,603,512,453,405,379,355,305,290,252,242,243,238,230,223,211,197,178,156,124,94,59,31,9,0,0,0,0,0,0,0,0,0,0,0,0,0,0,0,0,0,0
DLKr_NLL_EB>HKCr_NLL_EB@NLL,LO Mildmay,EB,24,1429,DLKr,Dalston Kingsland,6977,HKCr,Hackney Central,"25,170",425,"4,695","6,809","8,176","3,844","1,221",0,0,9,26,26,72,119,172,222,310,330,415,440,497,507,510,433,412,328,292,271,257,230,236,218,212,216,233,240,244,259,269,267,270,264,285,264,302,309,329,366,403,394,470,566,565,647,695,765,736,798,760,755,683,638,567,518,475,418,384,327,307,272,237,229,227,227,222,214,201,189,169,147,118,89,56,29,8,0,0,0,0,0,0,0,0,0,0,0,0,0,0,0,0,0,0
HKCr_NLL_EB>HMNr_NLL_EB@NLL,LO Mildmay,EB,25,6977,HKCr,Hackney Central,6979,HMNr,Homerton,"22,727",431,"4,349","6,317","7,310","3,236","1,084",0,0,0,25,25,72,122,186,224,314,334,370,425,431,433,429,419,356,325,288,266,228,192,190,200,207,212,244,256,242,223,228,253,256,248,264,277,255,286,304,318,359,384,427,463,506,551,641,640,659,711,714,655,641,597,529,440,374,325,293,273,255,252,235,231,181,177,200,184,172,170,155,113,100,76,61,38,16,0,0,0,0,0,0,0,0,0,0,0,0,0,0,0,0,0,0
HMNr_NLL_EB>HKWr_NLL_EB@NLL,LO Mildmay,EB,26,6979,HMNr,Homerton,6978,HKWr,Hackney Wick,"21,343",383,"4,479","6,099","6,762","2,768",853,0,0,0,10,29,63,103,178,229,309,372,420,462,463,455,421,412,333,328,274,270,209,212,191,201,191,212,222,231,234,236,243,241,246,265,257,272,271,277,256,301,301,370,391,480,488,576,558,656,624,667,607,648,538,489,430,419,312,298,275,237,201,197,181,177,163,152,155,146,136,129,117,97,83,64,42,26,11,0,0,0,0,0,0,0,0,0,0,0,0,0,0,0,0,0,0
HKWr_NLL_EB>SFDu_NLL_EB@NLL,LO Mildmay,EB,27,6978,HKWr,Hackney Wick,719,SFDu,Stratford,"20,106",374,"3,962","5,595","6,926","2,470",778,0,0,0,11,29,63,101,170,212,274,296,381,385,424,396,392,348,318,268,265,246,200,174,185,176,190,190,221,209,215,219,226,221,225,243,235,247,248,229,240,255,262,323,416,433,472,568,635,639,653,708,678,630,568,511,431,346,278,248,232,214,209,180,181,175,146,124,138,128,113,115,116,82,74,66,39,25,16,4,0,0,0,0,0,0,0,0,0,0,0,0,0,0,0,0,0
SFDu_NLL_WB>HKWr_NLL_WB@NLL,LO Mildmay,WB,1,719,SFDu,Stratford,6978,HKWr,Hackney Wick,"20,197","1,169","6,314","5,106","4,575","2,462",570,4,11,27,79,133,226,287,404,447,552,572,609,672,699,605,555,539,412,331,321,294,238,186,189,171,161,164,183,176,175,186,197,188,212,219,225,220,219,207,233,228,232,281,323,307,328,378,418,398,417,448,424,387,368,366,337,307,286,270,237,222,210,187,179,169,142,134,119,110,84,82,69,56,44,44,31,22,15,7,7,0,0,0,0,0,0,0,0,0,0,0,0,0,0,0,0
HKWr_NLL_WB>HMNr_NLL_WB@NLL,LO Mildmay,WB,2,6978,HKWr,Hackney Wick,6979,HMNr,Homerton,"21,185","1,059","6,301","5,505","5,137","2,442",742,0,9,32,62,141,196,284,335,430,455,511,587,710,668,680,641,527,402,385,305,276,258,220,184,186,184,174,176,188,187,195,209,225,224,234,235,237,233,242,247,272,277,313,328,373,370,429,430,496,485,514,477,469,391,377,326,292,276,255,237,219,210,178,181,157,152,143,142,126,109,98,86,70,61,58,49,38,26,15,6,0,0,0,0,0,0,0,0,0,0,0,0,0,0,0,0
HMNr_NLL_WB>HKCr_NLL_WB@NLL,LO Mildmay,WB,3,6979,HMNr,Homerton,6977,HKCr,Hackney Central,"22,817","1,222","7,067","6,126","5,305","2,432",665,0,16,37,95,154,227,318,376,454,502,601,696,746,762,745,660,567,516,418,399,357,301,263,251,221,220,207,205,216,212,222,237,253,246,258,255,254,249,261,266,265,296,300,310,357,420,418,497,513,547,499,489,446,441,347,333,322,288,242,228,230,200,172,175,171,142,132,130,115,100,91,80,64,56,52,41,31,21,10,4,0,0,0,0,0,0,0,0,0,0,0,0,0,0,0,0
HKCr_NLL_WB>DLKr_NLL_WB@NLL,LO Mildmay,WB,4,6977,HKCr,Hackney Central,1429,DLKr,Dalston Kingsland,"25,075","1,406","7,928","6,815","5,630","2,541",754,0,12,47,88,180,262,379,439,549,579,625,694,826,800,827,797,718,557,511,443,401,340,325,299,266,259,248,244,249,247,256,267,278,268,277,243,245,236,245,256,318,315,361,371,379,402,477,467,540,553,567,512,522,437,422,354,341,278,278,239,232,198,198,176,170,148,135,146,134,119,112,106,74,62,53,38,26,17,8,4,0,0,0,0,0,0,0,0,0,0,0,0,0,0,0,0
DLKr_NLL_WB>CNNr_NLL_WB@NLL,LO Mildmay,WB,5,1429,DLKr,Dalston Kingsland,1441,CNNr,Canonbury,"27,053","1,459","8,836","7,304","5,873","2,653",929,0,17,42,108,173,297,378,443,553,668,694,818,906,872,877,890,762,689,604,502,401,362,321,324,294,285,281,272,263,273,270,283,287,294,288,301,296,285,288,298,298,321,338,380,392,439,443,513,506,525,550,584,524,512,468,417,339,313,268,269,220,217,199,196,159,169,154,151,150,165,144,132,113,86,58,37,23,14,6,3,0,0,0,0,0,0,0,0,0,0,0,0,0,0,0,0
CNNr_NLL_WB>HBYu_NLL_WB@NLL,LO Mildmay,WB,6,1441,CNNr,Canonbury,603,HBYu,Highbury & Islington,"27,683","1,551","9,207","7,386","5,971","2,657",911,0,19,45,115,186,312,400,472,589,633,737,781,955,917,989,925,829,710,622,520,417,419,332,333,301,292,290,283,273,283,281,291,292,294,286,298,291,280,284,267,301,298,348,352,434,406,483,518,551,527,592,535,527,519,478,401,395,304,273,267,228,199,193,169,151,161,158,159,157,157,152,127,108,82,55,34,20,12,5,2,0,0,0,0,0,0,0,0,0,0,0,0,0,0,0,0
HBYu_NLL_WB>CIRr_NLL_WB@NLL,LO Mildmay,WB,7,603,HBYu,Highbury & Islington,1439,CIRr,Caledonian Road & Barnsbury,"21,111",984,"7,738","5,224","4,429","2,060",676,0,0,11,43,91,188,265,386,463,591,631,760,778,871,786,769,648,584,454,404,345,299,257,206,206,201,182,199,215,214,192,218,201,187,199,184,201,179,193,190,215,218,241,283,289,333,332,389,385,427,405,434,398,390,322,326,268,250,208,216,173,171,148,146,128,122,116,114,113,114,93,92,77,61,43,43,18,11,6,2,2,0,0,0,0,0,0,0,0,0,0,0,0,0,0,0
CIRr_NLL_WB>CMDr_NLL_WB@NLL,LO Mildmay,WB,8,1439,CIRr,Caledonian Road & Barnsbury,1440,CMDr,Camden Road,"19,612",874,"7,046","4,890","4,282","1,845",675,0,0,11,42,87,175,245,313,421,538,574,630,755,793,715,697,648,521,389,365,292,272,217,209,190,189,168,184,183,180,197,184,190,192,189,173,191,186,183,199,206,205,234,275,280,325,348,379,374,413,387,415,379,369,304,308,250,216,190,199,157,146,138,122,108,102,100,117,108,103,96,94,73,61,49,40,25,10,10,5,2,0,0,0,0,0,0,0,0,0,0,0,0,0,0,0
CMDr_NLL_WB>KTWr_NLL_WB@NLL,LO Mildmay,WB,9,1440,CMDr,Camden Road,1449,KTWr,Kentish Town West,"17,408",700,"5,482","4,233","4,409","1,911",672,0,0,7,28,64,134,193,275,324,412,437,538,610,632,577,565,459,357,299,275,235,210,179,176,162,146,146,150,151,150,155,158,164,166,168,167,171,169,169,159,194,201,234,255,287,303,323,364,380,418,404,445,398,401,355,331,264,245,193,184,174,158,135,133,119,102,99,106,105,101,96,94,77,62,49,39,22,14,8,4,1,0,0,0,0,0,0,0,0,0,0,0,0,0,0,0
KTWr_NLL_WB>GPOr_NLL_WB@NLL,LO Mildmay,WB,10,1449,KTWr,Kentish Town West,1409,GPOr,Gospel Oak,"17,563",679,"5,240","4,209","4,751","2,008",675,0,0,7,30,67,136,195,245,318,362,426,469,564,566,589,510,482,373,321,261,249,204,190,175,161,147,147,150,152,151,157,160,164,164,152,167,152,152,151,178,177,205,240,264,308,323,379,388,441,446,462,435,454,399,374,342,306,250,219,187,164,157,137,134,120,118,106,109,108,103,96,94,77,62,49,39,22,13,7,3,1,0,0,0,0,0,0,0,0,0,0,0,0,0,0,0
GPOr_NLL_WB>HDHr_NLL_WB@NLL,LO Mildmay,WB,11,1409,GPOr,Gospel Oak,1413,HDHr,Hampstead Heath,"19,549",785,"6,005","4,818","5,129","2,087",725,0,0,8,28,81,139,232,296,353,434,541,555,645,678,629,558,531,418,357,306,261,211,194,179,183,163,165,171,173,169,176,180,186,185,193,191,196,192,195,210,235,244,256,311,359,365,391,467,489,450,458,498,472,412,393,374,304,250,219,206,190,169,141,150,126,110,108,114,99,108,109,106,89,74,57,37,21,12,7,3,1,0,0,0,0,0,0,0,0,0,0,0,0,0,0,0
HDHr_NLL_WB>FNYr_NLL_WB@NLL,LO Mildmay,WB,12,1413,HDHr,Hampstead Heath,1445,FNYr,Finchley Road & Frognal,"19,783",753,"5,179","4,923","5,898","2,279",750,0,0,9,30,82,135,221,277,324,387,425,494,524,585,542,533,424,375,294,271,232,216,202,186,173,159,161,166,171,170,177,181,185,185,172,193,200,200,209,247,223,269,289,358,374,467,473,560,579,576,530,567,485,451,432,405,320,304,237,224,199,190,160,152,134,128,112,118,114,112,113,109,91,75,58,36,20,11,6,3,1,0,0,0,0,0,0,0,0,0,0,0,0,0,0,0
FNYr_NLL_WB>WHDr_NLL_WB@NLL,LO Mildmay,WB,13,1445,FNYr,Finchley Road & Frognal,1421,WHDr,West Hampstead LO,"19,080",670,"4,832","4,743","5,797","2,303",735,0,0,0,19,66,139,193,253,327,347,392,430,505,496,532,465,442,348,311,238,230,188,178,163,163,152,153,155,161,167,168,177,184,184,185,192,189,193,220,212,233,280,306,311,407,423,482,504,569,528,565,510,524,455,459,371,355,283,246,206,221,174,173,167,144,124,111,99,99,97,93,98,101,81,64,49,35,9,6,2,1,0,0,0,0,0,0,0,0,0,0,0,0,0,0,0
WHDr_NLL_WB>BSYr_NLL_WB@NLL,LO Mildmay,WB,14,1421,WHDr,West Hampstead LO,1437,BSYr,Brondesbury,"19,061",773,"5,310","4,496","5,621","2,150",710,0,0,0,22,83,143,229,296,335,387,455,481,523,589,580,514,469,403,322,252,233,192,179,162,160,147,148,150,155,160,163,174,181,182,181,185,180,181,186,195,212,228,250,313,383,408,490,520,538,504,534,493,500,445,444,361,334,271,233,193,194,162,151,146,128,123,108,108,106,102,96,91,85,71,55,41,30,16,8,5,3,1,0,0,0,0,0,0,0,0,0,0,0,0,0,0
BSYr_NLL_WB>BSPr_NLL_WB@NLL,LO Mildmay,WB,15,1437,BSYr,Brondesbury,1438,BSPr,Brondesbury Park,"19,251",828,"5,754","4,590","5,331","2,106",642,0,0,0,26,74,172,240,316,396,465,459,563,596,630,592,568,478,408,323,275,254,215,204,179,179,163,149,152,157,161,164,175,181,181,183,187,180,181,184,189,205,220,241,304,338,355,430,504,487,482,523,522,453,428,436,374,294,265,249,196,183,171,156,138,132,117,104,102,97,92,88,83,77,65,50,36,26,14,6,4,2,1,0,0,0,0,0,0,0,0,0,0,0,0,0,0
BSPr_NLL_WB>KNRr_NLL_WB@NLL,LO Mildmay,WB,16,1438,BSPr,Brondesbury Park,1448,KNRr,Kensal Rise,"18,822",794,"5,659","4,418","5,295","2,057",599,0,0,0,14,76,138,244,322,413,428,499,503,588,616,611,542,509,384,303,261,243,207,198,176,175,160,147,150,155,159,162,174,180,180,182,185,178,178,160,186,175,196,218,298,340,381,447,480,500,467,512,472,483,420,429,364,323,255,240,187,174,154,149,132,126,112,108,98,92,88,83,78,72,61,47,33,23,12,5,3,2,1,0,0,0,0,0,0,0,0,0,0,0,0,0,0
KNRr_NLL_WB>WJNu_NLL_WB@NLL,LO Mildmay,WB,17,1448,KNRr,Kensal Rise,766,WJNu,Willesden Junction,"18,288",895,"5,748","4,319","4,962","1,861",502,0,0,0,15,90,160,271,359,425,472,483,541,568,605,604,587,474,411,325,252,231,216,195,191,173,161,148,150,153,156,158,171,175,174,177,160,173,152,156,156,188,186,229,289,343,358,380,452,463,443,483,486,450,394,397,314,294,232,215,166,174,137,131,117,112,101,96,86,80,75,72,67,62,52,38,25,17,8,2,2,1,0,0,0,0,0,0,0,0,0,0,0,0,0,0,0
WJNu_NLL_WB>ACCr_NLL_WB@NLL,LO Mildmay,WB,18,766,WJNu,Willesden Junction,1404,ACCr,Acton Central,"8,729",307,"2,870","2,166","2,247",890,249,0,0,1,10,19,60,88,129,164,192,248,271,289,289,330,264,251,229,202,141,130,124,103,102,100,95,80,82,83,84,85,88,85,82,81,79,76,75,77,79,86,71,106,114,124,129,199,187,200,230,238,201,202,191,180,167,135,117,116,79,64,72,68,51,50,50,48,40,38,35,33,32,31,28,22,16,10,4,0,0,0,0,0,0,0,0,0,0,0,0,0,0,0,0,0,0
ACCr_NLL_WB>SATr_NLL_WB@NLL,LO Mildmay,WB,19,1404,ACCr,Acton Central,1452,SATr,South Acton,"7,713",255,"2,736","2,015","1,829",684,194,0,0,1,3,22,36,66,127,165,180,211,270,268,271,278,301,247,206,182,157,126,105,101,99,100,78,83,82,84,83,84,81,83,77,76,74,74,69,69,69,70,74,85,91,123,129,139,173,183,157,160,159,158,150,154,143,131,90,81,65,64,52,44,37,36,28,29,28,28,26,25,23,22,21,18,14,10,6,2,0,0,0,0,0,0,0,0,0,0,0,0,0,0,0,0,0
SATr_NLL_WB>GUNu_NLL_WB@NLL,LO Mildmay,WB,20,1452,SATr,South Acton,591,GUNu,Gunnersbury,"6,901",211,"2,548","1,873","1,527",590,154,0,0,2,5,23,35,63,82,112,165,200,214,237,301,267,255,241,245,167,144,125,128,94,92,94,91,78,77,79,76,78,73,74,69,69,67,67,62,61,59,58,59,69,75,82,109,121,127,158,156,137,134,129,124,129,119,110,101,68,53,48,43,36,30,29,27,23,22,22,20,20,18,18,17,15,11,8,4,1,0,0,0,0,0,0,0,0,0,0,0,0,0,0,0,0,0
GUNu_NLL_WB>KEWu_NLL_WB@NLL,LO Mildmay,WB,21,591,GUNu,Gunnersbury,621,KEWu,Kew Gardens,"4,674",136,"1,644","1,406","1,045",366,76,0,0,2,4,11,18,45,56,75,94,137,138,153,172,195,164,153,144,129,90,81,79,80,68,72,70,70,60,62,60,62,58,58,53,53,50,50,46,46,44,43,42,48,52,56,66,90,93,98,100,108,89,87,87,95,75,69,56,51,32,30,23,29,18,17,15,15,11,11,10,10,8,8,9,7,6,4,2,1,0,0,0,0,0,0,0,0,0,0,0,0,0,0,0,0,0
KEWu_NLL_WB>RMDu_NLL_WB@NLL,LO Mildmay,WB,22,621,KEWu,Kew Gardens,686,RMDu,Richmond,"4,036",108,"1,546","1,148",901,281,52,0,0,0,4,10,17,24,52,65,83,94,147,147,167,186,187,142,132,116,80,73,70,67,55,58,53,52,45,48,46,50,47,47,43,44,42,42,39,40,38,36,36,30,44,49,59,63,95,88,87,80,92,72,71,77,68,55,43,34,23,26,17,18,18,13,11,11,11,8,7,7,6,6,6,5,3,2,2,0,0,0,0,0,0,0,0,0,0,0,0,0,0,0,0,0,0
WJNu_NLL_WB>SPBr_NLL_WB@NLL,LO Mildmay,WB,23,766,WJNu,Willesden Junction,9587,SPBr,Shepherd's Bush NR,"11,770",653,"4,174","2,899","2,857",981,207,0,5,9,19,74,122,161,262,307,313,330,355,413,418,424,412,425,288,259,231,199,135,127,122,108,104,105,105,99,97,106,106,112,118,116,113,120,115,113,118,124,131,145,162,205,213,231,245,287,262,264,254,277,222,206,192,187,130,116,99,95,70,60,55,55,40,38,37,37,34,32,32,27,20,14,8,2,1,0,0,0,0,0,0,0,0,0,0,0,0,0,0,0,0,0,0
SPBr_NLL_WB>OLYu_NLL_WB@NLL,LO Mildmay,WB,24,9587,SPBr,Shepherd's Bush NR,618,OLYu,Kensington (Olympia),"14,766",658,"4,301","3,263","4,502","1,725",318,0,4,4,31,49,103,207,260,309,362,369,400,432,429,467,449,351,298,252,183,160,137,139,134,116,113,114,95,95,99,110,114,125,133,137,131,138,137,137,137,150,177,207,227,261,298,364,372,418,415,413,430,433,377,357,365,260,210,196,196,138,121,133,122,100,91,90,69,65,53,50,44,37,28,22,13,4,2,0,0,0,0,0,0,0,0,0,0,0,0,0,0,0,0,0,0
OLYu_NLL_WB>WBTu_NLL_WB@NLL,LO Mildmay,WB,25,618,OLYu,Kensington (Olympia),755,WBTu,West Brompton,"15,136",578,"3,929","3,255","5,299","1,762",312,0,4,4,16,51,105,150,249,305,338,339,414,391,387,363,391,307,260,222,213,150,126,131,124,111,109,112,93,97,103,113,118,130,136,142,134,144,145,148,116,175,142,182,274,354,355,421,498,482,473,478,557,483,418,393,386,275,223,206,198,139,122,118,120,99,90,89,82,63,52,50,43,37,28,22,12,4,1,0,0,0,0,0,0,0,0,0,0,0,0,0,0,0,0,0,0
WBTu_NLL_WB>IMWr_NLL_WB@NLL,LO Mildmay,WB,26,755,WBTu,West Brompton,9586,IMWr,Imperial Wharf,"13,336",490,"3,367","2,892","4,657","1,670",261,0,0,3,14,48,91,127,206,248,271,274,285,334,344,326,323,312,249,212,189,184,162,108,99,99,79,83,85,83,87,92,100,105,141,121,125,115,118,91,117,126,152,190,228,258,360,377,382,476,475,414,428,422,376,366,322,285,271,187,160,157,131,96,84,91,70,71,67,60,41,40,28,27,22,18,10,10,3,1,0,0,0,0,0,0,0,0,0,0,0,0,0,0,0,0,0
IMWr_NLL_WB>CLJr_NLL_WB@NLL,LO Mildmay,WB,27,9586,IMWr,Imperial Wharf,5595,CLJr,Clapham Junction,"11,493",381,"2,420","2,491","4,627","1,348",225,0,0,2,14,32,82,110,140,198,179,205,216,275,241,266,220,206,153,138,124,110,114,86,81,85,85,73,76,74,75,80,86,91,97,102,106,101,102,105,104,114,138,184,221,264,363,387,387,391,479,425,428,421,453,342,287,253,230,157,130,117,105,76,66,62,59,45,48,43,38,32,32,24,20,16,13,5,2,0,0,0,0,0,0,0,0,0,0,0,0,0,0,0,0,0,0
RMFr_URL_DN>EMPr_URL_DN@URL,LO Liberty,EB,1,6886,RMFr,Romford,7473,EMPr,Emerson Park,733,28,197,179,223,103,3,0,0,1,1,4,4,9,8,17,14,30,24,30,21,24,9,11,5,8,4,6,4,6,4,6,4,6,5,7,4,7,5,7,5,8,6,9,6,10,7,14,11,18,14,19,12,19,12,20,14,22,16,27,19,25,18,21,10,14,8,10,6,9,5,7,5,5,3,3,0,0,0,0,0,0,0,0,0,0,0,0,0,0,0,0,0,0,0,0,0,0,0,0,0,0,0
EMPr_URL_DN>UPMu_URL_DN@URL,LO Liberty,EB,2,7473,EMPr,Emerson Park,736,UPMu,Upminster,698,36,309,157,140,51,4,0,0,0,2,2,8,8,16,14,28,22,48,40,48,33,37,11,13,6,8,4,7,5,7,4,7,4,6,4,7,4,7,5,7,5,7,4,7,5,8,6,13,10,15,11,15,8,14,9,15,11,15,10,14,8,11,6,8,4,5,3,4,2,4,3,4,4,4,2,2,0,0,0,0,0,0,0,0,0,0,0,0,0,0,0,0,0,0,0,0,0,0,0,0,0,0
EMPr_URL_UP>RMFr_URL_UP@URL,LO Liberty,WB,1,7473,EMPr,Emerson Park,6886,RMFr,Romford,838,76,307,267,154,32,2,0,0,0,0,5,17,17,36,36,49,36,47,28,34,16,19,9,13,7,12,9,12,8,11,7,10,6,9,6,9,6,10,6,9,7,9,6,9,6,18,15,26,22,29,17,24,13,19,12,17,11,13,7,9,4,6,4,5,3,4,2,3,1,2,2,3,2,2,1,1,0,0,0,0,0,0,0,0,0,0,0,0,0,0,0,0,0,0,0,0,0,0,0,0,0,0
UPMu_URL_UP>EMPr_URL_UP@URL,LO Liberty,WB,2,736,UPMu,Upminster,7473,EMPr,Emerson Park,650,17,151,196,236,47,2,0,0,0,0,0,3,3,9,8,17,14,25,19,21,13,15,4,6,3,6,4,5,4,5,3,4,3,5,3,4,3,5,4,6,5,7,5,8,5,16,14,26,23,29,18,24,12,20,14,25,19,27,20,26,14,18,9,11,5,5,2,3,1,3,2,3,2,2,1,1,0,0,0,0,0,0,0,0,0,0,0,0,0,0,0,0,0,0,0,0,0,0,0,0,0,0
EUSr_WEL_NB>SOHr_WEL_NB@WEL,LO Lioness,NB,1,1444,EUSr,Euston NR,1451,SOHr,South Hampstead,"8,882",345,"1,260","2,404","2,809","1,533",531,1,1,8,37,37,73,73,114,85,135,97,128,106,154,105,119,104,92,62,74,73,72,74,72,72,72,79,77,79,84,91,87,91,91,95,94,95,99,111,118,126,175,186,194,207,229,209,235,261,282,287,284,269,205,179,163,147,129,155,146,134,129,132,125,112,107,107,110,91,102,82,74,44,56,28,28,12,12,0,0,0,0,0,0,0,0,0,0,0,0,0,0,0,0,0,0
SOHr_WEL_NB>KBNr_WEL_NB@WEL,LO Lioness,NB,2,1451,SOHr,South Hampstead,1415,KBNr,Kilburn High Road,"8,726",274,"1,198","2,245","2,865","1,600",544,1,1,8,22,36,50,71,83,95,101,109,115,119,114,116,105,93,83,79,69,68,67,69,68,68,67,76,74,76,81,88,84,88,88,93,93,94,97,109,116,124,142,155,160,170,186,200,215,240,264,285,290,285,268,244,217,192,172,157,147,134,129,131,123,111,106,105,93,89,87,81,67,59,51,43,29,20,13,6,0,0,0,0,0,0,0,0,0,0,0,0,0,0,0,0,0
KBNr_WEL_NB>QPKu_WEL_NB@WEL,LO Lioness,NB,3,1415,KBNr,Kilburn High Road,680,QPKu,Queen's Park,"8,294",255,"1,088","2,104","2,777","1,543",526,0,1,8,21,34,48,65,77,88,93,102,107,108,102,103,93,82,75,72,63,63,62,64,62,62,61,69,67,69,74,81,77,82,83,88,89,89,92,103,110,117,136,148,154,164,182,195,210,233,255,275,279,275,259,238,211,186,166,152,141,129,124,126,119,106,102,101,91,85,83,78,65,56,49,42,28,20,12,6,0,0,0,0,0,0,0,0,0,0,0,0,0,0,0,0,0
QPKu_WEL_NB>KGNu_WEL_NB@WEL,LO Lioness,NB,4,680,QPKu,Queen's Park,617,KGNu,Kensal Green,"9,952",308,"1,609","2,332","3,364","1,732",607,0,1,8,22,39,58,79,100,120,132,146,162,169,166,165,148,126,106,92,77,75,72,71,70,70,68,74,74,76,79,86,84,89,90,95,97,98,102,113,121,128,148,168,185,208,232,246,264,288,305,324,332,324,307,281,252,225,201,177,163,145,136,133,125,114,110,106,97,93,89,85,75,68,61,53,36,25,15,6,0,0,0,0,0,0,0,0,0,0,0,0,0,0,0,0,0
KGNu_WEL_NB>WJNu_WEL_NB@WEL,LO Lioness,NB,5,617,KGNu,Kensal Green,766,WJNu,Willesden Junction,"9,355",307,"1,593","2,213","3,111","1,572",558,0,2,8,22,39,58,79,99,121,132,147,164,169,164,163,144,122,103,89,75,73,70,69,67,67,65,71,71,73,75,81,80,84,84,89,92,93,97,108,114,119,138,158,174,198,220,233,248,268,281,299,303,295,280,257,229,204,182,160,148,131,124,122,114,103,99,97,88,84,81,78,69,63,57,50,34,24,14,5,0,0,0,0,0,0,0,0,0,0,0,0,0,0,0,0,0
WJNu_WEL_NB>HARu_WEL_NB@WEL,LO Lioness,NB,6,766,WJNu,Willesden Junction,596,HARu,Harlesden,"10,760",399,"1,697","2,429","3,714","1,868",653,0,2,8,26,49,76,105,133,155,160,174,186,189,177,168,140,111,89,77,71,73,71,67,67,67,64,67,70,72,74,80,84,91,91,94,101,104,106,117,128,146,163,198,234,286,292,315,326,342,331,351,347,333,305,234,251,231,205,179,209,150,135,136,139,132,123,120,109,97,90,89,82,77,68,58,42,28,14,6,0,0,0,0,0,0,0,0,0,0,0,0,0,0,0,0,0
HARu_WEL_NB>SPKu_WEL_NB@WEL,LO Lioness,NB,7,596,HARu,Harlesden,717,SPKu,Stonebridge Park,"10,088",255,"1,483","2,157","3,675","1,811",708,0,4,4,9,40,40,79,79,138,107,171,129,167,135,175,111,123,98,78,51,64,67,65,62,62,62,59,62,66,67,69,75,80,85,85,88,95,100,103,116,127,144,160,194,230,281,347,307,395,332,384,277,387,242,290,202,241,168,196,173,158,144,128,127,130,122,114,111,100,89,83,83,78,73,70,55,39,25,13,0,0,0,0,0,0,0,0,0,0,0,0,0,0,0,0,0
SPKu_WEL_NB>WEMu_WEL_NB@WEL,LO Lioness,NB,8,717,SPKu,Stonebridge Park,751,WEMu,Wembley Central,"9,226",191,"1,465","2,028","3,290","1,641",610,0,4,4,9,19,36,49,70,92,118,126,151,167,170,154,145,115,90,72,65,61,63,61,58,58,58,55,59,62,63,65,70,74,79,80,82,89,94,98,109,120,135,150,183,218,266,270,289,294,302,282,300,295,281,255,239,214,196,175,154,141,126,113,110,113,106,98,95,87,76,70,71,67,62,55,48,34,22,12,5,0,0,0,0,0,0,0,0,0,0,0,0,0,0,0,0
WEMu_WEL_NB>NWBu_WEL_NB@WEL,LO Lioness,NB,9,751,WEMu,Wembley Central,659,NWBu,North Wembley,"7,649",204,"1,421","1,657","2,647","1,267",453,0,6,6,12,21,39,49,71,94,119,130,156,173,169,153,137,105,75,59,52,49,49,48,47,48,48,45,47,49,48,51,55,61,65,67,69,74,77,82,89,98,113,124,153,186,218,218,235,239,243,226,241,234,222,198,188,170,155,135,120,111,99,86,86,84,78,72,70,63,57,54,54,51,47,41,34,24,15,8,3,0,0,0,0,0,0,0,0,0,0,0,0,0,0,0,0
NWBu_WEL_NB>SKTu_WEL_NB@WEL,LO Lioness,NB,10,659,NWBu,North Wembley,709,SKTu,South Kenton,"6,959",204,"1,355","1,557","2,375","1,098",370,0,0,6,13,22,39,55,69,90,114,127,153,168,162,146,128,97,68,54,48,45,46,46,46,46,46,43,44,46,45,48,53,59,62,63,65,70,72,76,83,93,105,116,142,171,199,198,213,218,220,202,214,209,195,173,165,151,136,119,106,97,85,73,72,71,66,61,60,53,48,45,45,42,39,33,27,18,11,5,2,0,0,0,0,0,0,0,0,0,0,0,0,0,0,0,0
SKTu_WEL_NB>KETu_WEL_NB@WEL,LO Lioness,NB,11,709,SKTu,South Kenton,620,KETu,Kenton,"6,532",211,"1,372","1,422","2,171","1,010",347,0,0,6,13,22,41,57,72,94,117,130,154,170,162,147,128,98,68,54,48,45,45,45,45,45,44,40,41,43,42,44,47,53,55,57,59,64,65,67,72,82,93,103,128,156,181,181,197,203,204,188,195,190,176,154,146,138,124,108,98,91,78,67,67,65,61,56,55,49,45,42,42,40,36,31,25,18,11,5,2,0,0,0,0,0,0,0,0,0,0,0,0,0,0,0,0
KETu_WEL_NB>HAWu_WEL_NB@WEL,LO Lioness,NB,12,620,KETu,Kenton,597,HAWu,Harrow & Wealdstone,"6,091",209,"1,358","1,367","1,965",891,301,0,0,6,13,21,40,57,72,95,114,129,155,170,160,150,127,95,65,52,45,42,42,42,43,43,43,42,43,44,42,44,45,50,52,53,55,60,61,63,69,79,90,99,123,147,168,167,179,185,185,169,174,170,155,136,129,123,111,96,88,81,68,58,59,57,53,49,49,42,38,36,36,35,33,29,22,15,9,4,1,0,0,0,0,0,0,0,0,0,0,0,0,0,0,0,0
HAWu_WEL_NB>HDLr_WEL_NB@WEL,LO Lioness,NB,13,597,HAWu,Harrow & Wealdstone,1434,HDLr,Headstone Lane,"6,353",167,"1,326","1,333","2,280",934,315,0,0,6,6,12,37,37,70,70,110,86,178,139,170,140,166,73,84,59,50,35,43,42,43,44,44,44,45,45,46,44,46,46,51,52,56,58,63,65,67,71,80,92,111,137,162,179,226,192,242,201,239,165,230,141,164,106,130,83,97,87,83,71,63,61,57,50,46,43,36,33,33,33,36,31,27,21,14,4,4,0,0,0,0,0,0,0,0,0,0,0,0,0,0,0,0
HDLr_WEL_NB>HTEr_WEL_NB@WEL,LO Lioness,NB,14,1434,HDLr,Headstone Lane,1398,HTEr,Hatch End,"5,614",130,"1,249","1,331","1,843",811,250,0,0,6,6,13,20,37,49,71,86,104,128,147,151,145,133,102,76,57,49,46,44,43,43,44,43,43,43,43,43,42,43,43,48,49,52,54,58,61,72,77,86,98,113,125,143,155,157,161,164,166,164,167,159,149,132,115,105,93,79,70,67,56,51,49,47,41,38,35,29,26,26,26,24,24,20,17,11,7,3,1,0,0,0,0,0,0,0,0,0,0,0,0,0,0,0
HTEr_WEL_NB>CPKr_WEL_NB@WEL,LO Lioness,NB,15,1398,HTEr,Hatch End,1442,CPKr,Carpenders Park,"5,121",128,"1,423","1,256","1,467",643,204,0,0,5,5,11,18,36,54,89,112,137,163,177,168,155,136,103,76,58,51,48,46,45,46,46,44,44,44,42,41,40,41,40,45,47,49,50,52,54,64,69,77,86,95,102,113,122,123,129,132,133,132,134,126,116,103,90,81,71,61,55,52,45,42,41,39,35,32,30,24,21,21,21,20,20,17,14,9,5,2,1,0,0,0,0,0,0,0,0,0,0,0,0,0,0,0
CPKr_WEL_NB>BSHr_WEL_NB@WEL,LO Lioness,NB,16,1442,CPKr,Carpenders Park,1395,BSHr,Bushey,"4,423",166,"1,743","1,138",854,390,130,0,0,0,4,14,26,44,79,122,151,184,211,218,200,178,149,117,87,66,61,56,53,52,55,54,52,49,50,44,41,39,39,37,41,42,43,43,42,42,46,48,52,56,61,66,70,76,75,78,78,78,75,74,69,61,55,47,46,41,38,34,32,28,26,26,27,24,21,20,15,12,12,13,13,13,12,9,6,3,1,0,0,0,0,0,0,0,0,0,0,0,0,0,0,0,0
BSHr_WEL_NB>WFHr_WEL_NB@WEL,LO Lioness,NB,17,1395,BSHr,Bushey,1455,WFHr,Watford High Street,"3,631",103,"1,337","1,022",739,332,99,0,0,0,4,8,16,29,47,76,87,118,145,166,157,157,133,105,77,61,56,52,48,47,49,48,46,45,46,41,38,36,35,34,37,37,38,38,37,36,40,43,47,50,53,58,62,66,66,69,69,68,64,63,58,51,46,40,40,35,32,28,26,22,22,23,23,21,19,17,12,11,10,9,9,9,8,6,5,3,1,0,0,0,0,0,0,0,0,0,0,0,0,0,0,0,0
WFHr_WEL_NB>WFJr_WEL_NB@WEL,LO Lioness,NB,18,1455,WFHr,Watford High Street,1402,WFJr,Watford Junction,"1,478",79,527,376,317,140,39,0,0,0,4,10,14,19,33,46,46,51,54,57,49,51,48,44,31,25,23,21,19,18,19,16,14,14,16,15,14,13,13,11,12,11,12,13,13,14,15,18,20,21,24,28,28,31,32,32,31,29,26,24,22,18,16,15,15,13,13,12,11,10,10,11,11,10,9,8,6,4,3,2,3,3,3,3,3,1,0,0,0,0,0,0,0,0,0,0,0,0,0,0,0,0,0
WFJr_WEL_SB>WFHr_WEL_SB@WEL,LO Lioness,SB,1,1402,WFJr,Watford Junction,1455,WFHr,Watford High Street,"1,727",58,315,367,647,267,73,1,1,3,5,7,10,14,16,21,24,26,32,38,34,31,32,26,19,17,16,12,10,8,9,9,10,9,10,11,13,11,14,13,15,12,16,17,21,19,22,21,23,23,39,51,59,62,71,63,56,57,59,52,47,39,30,23,21,17,21,23,23,19,24,24,24,22,25,21,14,10,8,6,4,4,3,2,0,0,0,0,0,0,0,0,0,0,0,0,0,0,0,0,0,0,0
WFHr_WEL_SB>BSHr_WEL_SB@WEL,LO Lioness,SB,2,1455,WFHr,Watford High Street,1395,BSHr,Bushey,"3,874",188,603,"1,209","1,307",455,112,5,9,16,23,26,32,37,40,48,56,61,66,66,57,52,47,42,38,36,32,28,24,22,23,24,25,26,29,32,35,34,39,41,43,43,47,48,50,50,77,105,111,116,136,128,115,123,138,131,127,121,114,95,84,72,60,49,46,42,40,41,38,32,35,34,33,33,33,28,22,17,13,11,8,6,4,3,0,0,0,0,0,0,0,0,0,0,0,0,0,0,0,0,0,0,0
BSHr_WEL_SB>CPKr_WEL_SB@WEL,LO Lioness,SB,3,1395,BSHr,Bushey,1442,CPKr,Carpenders Park,"4,657",236,737,"1,485","1,510",568,121,6,12,20,30,32,41,45,50,62,71,74,82,82,67,63,57,48,45,43,41,37,34,30,32,30,33,32,36,38,42,40,47,48,50,50,55,54,56,56,89,131,142,149,173,160,135,141,156,145,143,134,127,106,100,84,78,67,65,56,56,50,47,39,41,37,38,36,36,30,24,18,14,12,9,7,5,3,0,0,0,0,0,0,0,0,0,0,0,0,0,0,0,0,0,0,0
CPKr_WEL_SB>HTEr_WEL_SB@WEL,LO Lioness,SB,4,1442,CPKr,Carpenders Park,1398,HTEr,Hatch End,"5,206",479,"1,333","1,457","1,306",521,110,14,28,46,66,67,81,87,90,106,135,145,157,158,136,115,98,81,73,68,60,56,49,44,43,41,43,41,43,46,49,46,51,50,51,50,53,53,55,53,78,102,108,116,136,128,119,127,136,128,125,116,107,93,84,72,68,59,56,50,49,45,44,38,39,36,36,35,33,28,22,17,12,11,8,6,4,3,0,0,0,0,0,0,0,0,0,0,0,0,0,0,0,0,0,0,0
HTEr_WEL_SB>HDLr_WEL_SB@WEL,LO Lioness,SB,5,1398,HTEr,Hatch End,1434,HDLr,Headstone Lane,"5,639",578,"1,708","1,414","1,286",536,117,15,32,55,78,81,100,108,111,135,186,192,205,205,175,135,120,102,93,86,74,68,58,52,50,47,48,45,47,50,53,48,52,51,52,51,54,55,56,54,75,78,80,88,104,101,113,123,133,128,126,117,111,97,89,76,72,61,58,52,51,46,45,39,40,37,36,36,34,28,23,18,13,12,9,6,4,3,0,0,0,0,0,0,0,0,0,0,0,0,0,0,0,0,0,0,0
HDLr_WEL_SB>HAWu_WEL_SB@WEL,LO Lioness,SB,6,1434,HDLr,Headstone Lane,597,HAWu,Harrow & Wealdstone,"6,439",721,"1,948","1,692","1,356",602,120,19,39,68,97,101,124,135,138,165,224,223,228,223,190,143,133,120,111,101,87,80,70,63,61,59,59,55,55,60,61,57,62,62,60,59,61,61,60,61,93,97,100,110,127,114,99,138,117,138,108,152,97,131,79,107,76,85,62,71,54,50,48,42,42,39,38,37,35,30,24,19,13,12,9,6,4,3,0,0,0,0,0,0,0,0,0,0,0,0,0,0,0,0,0,0,0
HAWu_WEL_SB>KETu_WEL_SB@WEL,LO Lioness,SB,7,597,HAWu,Harrow & Wealdstone,620,KETu,Kenton,"6,142",627,"1,909","1,516","1,325",610,155,12,20,50,77,99,104,131,133,140,175,206,204,206,201,169,145,133,122,111,97,86,75,65,57,56,53,55,51,52,55,56,53,57,56,56,55,57,56,56,57,79,83,90,100,115,112,126,131,136,126,120,107,103,89,84,75,72,62,61,56,53,49,48,43,44,40,42,41,37,31,26,17,12,12,8,6,4,3,0,0,0,0,0,0,0,0,0,0,0,0,0,0,0,0,0,0
KETu_WEL_SB>SKTu_WEL_SB@WEL,LO Lioness,SB,8,620,KETu,Kenton,709,SKTu,South Kenton,"6,497",761,"2,009","1,655","1,329",600,145,14,29,63,93,121,130,155,156,161,189,215,210,208,203,175,152,142,131,119,104,91,77,70,63,61,58,59,54,54,58,59,57,60,59,58,56,59,59,61,72,93,98,105,114,118,116,129,133,136,127,120,107,101,88,81,73,70,61,59,56,53,49,48,44,43,40,39,38,35,29,24,17,12,11,7,5,3,2,0,0,0,0,0,0,0,0,0,0,0,0,0,0,0,0,0,0
SKTu_WEL_SB>NWBu_WEL_SB@WEL,LO Lioness,SB,9,709,SKTu,South Kenton,659,NWBu,North Wembley,"6,892",849,"2,184","1,753","1,354",607,146,16,33,70,104,135,145,171,174,177,207,233,228,225,219,190,166,155,142,129,112,98,83,76,69,67,65,65,58,57,60,62,59,62,62,62,60,62,61,64,73,96,101,110,119,123,120,131,134,137,130,123,109,103,90,81,73,71,62,60,56,53,49,49,44,43,40,40,39,35,30,25,17,12,11,7,5,3,2,0,0,0,0,0,0,0,0,0,0,0,0,0,0,0,0,0,0
NWBu_WEL_SB>WEMu_WEL_SB@WEL,LO Lioness,SB,10,659,NWBu,North Wembley,751,WEMu,Wembley Central,"7,634","1,003","2,433","1,980","1,455",618,146,21,40,83,127,161,170,199,202,203,235,259,252,249,240,208,186,175,158,145,126,110,94,87,80,78,75,75,67,65,69,71,68,71,70,70,67,69,68,72,84,106,112,122,130,132,130,142,145,150,142,134,118,110,93,84,74,72,63,61,57,54,51,49,45,45,41,41,39,35,30,25,17,12,11,7,5,3,2,0,0,0,0,0,0,0,0,0,0,0,0,0,0,0,0,0,0
WEMu_WEL_SB>SPKu_WEL_SB@WEL,LO Lioness,SB,11,751,WEMu,Wembley Central,717,SPKu,Stonebridge Park,"8,915","1,269","2,871","2,414","1,549",665,148,30,51,103,160,204,215,253,253,248,276,301,291,293,284,254,223,208,184,166,144,127,111,105,101,98,96,96,88,84,91,93,92,95,93,90,87,87,86,90,96,114,124,134,139,140,143,158,155,157,153,145,118,112,98,92,79,78,69,67,63,58,57,54,51,46,43,41,39,35,30,25,18,13,11,7,5,2,1,0,0,0,0,0,0,0,0,0,0,0,0,0,0,0,0,0,0
SPKu_WEL_SB>HARu_WEL_SB@WEL,LO Lioness,SB,12,717,SPKu,Stonebridge Park,596,HARu,Harlesden,"9,756","1,425","3,239","2,635","1,591",709,156,34,56,111,174,227,242,288,293,230,318,269,331,271,380,286,323,230,261,181,158,141,125,120,116,111,108,108,99,93,101,103,101,102,100,97,94,93,94,99,103,119,129,139,142,143,147,119,162,137,164,128,170,98,134,77,111,82,93,68,82,58,57,54,49,44,42,41,39,37,31,26,19,14,11,8,5,2,1,0,0,0,0,0,0,0,0,0,0,0,0,0,0,0,0,0,0
HARu_WEL_SB>WJNu_WEL_SB@WEL,LO Lioness,SB,13,596,HARu,Harlesden,766,WJNu,Willesden Junction,"10,257","1,122","3,532","2,815","1,849",742,198,0,36,55,106,169,224,239,293,307,307,336,360,349,344,334,298,262,238,210,186,163,147,131,127,124,118,114,114,105,98,106,108,106,107,106,101,99,98,100,108,114,129,139,151,151,153,161,179,178,183,183,171,141,131,116,102,89,87,77,71,66,61,59,55,50,45,42,40,39,36,32,27,20,15,12,8,5,2,1,0,0,0,0,0,0,0,0,0,0,0,0,0,0,0,0,0
WJNu_WEL_SB>KGNu_WEL_SB@WEL,LO Lioness,SB,14,766,WJNu,Willesden Junction,617,KGNu,Kensal Green,"9,117","1,010","2,999","2,608","1,655",660,185,0,35,51,97,151,205,215,257,267,270,283,308,304,302,288,261,216,187,162,150,131,128,125,118,108,106,103,102,97,100,102,104,103,104,99,102,99,99,102,104,107,117,122,125,127,132,140,155,159,164,163,153,132,123,110,97,82,76,66,62,56,54,54,50,44,41,39,37,36,35,30,25,19,14,11,8,5,2,1,0,0,0,0,0,0,0,0,0,0,0,0,0,0,0,0,0
KGNu_WEL_SB>QPKu_WEL_SB@WEL,LO Lioness,SB,15,617,KGNu,Kensal Green,680,QPKu,Queen's Park,"9,742","1,059","3,300","2,794","1,720",680,189,0,35,52,100,158,214,228,273,284,292,309,340,340,341,323,292,239,203,175,162,141,137,135,128,118,116,113,111,105,108,109,112,110,112,107,109,106,105,109,111,113,123,127,130,132,136,145,160,163,170,170,160,138,129,115,102,86,80,70,64,58,55,55,50,44,41,39,37,37,35,30,26,19,15,11,8,5,2,1,0,0,0,0,0,0,0,0,0,0,0,0,0,0,0,0,0
QPKu_WEL_SB>KBNr_WEL_SB@WEL,LO Lioness,SB,16,680,QPKu,Queen's Park,1415,KBNr,Kilburn High Road,"8,139",945,"2,897","2,311","1,320",504,163,0,38,55,85,138,196,199,234,254,255,260,293,304,309,296,265,214,170,143,133,122,118,118,113,104,101,98,96,89,90,92,94,93,94,89,87,84,82,83,84,88,93,97,100,103,103,108,116,119,122,126,124,112,106,98,84,72,66,55,46,41,38,36,35,31,30,28,26,27,27,25,24,19,15,12,7,4,2,1,0,0,0,0,0,0,0,0,0,0,0,0,0,0,0,0,0
KBNr_WEL_SB>SOHr_WEL_SB@WEL,LO Lioness,SB,17,1415,KBNr,Kilburn High Road,1451,SOHr,South Hampstead,"8,519",927,"2,907","2,503","1,445",557,179,0,38,55,81,134,193,195,232,256,257,260,293,303,307,294,265,214,171,148,139,127,124,126,120,112,108,106,103,96,96,99,102,102,103,98,96,92,90,92,93,97,103,107,110,114,115,120,128,131,133,138,133,121,114,107,92,79,73,61,51,45,42,40,38,34,33,31,29,30,30,28,26,21,17,13,8,5,2,1,0,0,0,0,0,0,0,0,0,0,0,0,0,0,0,0,0
SOHr_WEL_SB>EUSr_WEL_SB@WEL,LO Lioness,SB,18,1451,SOHr,South Hampstead,1444,EUSr,Euston NR,"8,701",908,"2,842","2,640","1,483",644,185,0,38,53,79,131,189,192,227,249,198,249,208,293,245,339,262,285,170,202,141,132,129,132,125,116,113,111,108,101,101,104,107,107,108,104,103,98,95,97,99,103,110,116,120,124,124,129,106,139,114,146,117,160,101,140,83,109,77,85,55,63,44,42,39,34,33,31,30,30,30,28,26,22,17,13,9,5,2,1,0,0,0,0,0,0,0,0,0,0,0,0,0,0,0,0,0
LSTr_WAGc_DN>BETr_WAG_DN@WAG,LO Weaver,NB,1,6965,LSTr,Liverpool Street NR (Chingford),6961,BETr,Bethnal Green LO,"13,664",70,769,"2,813","6,280","2,707","1,025",0,0,2,2,8,13,19,27,39,50,60,71,78,77,76,73,67,62,60,55,53,53,53,58,60,64,69,75,78,86,91,96,110,111,114,125,132,140,151,168,190,212,244,277,322,358,418,490,601,632,636,644,628,549,514,487,428,349,295,256,223,197,183,171,159,156,149,141,138,134,127,117,108,92,79,66,54,41,31,19,11,5,2,0,0,0,0,0,0,0,0,0,0,0,0,0
LSTr_WAGe_DN>BETr_WAG_DN@WAG,LO Weaver,NB,1,6965,LSTr,Liverpool Street NR,6961,BETr,Bethnal Green LO,"14,478",145,"1,427","3,366","6,082","2,540",917,0,2,5,9,16,28,35,49,66,87,104,114,149,151,150,144,147,115,107,95,87,81,78,82,85,87,93,94,103,109,114,115,129,132,139,148,160,165,173,187,206,225,245,328,325,402,406,517,480,629,588,681,589,569,450,446,334,300,284,245,202,194,185,168,168,157,155,147,144,133,128,114,108,88,76,54,38,21,12,0,0,0,0,0,0,0,0,0,0,0,0,0,0,0,0,0
BETr_WAG_DN>CBHr_WAG_DN@WAG,LO Weaver,NB,2,6961,BETr,Bethnal Green LO,6962,CBHr,Cambridge Heath,"15,405",176,"1,592","3,595","6,404","2,686",952,0,2,6,11,20,33,43,60,79,102,122,132,168,168,165,157,158,124,114,101,93,87,83,87,92,94,100,103,112,119,124,125,139,141,149,157,169,174,183,197,219,240,263,347,348,429,434,547,512,661,615,710,615,593,473,468,353,317,300,260,214,205,197,179,178,166,164,153,150,139,134,119,112,91,79,56,39,22,12,0,0,0,0,0,0,0,0,0,0,0,0,0,0,0,0,0
BETr_WAG_DN>HACr_WAGc_DN@WAG,LO Weaver,NB,2,6961,BETr,Bethnal Green LO,6867,HACr,Hackney Downs (Chingford Branch),"14,524",83,886,"3,032","6,635","2,834","1,056",0,0,2,2,8,15,23,33,48,62,71,84,91,89,87,84,76,69,66,60,59,59,58,65,67,71,76,82,85,94,100,104,118,119,122,132,140,148,161,179,203,228,263,299,346,383,447,522,636,667,673,678,660,576,538,508,447,366,310,270,235,207,192,179,166,162,154,145,142,138,132,121,112,95,81,67,55,42,32,20,11,5,2,0,0,0,0,0,0,0,0,0,0,0,0,0
CBHr_WAG_DN>LOFr_WAG_DN@WAG,LO Weaver,NB,3,6962,CBHr,Cambridge Heath,6966,LOFr,London Fields,"16,075",199,"1,688","3,782","6,671","2,773",962,0,3,7,13,22,38,50,66,89,114,135,146,182,182,175,163,162,124,114,101,94,89,88,93,99,101,107,109,119,124,130,131,145,148,155,164,177,182,191,206,231,253,280,366,369,452,459,573,540,689,642,734,636,609,487,481,364,326,309,267,221,212,204,186,184,172,170,158,154,143,135,119,112,91,78,56,39,22,12,0,0,0,0,0,0,0,0,0,0,0,0,0,0,0,0,0
LOFr_WAG_DN>HACr_WAGc_DN@WAG,LO Weaver,NB,4,6966,LOFr,London Fields,6867,HACr,Hackney Downs (Chingford Branch),0,0,0,0,0,0,0,0,0,0,0,0,0,0,0,0,0,0,0,0,0,0,0,0,0,0,0,0,0,0,0,0,0,0,0,0,0,0,0,0,0,0,0,0,0,0,0,0,0,0,0,0,0,0,0,0,0,0,0,0,0,0,0,0,0,0,0,0,0,0,0,0,0,0,0,0,0,0,0,0,0,0,0,0,0,0,0,0,0,0,0,0,0,0,0,0,0,0,0,0,0,0,0
LOFr_WAG_DN>HACr_WAGe_DN@WAG,LO Weaver,NB,4,6966,LOFr,London Fields,6867,HACr,Hackney Downs (Enfield / Chesthunt),"15,947",220,"1,846","3,822","6,458","2,672",929,0,3,9,14,25,41,55,73,102,130,158,177,185,211,198,176,163,147,105,95,93,91,92,99,103,105,112,115,123,128,134,132,145,147,155,161,175,179,190,206,230,255,287,367,370,451,460,564,532,666,619,700,606,574,463,454,344,306,297,257,215,206,199,179,180,169,165,154,151,139,131,117,108,88,74,53,37,20,12,0,0,0,0,0,0,0,0,0,0,0,0,0,0,0,0,0
HACr_WAGc_DN>CPTr_WAG_DN@WAG,LO Weaver,NB,5,6867,HACr,Hackney Downs,6926,CPTr,Clapton,"14,917",92,"1,013","3,118","6,802","2,865","1,026",0,0,2,2,8,16,25,37,54,71,84,101,108,107,101,96,83,74,70,65,62,63,62,69,70,76,79,86,88,97,101,106,119,121,123,135,143,152,163,183,207,234,269,310,360,398,465,540,655,685,691,691,674,582,545,516,455,374,320,278,238,209,192,179,164,161,152,143,140,136,128,119,109,94,79,65,52,40,28,18,10,5,2,0,0,0,0,0,0,0,0,0,0,0,0,0
CPTr_WAG_DN>SJSr_WAG_DN@WAG,LO Weaver,NB,6,6926,CPTr,Clapton,6973,SJSr,St James Street,"13,618",107,"1,073","2,869","6,210","2,494",865,0,0,3,3,10,19,30,42,60,80,72,116,100,119,109,121,79,91,66,60,58,58,59,65,68,74,77,83,85,92,96,99,110,112,113,122,128,137,146,164,185,212,244,283,330,369,434,504,604,631,636,629,608,523,487,456,400,327,282,242,207,183,167,155,141,138,131,121,116,115,108,100,92,81,67,55,43,34,24,15,9,5,2,0,0,0,0,0,0,0,0,0,0,0,0,0
SJSr_WAG_DN>WALu_WAG_DN@WAG,LO Weaver,NB,7,6973,SJSr,St James Street,742,WALu,Walthamstow Central,"12,138",67,"1,063","2,353","5,349","2,454",853,0,0,0,4,4,11,19,30,42,61,84,103,122,126,122,109,93,76,66,61,53,52,52,52,58,60,66,68,74,75,82,86,89,98,100,101,108,112,121,129,145,166,190,217,252,294,329,390,451,537,560,561,552,534,460,430,402,353,286,246,209,177,156,142,132,120,118,112,104,100,99,93,86,79,70,58,47,38,30,22,14,8,4,2,0,0,0,0,0,0,0,0,0,0,0,0
WALu_WAG_DN>WSTr_WAG_DN@WAG,LO Weaver,NB,8,742,WALu,Walthamstow Central,6954,WSTr,Wood Street,"10,850",52,"1,030","2,137","4,912","2,096",623,0,0,0,2,2,9,15,24,38,58,83,106,126,131,123,104,86,67,56,52,47,46,45,46,51,55,59,62,65,66,72,75,80,91,94,96,102,104,111,118,131,151,174,196,234,274,310,355,403,460,490,500,513,507,455,410,370,308,246,209,177,148,132,118,109,98,94,88,84,79,77,73,66,58,50,40,31,24,17,11,7,4,2,1,0,0,0,0,0,0,0,0,0,0,0,0
WSTr_WAG_DN>HIPr_WAG_DN@WAG,LO Weaver,NB,9,6954,WSTr,Wood Street,6919,HIPr,Highams Park,"8,080",34,648,"1,597","3,828","1,546",427,0,0,0,2,2,6,9,16,23,36,53,67,78,81,76,62,53,44,38,37,34,34,33,34,37,40,44,46,49,49,54,57,59,68,71,72,77,77,84,88,98,113,131,148,179,213,243,279,318,363,386,392,400,393,349,312,281,232,184,157,133,109,96,85,76,68,65,61,57,53,52,50,45,40,35,28,22,17,12,7,5,3,1,0,0,0,0,0,0,0,0,0,0,0,0,0
HIPr_WAG_DN>CHIr_WAG_DN@WAG,LO Weaver,NB,10,6919,HIPr,Highams Park,6914,CHIr,Chingford,"4,124",16,312,867,"1,935",786,207,0,0,0,1,1,3,4,7,11,18,25,32,37,38,35,30,26,22,19,19,18,18,18,19,21,23,25,27,28,26,28,30,32,40,42,41,45,44,44,46,51,58,67,75,91,107,124,141,162,184,195,194,204,196,179,160,145,118,95,78,68,54,48,44,38,34,33,31,29,27,25,24,21,19,17,14,11,8,6,3,2,1,1,0,0,0,0,0,0,0,0,0,0,0,0,0
HACr_WAGe_DN>RECr_WAG_DN@WAG,LO Weaver,NB,11,6867,HACr,Hackney Downs,6967,RECr,Rectory Road,"16,186",171,"2,004","3,828","6,476","2,781",926,0,3,4,8,14,34,40,68,82,130,150,206,213,250,226,212,171,151,113,100,92,90,90,96,100,102,107,111,122,128,136,136,148,151,158,164,179,185,195,211,237,265,295,328,385,403,472,505,599,596,684,632,677,566,539,418,409,306,297,256,252,209,201,183,182,169,164,153,149,138,130,117,109,89,74,54,36,20,11,0,0,0,0,0,0,0,0,0,0,0,0,0,0,0,0,0
RECr_WAG_DN>SKWr_WAG_DN@WAG,LO Weaver,NB,12,6967,RECr,Rectory Road,6934,SKWr,Stoke Newington,"15,791",202,"2,207","3,764","6,208","2,560",849,0,4,6,10,18,39,46,79,97,150,175,237,240,276,249,227,180,158,117,101,95,93,94,99,103,104,108,113,122,128,135,134,144,145,153,159,173,179,190,204,229,258,287,317,376,394,460,490,585,574,656,604,645,530,506,390,378,278,273,236,231,193,186,169,168,156,151,140,137,127,119,108,101,81,68,49,33,18,10,0,0,0,0,0,0,0,0,0,0,0,0,0,0,0,0,0
SKWr_WAG_DN>SMHr_WAG_DN@WAG,LO Weaver,NB,13,6934,SKWr,Stoke Newington,6968,SMHr,Stamford Hill,"15,815",224,"2,373","3,819","6,116","2,464",818,0,4,7,11,20,43,50,88,109,166,195,263,263,298,270,244,164,168,127,106,100,122,99,104,109,109,113,116,124,128,135,134,144,145,153,160,173,179,191,205,228,256,282,310,370,387,457,487,582,567,650,592,636,517,494,377,364,265,263,228,222,187,180,162,161,150,146,135,132,121,115,105,98,79,65,46,31,17,9,0,0,0,0,0,0,0,0,0,0,0,0,0,0,0,0,0
SMHr_WAG_DN>SVSu_WAG_DN@WAG,LO Weaver,NB,14,6968,SMHr,Stamford Hill,698,SVSu,Seven Sisters,"15,674",224,"2,288","3,609","6,053","2,579",920,0,0,5,13,22,35,57,93,109,167,206,217,220,261,228,215,207,190,141,127,106,102,99,102,104,109,107,111,114,122,126,134,132,141,143,152,158,174,182,195,211,235,261,287,368,367,450,456,560,522,637,578,644,550,509,413,401,297,259,257,222,186,182,175,158,157,145,140,130,126,116,112,102,102,76,63,44,30,9,9,0,0,0,0,0,0,0,0,0,0,0,0,0,0,0,0
SVSu_WAG_DN>BCVr_WAG_DN@WAG,LO Weaver,NB,15,698,SVSu,Seven Sisters,6958,BCVr,Bruce Grove,"24,922",279,"3,591","5,455","9,958","4,238","1,402",0,0,3,15,24,49,78,110,155,205,254,335,365,429,421,400,330,304,207,184,158,149,136,141,144,150,148,159,164,178,185,198,203,222,224,243,255,274,284,307,327,360,400,447,584,602,744,766,923,863,"1,026",947,"1,047",907,849,699,663,496,434,419,365,306,302,287,258,251,235,223,210,205,189,176,157,140,109,86,60,40,19,10,0,0,0,0,0,0,0,0,0,0,0,0,0,0,0,0
BCVr_WAG_DN>WHLr_WAG_DN@WAG,LO Weaver,NB,16,6958,BCVr,Bruce Grove,6956,WHLr,White Hart Lane,"23,510",279,"3,555","5,179","9,301","3,924","1,271",0,0,3,16,25,49,76,109,154,204,253,339,367,429,420,396,321,296,199,177,153,145,132,137,138,144,141,153,157,171,176,190,193,211,214,232,242,260,269,289,307,337,373,416,544,560,695,718,866,809,960,884,976,847,790,652,617,458,399,389,338,284,282,269,240,231,215,202,188,184,171,160,142,127,99,80,55,37,19,10,0,0,0,0,0,0,0,0,0,0,0,0,0,0,0,0
WHLr_WAG_DN>SLVr_WAG_DN@WAG,LO Weaver,NB,17,6956,WHLr,White Hart Lane,6972,SLVr,Silver Street,"21,349",239,"3,062","4,738","8,553","3,600","1,157",0,0,2,13,20,42,65,97,139,185,230,310,330,376,362,333,258,238,157,143,128,126,116,122,122,127,125,137,141,156,160,175,179,196,197,215,224,240,249,269,285,314,350,386,506,516,642,660,795,739,882,811,896,780,727,601,569,422,367,360,311,259,257,245,217,211,197,185,172,169,156,146,128,115,89,72,50,34,16,9,0,0,0,0,0,0,0,0,0,0,0,0,0,0,0,0
SLVr_WAG_DN>EDRr_WAG_DN@WAG,LO Weaver,NB,18,6972,SLVr,Silver Street,6941,EDRr,Edmonton Green,"17,897",132,"2,630","4,061","7,054","3,073",947,0,0,2,3,12,17,46,53,105,119,188,226,312,308,348,305,257,189,157,116,105,108,99,105,102,108,105,117,120,135,137,150,153,168,168,185,192,207,215,236,247,273,302,324,428,431,448,549,667,611,640,759,672,651,604,593,439,423,303,302,262,253,214,204,180,175,163,155,144,141,129,121,105,94,72,58,39,27,13,7,0,0,0,0,0,0,0,0,0,0,0,0,0,0,0,0
EDRr_WAG_DN>BHKr_WAG_DN@WAG,LO Weaver,NB,19,6941,EDRr,Edmonton Green,6913,BHKr,Bush Hill Park,"7,270",28,"1,182","1,569","2,939","1,205",347,0,0,0,0,0,3,9,15,36,55,76,91,131,146,150,148,126,100,64,59,37,54,35,51,33,53,35,57,41,67,47,72,51,80,54,86,61,95,65,104,72,116,83,120,130,162,173,229,244,260,290,302,310,325,259,254,187,173,106,146,92,115,64,89,48,70,47,67,43,61,39,52,31,41,22,25,13,13,3,3,0,0,0,0,0,0,0,0,0,0,0,0,0,0,0,0
BHKr_WAG_DN>ENFr_WAG_DN@WAG,LO Weaver,NB,20,6913,BHKr,Bush Hill Park,6959,ENFr,Enfield Town,"3,512",16,677,822,"1,319",534,145,0,0,0,0,0,2,5,8,16,25,37,49,74,88,94,94,78,50,38,34,21,30,30,30,20,32,22,33,23,36,24,36,25,39,27,42,30,47,33,53,37,56,39,57,61,77,84,110,119,120,132,132,131,137,110,105,79,75,44,62,40,52,30,42,24,33,22,30,18,24,15,21,13,17,10,12,6,6,2,2,0,0,0,0,0,0,0,0,0,0,0,0,0,0,0,0
EDRr_WAG_DN>SBUr_WAG_DN@WAG,LO Weaver,NB,21,6941,EDRr,Edmonton Green,6947,SBUr,Southbury,"5,302",83,972,"1,236","1,884",864,263,0,0,2,2,11,11,30,28,56,47,94,109,139,111,138,91,70,40,51,25,37,23,35,24,37,25,39,27,42,29,46,32,54,39,62,45,74,52,83,59,96,67,120,90,90,120,120,141,141,220,153,225,150,205,159,159,121,121,93,61,86,53,75,47,68,43,59,37,52,31,43,27,35,20,24,12,12,4,4,0,0,0,0,0,0,0,0,0,0,0,0,0,0,0,0,0
SBUr_WAG_DN>TURr_WAG_DN@WAG,LO Weaver,NB,22,6947,SBUr,Southbury,6952,TURr,Turkey Street,"3,548",56,612,798,"1,290",612,180,0,0,1,1,7,7,21,20,40,35,67,74,74,68,84,52,37,37,29,13,19,12,19,13,21,15,24,17,26,18,29,20,35,25,40,29,49,35,56,41,67,47,82,61,61,81,81,99,99,153,107,158,104,144,90,113,86,86,65,65,58,35,50,31,45,28,39,25,35,21,29,19,24,14,17,8,8,3,3,0,0,0,0,0,0,0,0,0,0,0,0,0,0,0,0,0
TURr_WAG_DN>TEOr_WAG_DN@WAG,LO Weaver,NB,23,6952,TURr,Turkey Street,6949,TEOr,Theobalds Grove,"1,921",67,357,413,711,290,84,0,0,0,1,10,10,23,23,38,29,45,31,43,34,43,27,27,19,12,9,9,12,9,13,8,13,9,14,10,15,10,16,11,18,13,20,14,25,17,29,22,36,25,46,35,58,45,73,51,77,54,81,53,74,48,62,34,46,25,35,22,29,18,23,13,18,11,15,9,14,8,12,8,10,6,7,3,3,1,1,0,0,0,0,0,0,0,0,0,0,0,0,0,0,0,0
TEOr_WAG_DN>CHNr_WAG_DN@WAG,LO Weaver,NB,24,6949,TEOr,Theobalds Grove,6814,CHNr,Cheshunt,841,66,181,208,230,121,35,0,0,0,4,12,12,19,19,20,12,19,12,20,18,23,17,17,11,8,6,6,9,6,9,5,8,5,8,6,8,5,8,5,9,6,9,6,11,7,13,11,16,11,19,14,19,14,23,15,23,17,26,18,24,16,22,12,17,10,15,10,13,8,11,6,8,4,6,4,6,4,5,3,4,2,3,1,1,0,0,0,0,0,0,0,0,0,0,0,0,0,0,0,0,0,0
CHNr_WAG_UP>TEOr_WAG_UP@WAG,LO Weaver,SB,1,6814,CHNr,Cheshunt,6949,TEOr,Theobalds Grove,806,88,255,191,187,73,12,3,3,7,7,12,17,17,23,23,24,19,26,25,25,26,26,23,14,18,7,11,7,11,7,10,6,9,6,8,6,9,6,8,6,8,5,9,6,10,7,10,7,11,7,13,10,16,12,19,13,23,17,22,14,18,8,13,9,11,7,9,4,5,3,5,2,3,2,3,2,2,1,2,1,1,0,0,0,0,0,0,0,0,0,0,0,0,0,0,0,0,0,0,0,0,0
TEOr_WAG_UP>TURr_WAG_UP@WAG,LO Weaver,SB,2,6949,TEOr,Theobalds Grove,6952,TURr,Turkey Street,"1,995",282,807,452,331,104,19,9,9,23,23,31,55,55,77,77,100,76,102,67,87,66,66,52,52,40,21,29,17,25,16,24,16,23,15,22,14,22,14,21,14,20,12,20,13,20,14,23,16,25,19,30,21,35,25,39,28,38,25,33,18,25,14,19,11,15,8,11,6,9,5,7,4,6,3,5,3,3,2,3,1,1,1,1,0,0,0,0,0,0,0,0,0,0,0,0,0,0,0,0,0,0,0
TURr_WAG_UP>SBUr_WAG_UP@WAG,LO Weaver,SB,3,6952,TURr,Turkey Street,6947,SBUr,Southbury,"3,804",514,"1,446","1,000",640,171,34,15,15,42,42,58,101,101,138,138,178,134,185,122,154,117,117,91,91,76,42,59,34,50,33,51,34,49,33,48,31,46,30,43,28,40,25,40,27,43,30,61,46,68,53,78,48,77,55,78,52,69,39,52,29,39,23,30,17,23,12,17,11,15,9,13,8,10,5,8,5,6,4,5,2,2,1,1,0,0,0,0,0,0,0,0,0,0,0,0,0,0,0,0,0,0,0
SBUr_WAG_UP>EDRr_WAG_UP@WAG,LO Weaver,SB,4,6947,SBUr,Southbury,6941,EDRr,Edmonton Green,"5,424",553,"2,081","1,453",983,293,59,19,19,56,56,80,80,140,103,189,145,241,181,246,202,202,154,187,122,106,106,81,48,71,47,71,48,71,48,70,46,68,44,63,41,59,37,59,40,65,46,86,65,102,77,118,78,125,88,88,78,104,57,76,76,61,35,48,29,41,24,32,19,27,15,20,12,17,10,13,9,11,7,8,4,4,1,1,0,0,0,0,0,0,0,0,0,0,0,0,0,0,0,0,0,0,0
ENFr_WAG_UP>BHKr_WAG_UP@WAG,LO Weaver,SB,5,6959,ENFr,Enfield Town,6913,BHKr,Bush Hill Park,"3,713",367,"1,399","1,038",691,187,31,0,15,15,35,49,69,77,106,117,141,153,162,152,144,129,117,85,84,61,54,35,51,33,50,33,50,33,50,34,48,31,45,28,43,29,44,31,49,34,60,44,67,48,67,41,59,57,72,68,80,72,60,54,48,43,37,29,26,18,19,14,19,12,16,8,11,7,10,7,8,5,5,2,2,1,1,0,0,0,0,0,0,0,0,0,0,0,0,0,0,0,0,0,0,0,0
BHKr_WAG_UP>EDRr_WAG_UP@WAG,LO Weaver,SB,6,6913,BHKr,Bush Hill Park,6941,EDRr,Edmonton Green,"6,949",701,"2,857","1,914","1,150",283,44,0,26,26,63,95,132,151,208,237,281,315,334,315,299,267,231,168,172,123,116,80,115,73,109,72,106,71,102,65,95,60,86,55,80,51,77,51,79,54,89,63,101,73,107,72,101,92,117,106,127,118,105,93,84,73,62,44,42,29,29,21,27,17,22,11,16,10,15,10,12,7,7,3,3,1,1,0,0,0,0,0,0,0,0,0,0,0,0,0,0,0,0,0,0,0,0
EDRr_WAG_UP>SLVr_WAG_UP@WAG,LO Weaver,SB,7,6941,EDRr,Edmonton Green,6972,SLVr,Silver Street,"17,792","1,773","7,177","4,932","2,856",906,147,29,77,140,202,230,295,395,405,536,573,737,695,791,709,682,588,589,478,407,391,294,234,215,220,206,216,205,209,196,201,188,190,176,177,167,169,161,170,171,196,221,239,251,260,261,248,238,284,275,279,256,278,199,207,161,170,129,127,100,99,78,73,69,59,52,46,40,36,34,29,26,21,15,10,7,4,2,1,0,0,0,0,0,0,0,0,0,0,0,0,0,0,0,0,0,0
SLVr_WAG_UP>WHLr_WAG_UP@WAG,LO Weaver,SB,8,6972,SLVr,Silver Street,6956,WHLr,White Hart Lane,"21,391","2,268","8,188","5,676","3,851","1,176",231,35,35,95,255,339,380,550,580,644,667,855,816,919,827,799,694,627,501,435,405,307,286,275,258,261,243,253,241,242,229,235,222,222,207,206,197,197,187,196,199,218,244,264,285,302,377,371,426,410,425,327,334,248,249,200,184,135,134,105,108,125,107,101,100,84,56,65,56,46,42,36,32,26,20,13,9,4,3,0,0,0,0,0,0,0,0,0,0,0,0,0,0,0,0,0,0
WHLr_WAG_UP>BCVr_WAG_UP@WAG,LO Weaver,SB,9,6956,WHLr,White Hart Lane,6958,BCVr,Bruce Grove,"23,841","2,502","8,912","6,281","4,463","1,424",259,38,38,105,284,379,420,603,636,701,726,929,891,999,896,864,753,681,548,478,447,340,316,301,282,283,263,273,261,261,249,256,243,244,229,227,218,217,209,218,223,244,281,308,337,358,381,375,451,431,469,421,430,325,323,244,256,191,178,146,148,119,117,111,109,91,80,71,62,51,47,41,36,29,23,14,10,5,3,0,0,0,0,0,0,0,0,0,0,0,0,0,0,0,0,0,0
BCVr_WAG_UP>SVSu_WAG_UP@WAG,LO Weaver,SB,10,6958,BCVr,Bruce Grove,698,SVSu,Seven Sisters,"25,704","2,530","9,807","6,762","4,758","1,555",292,42,42,115,212,306,461,657,696,859,897,"1,001",961,"1,067",888,926,810,732,592,591,483,371,346,331,308,308,285,293,279,280,268,275,263,263,248,246,237,236,227,235,237,259,293,321,354,378,402,404,479,462,498,450,456,351,342,264,273,208,192,161,161,130,127,122,118,100,89,80,67,59,54,47,41,34,24,15,10,5,3,0,0,0,0,0,0,0,0,0,0,0,0,0,0,0,0,0,0
SVSu_WAG_UP>SMHr_WAG_UP@WAG,LO Weaver,SB,11,698,SVSu,Seven Sisters,6968,SMHr,Stamford Hill,"15,467","1,705","5,710","3,903","2,867","1,058",224,56,56,109,164,231,281,396,411,489,493,559,540,597,522,550,490,453,365,356,295,223,192,188,171,167,156,164,158,161,153,159,150,156,148,151,145,148,139,142,142,150,161,181,199,212,227,234,263,257,280,262,276,235,235,194,193,150,135,111,106,88,84,81,75,66,60,55,47,44,39,34,30,26,19,13,10,5,2,0,0,0,0,0,0,0,0,0,0,0,0,0,0,0,0,0,0
SMHr_WAG_UP>SKWr_WAG_UP@WAG,LO Weaver,SB,12,6968,SMHr,Stamford Hill,6934,SKWr,Stoke Newington,"15,836","1,727","5,740","4,103","2,956","1,085",225,57,57,112,167,234,285,400,415,490,497,557,537,590,518,547,494,460,376,367,305,233,201,196,179,174,160,167,164,166,160,166,157,162,156,159,154,157,148,151,154,163,172,194,210,220,234,243,270,265,287,271,283,243,241,201,198,155,139,116,109,89,85,83,77,67,61,55,47,44,39,35,31,27,19,14,10,5,2,0,0,0,0,0,0,0,0,0,0,0,0,0,0,0,0,0,0
SKWr_WAG_UP>RECr_WAG_UP@WAG,LO Weaver,SB,13,6934,SKWr,Stoke Newington,6967,RECr,Rectory Road,"16,175","1,715","5,928","4,295","2,918","1,094",225,57,57,114,171,239,293,356,428,440,505,488,602,552,594,569,540,485,446,387,320,300,208,205,187,182,167,176,172,173,165,171,163,168,162,167,162,162,152,155,157,165,172,194,211,220,234,248,272,268,261,275,282,241,219,223,176,148,133,128,106,101,84,83,77,68,61,56,48,45,40,36,31,26,18,13,9,5,2,0,0,0,0,0,0,0,0,0,0,0,0,0,0,0,0,0,0
RECr_WAG_UP>HACr_WAGe_UP@WAG,LO Weaver,SB,14,6967,RECr,Rectory Road,6867,HACr,Hackney Downs,"16,883","1,722","6,482","4,543","2,842","1,083",210,58,58,116,174,246,252,370,448,464,539,576,647,600,644,619,594,534,489,426,349,322,226,223,203,197,181,189,184,185,175,181,173,175,169,175,170,168,160,163,164,172,177,198,212,220,232,248,238,268,259,271,251,266,209,213,167,166,127,125,103,99,81,80,74,66,59,56,47,44,38,34,29,24,16,12,8,4,1,0,0,0,0,0,0,0,0,0,0,0,0,0,0,0,0,0,0
CHIr_WAG_UP>HIPr_WAG_UP@WAG,LO Weaver,SB,15,6914,CHIr,Chingford,6919,HIPr,Highams Park,"3,757",463,"1,726",951,464,130,24,10,19,30,46,58,78,99,123,153,190,210,215,205,180,150,115,95,83,72,59,56,49,47,44,42,43,44,40,39,40,39,37,36,36,35,34,32,34,34,34,34,38,40,42,43,46,46,46,46,44,43,39,35,29,25,22,19,16,15,14,11,9,9,7,7,8,7,6,6,5,4,3,3,2,1,0,0,0,0,0,0,0,0,0,0,0,0,0,0,0,0,0,0,0,0,0
HIPr_WAG_UP>WSTr_WAG_UP@WAG,LO Weaver,SB,16,6919,HIPr,Highams Park,6954,WSTr,Wood Street,"7,753",797,"3,862","1,870",933,246,45,23,43,74,69,101,128,161,200,278,342,411,454,449,415,354,298,259,222,202,177,143,100,90,84,78,75,77,74,72,75,74,72,70,69,66,64,63,63,64,70,74,78,84,87,84,86,91,91,92,91,90,80,72,61,53,44,37,31,29,26,21,18,18,14,14,14,13,12,11,10,7,7,5,3,2,1,0,0,0,0,0,0,0,0,0,0,0,0,0,0,0,0,0,0,0,0
WSTr_WAG_UP>WALu_WAG_UP@WAG,LO Weaver,SB,17,6954,WSTr,Wood Street,742,WALu,Walthamstow Central,"10,541","1,050","4,870","2,588","1,563",393,78,17,31,57,97,142,181,232,294,354,429,515,574,572,542,476,404,312,262,230,200,162,153,137,124,116,109,106,108,104,101,105,104,101,98,96,92,89,86,87,89,95,99,107,119,142,143,149,159,155,140,137,136,121,109,93,80,64,54,44,40,35,28,25,25,21,19,20,18,16,14,13,11,9,6,5,3,1,0,0,0,0,0,0,0,0,0,0,0,0,0,0,0,0,0,0,0
WALu_WAG_UP>SJSr_WAG_UP@WAG,LO Weaver,SB,18,742,WALu,Walthamstow Central,6973,SJSr,St James Street,"11,179","1,558","4,922","2,581","1,521",479,119,69,98,133,191,220,236,284,328,352,405,484,531,559,555,501,438,355,280,243,219,174,159,146,128,115,109,105,106,104,100,101,103,103,97,96,93,88,85,87,90,93,94,98,109,119,122,131,137,135,133,137,138,134,126,111,96,81,66,53,47,39,33,28,26,26,27,27,27,27,23,20,17,13,9,6,3,1,0,0,0,0,0,0,0,0,0,0,0,0,0,0,0,0,0,0,0
SJSr_WAG_UP>CPTr_WAG_UP@WAG,LO Weaver,SB,19,6973,SJSr,St James Street,6926,CPTr,Clapton,"12,520","1,706","5,558","2,923","1,686",527,120,72,104,144,208,241,261,313,363,394,455,545,601,629,626,568,497,404,321,275,244,196,177,163,144,130,123,118,120,117,114,115,118,117,111,109,106,100,97,99,102,105,106,111,123,131,137,146,155,152,151,155,153,147,137,121,103,87,71,60,51,43,36,31,30,29,30,30,30,28,24,21,16,12,8,5,3,1,0,0,0,0,0,0,0,0,0,0,0,0,0,0,0,0,0,0,0
CPTr_WAG_UP>HACr_WAGc_UP@WAG,LO Weaver,SB,20,6926,CPTr,Clapton,6867,HACr,Hackney Downs,"13,799","1,578","6,331","3,385","1,851",541,112,77,111,154,223,188,283,248,294,324,425,427,591,650,680,761,710,595,486,410,273,221,203,190,169,153,145,141,143,139,135,137,139,136,130,128,123,115,112,113,116,117,118,125,137,146,155,166,173,173,172,172,168,156,141,125,105,88,73,64,54,46,38,33,29,28,29,30,29,28,23,19,14,11,7,5,3,1,0,0,0,0,0,0,0,0,0,0,0,0,0,0,0,0,0,0,0
HACr_WAGc_UP>LOFr_WAG_UP@WAG,LO Weaver,SB,21,6867,HACr,Hackney Downs (Chingford Branch),6966,LOFr,London Fields,0,0,0,0,0,0,0,0,0,0,0,0,0,0,0,0,0,0,0,0,0,0,0,0,0,0,0,0,0,0,0,0,0,0,0,0,0,0,0,0,0,0,0,0,0,0,0,0,0,0,0,0,0,0,0,0,0,0,0,0,0,0,0,0,0,0,0,0,0,0,0,0,0,0,0,0,0,0,0,0,0,0,0,0,0,0,0,0,0,0,0,0,0,0,0,0,0,0,0,0,0,0,0
HACr_WAGe_UP>LOFr_WAG_UP@WAG,LO Weaver,SB,21,6867,HACr,Hackney Downs (Enfield / Chesthunt),6966,LOFr,London Fields,"12,614","1,325","4,028","3,705","2,498",838,221,0,57,57,113,222,267,267,341,327,301,299,341,319,363,350,348,381,371,328,300,301,202,193,177,169,153,151,145,152,143,144,138,143,135,136,131,138,129,131,128,139,136,144,147,165,162,219,222,256,246,274,218,231,185,180,139,121,87,84,70,68,80,67,64,61,53,39,46,41,36,33,28,25,21,15,10,7,3,0,0,0,0,0,0,0,0,0,0,0,0,0,0,0,0,0,0
HACr_WAGc_UP>BETr_WAG_UP@WAG,LO Weaver,SB,21,6867,HACr,Hackney Downs (Chingford Branch),6966,LOFr,Bethnal Green LO,"15,882","1,685","7,794","3,769","1,860",643,130,80,117,161,234,197,243,289,365,422,546,624,747,826,871,887,804,685,571,451,359,314,260,207,185,169,159,157,156,150,144,148,149,145,140,139,133,125,120,122,125,125,124,132,141,145,152,166,170,172,172,177,172,162,145,112,115,96,82,75,84,51,44,40,35,33,34,35,34,32,27,22,17,13,8,6,3,2,0,0,0,0,0,0,0,0,0,0,0,0,0,0,0,0,0,0,0
LOFr_WAG_UP>CBHr_WAG_UP@WAG,LO Weaver,SB,22,6966,LOFr,London Fields,6962,CBHr,Cambridge Heath,"13,186","1,255","4,591","3,759","2,431",931,219,0,58,58,113,173,227,274,352,342,376,375,389,369,419,409,408,427,408,354,314,306,204,197,183,176,156,153,147,154,142,146,141,145,135,139,133,138,129,132,129,142,138,145,148,165,159,176,190,220,221,247,239,247,210,199,158,150,111,101,84,84,66,65,62,60,52,51,45,42,37,34,28,26,19,14,9,7,3,1,0,0,0,0,0,0,0,0,0,0,0,0,0,0,0,0,0
CBHr_WAG_UP>BETr_WAG_UP@WAG,LO Weaver,SB,23,6962,CBHr,Cambridge Heath,6961,BETr,Bethnal Green LO,"12,708","1,229","4,497","3,587","2,321",878,195,0,58,58,111,170,222,267,342,333,362,363,377,360,410,362,405,422,404,349,349,297,192,185,172,166,148,147,141,146,135,140,135,139,131,134,128,134,124,127,122,135,131,138,140,156,149,166,179,210,211,237,229,239,203,192,151,143,104,95,79,80,62,61,58,56,49,48,43,40,34,31,25,22,15,12,8,5,2,1,0,0,0,0,0,0,0,0,0,0,0,0,0,0,0,0,0
BETr_WAG_UP>LSTr_WAGc_UP@WAG,LO Weaver,SB,24,6961,BETr,Bethnal Green LO,6965,LSTr,Liverpool Street NR (Chingford),"15,047","1,615","7,399","3,545","1,722",619,147,37,80,116,158,230,280,315,399,477,530,598,715,781,836,846,770,658,516,377,295,260,213,201,195,173,160,151,150,149,143,136,139,139,136,130,129,123,116,111,114,119,118,117,124,132,133,138,152,154,154,153,158,151,144,130,123,102,86,72,66,52,46,39,35,31,30,30,31,31,29,24,20,15,11,7,5,3,2,0,0,0,0,0,0,0,0,0,0,0,0,0,0,0,0,0,0
BETr_WAG_UP>LSTr_WAGe_UP@WAG,LO Weaver,SB,24,6961,BETr,Bethnal Green LO,6965,LSTr,Liverpool Street NR,"11,346","1,143","3,949","3,278","2,049",754,173,0,57,57,107,163,209,245,305,293,309,308,324,316,351,316,358,374,358,320,321,274,175,171,159,155,135,137,129,134,122,127,122,127,120,124,117,123,112,115,111,123,117,125,126,140,132,148,159,186,186,209,200,209,178,169,133,126,90,81,67,68,52,52,49,47,42,42,38,36,31,28,22,19,13,10,6,4,2,1,0,0,0,0,0,0,0,0,0,0,0,0,0,0,0,0,0
WMBt_TRM_EB>DDRt_TRM_EB@TRM,London Trams,EB,1,8777,WMBt,Wimbledon Trams,9468,DDRt,Dundonald Road,0,0,0,0,0,0,0,0,0,0,0,0,0,0,0,0,0,0,0,0,0,0,0,0,0,0,0,0,0,0,0,0,0,0,0,0,0,0,0,0,0,0,0,0,0,0,0,0,0,0,0,0,0,0,0,0,0,0,0,0,0,0,0,0,0,0,0,0,0,0,0,0,0,0,0,0,0,0,0,0,0,0,0,0,0,0,0,0,0,0,0,0,0,0,0,0,0,0,0,0,0,0,0
DDRt_TRM_EB>MPKt_TRM_EB@TRM,London Trams,EB,2,9468,DDRt,Dundonald Road,9479,MPKt,Merton Park,0,0,0,0,0,0,0,0,0,0,0,0,0,0,0,0,0,0,0,0,0,0,0,0,0,0,0,0,0,0,0,0,0,0,0,0,0,0,0,0,0,0,0,0,0,0,0,0,0,0,0,0,0,0,0,0,0,0,0,0,0,0,0,0,0,0,0,0,0,0,0,0,0,0,0,0,0,0,0,0,0,0,0,0,0,0,0,0,0,0,0,0,0,0,0,0,0,0,0,0,0,0,0
MPKt_TRM_EB>MRDt_TRM_EB@TRM,London Trams,EB,3,9479,MPKt,Merton Park,9482,MRDt,Morden Road,0,0,0,0,0,0,0,0,0,0,0,0,0,0,0,0,0,0,0,0,0,0,0,0,0,0,0,0,0,0,0,0,0,0,0,0,0,0,0,0,0,0,0,0,0,0,0,0,0,0,0,0,0,0,0,0,0,0,0,0,0,0,0,0,0,0,0,0,0,0,0,0,0,0,0,0,0,0,0,0,0,0,0,0,0,0,0,0,0,0,0,0,0,0,0,0,0,0,0,0,0,0,0
MRDt_TRM_EB>PHLt_TRM_EB@TRM,London Trams,EB,4,9482,MRDt,Morden Road,9485,PHLt,Phipps Bridge,0,0,0,0,0,0,0,0,0,0,0,0,0,0,0,0,0,0,0,0,0,0,0,0,0,0,0,0,0,0,0,0,0,0,0,0,0,0,0,0,0,0,0,0,0,0,0,0,0,0,0,0,0,0,0,0,0,0,0,0,0,0,0,0,0,0,0,0,0,0,0,0,0,0,0,0,0,0,0,0,0,0,0,0,0,0,0,0,0,0,0,0,0,0,0,0,0,0,0,0,0,0,0
PHLt_TRM_EB>BGWt_TRM_EB@TRM,London Trams,EB,5,9485,PHLt,Phipps Bridge,9450,BGWt,Belgrave Walk,0,0,0,0,0,0,0,0,0,0,0,0,0,0,0,0,0,0,0,0,0,0,0,0,0,0,0,0,0,0,0,0,0,0,0,0,0,0,0,0,0,0,0,0,0,0,0,0,0,0,0,0,0,0,0,0,0,0,0,0,0,0,0,0,0,0,0,0,0,0,0,0,0,0,0,0,0,0,0,0,0,0,0,0,0,0,0,0,0,0,0,0,0,0,0,0,0,0,0,0,0,0,0
BGWt_TRM_EB>MTMt_TRM_EB@TRM,London Trams,EB,6,9450,BGWt,Belgrave Walk,9480,MTMt,Mitcham,0,0,0,0,0,0,0,0,0,0,0,0,0,0,0,0,0,0,0,0,0,0,0,0,0,0,0,0,0,0,0,0,0,0,0,0,0,0,0,0,0,0,0,0,0,0,0,0,0,0,0,0,0,0,0,0,0,0,0,0,0,0,0,0,0,0,0,0,0,0,0,0,0,0,0,0,0,0,0,0,0,0,0,0,0,0,0,0,0,0,0,0,0,0,0,0,0,0,0,0,0,0,0
MTMt_TRM_EB>MTJt_TRM_EB@TRM,London Trams,EB,7,9480,MTMt,Mitcham,9481,MTJt,Mitcham Junction,0,0,0,0,0,0,0,0,0,0,0,0,0,0,0,0,0,0,0,0,0,0,0,0,0,0,0,0,0,0,0,0,0,0,0,0,0,0,0,0,0,0,0,0,0,0,0,0,0,0,0,0,0,0,0,0,0,0,0,0,0,0,0,0,0,0,0,0,0,0,0,0,0,0,0,0,0,0,0,0,0,0,0,0,0,0,0,0,0,0,0,0,0,0,0,0,0,0,0,0,0,0,0
MTJt_TRM_EB>BDLt_TRM_EB@TRM,London Trams,EB,8,9481,MTJt,Mitcham Junction,9449,BDLt,Beddington Lane,0,0,0,0,0,0,0,0,0,0,0,0,0,0,0,0,0,0,0,0,0,0,0,0,0,0,0,0,0,0,0,0,0,0,0,0,0,0,0,0,0,0,0,0,0,0,0,0,0,0,0,0,0,0,0,0,0,0,0,0,0,0,0,0,0,0,0,0,0,0,0,0,0,0,0,0,0,0,0,0,0,0,0,0,0,0,0,0,0,0,0,0,0,0,0,0,0,0,0,0,0,0,0
BDLt_TRM_EB>TPLt_TRM_EB@TRM,London Trams,EB,9,9449,BDLt,Beddington Lane,9491,TPLt,Therapia Lane,0,0,0,0,0,0,0,0,0,0,0,0,0,0,0,0,0,0,0,0,0,0,0,0,0,0,0,0,0,0,0,0,0,0,0,0,0,0,0,0,0,0,0,0,0,0,0,0,0,0,0,0,0,0,0,0,0,0,0,0,0,0,0,0,0,0,0,0,0,0,0,0,0,0,0,0,0,0,0,0,0,0,0,0,0,0,0,0,0,0,0,0,0,0,0,0,0,0,0,0,0,0,0
TPLt_TRM_EB>AMPt_TRM_EB@TRM,London Trams,EB,10,9491,TPLt,Therapia Lane,9442,AMPt,Ampere Way,0,0,0,0,0,0,0,0,0,0,0,0,0,0,0,0,0,0,0,0,0,0,0,0,0,0,0,0,0,0,0,0,0,0,0,0,0,0,0,0,0,0,0,0,0,0,0,0,0,0,0,0,0,0,0,0,0,0,0,0,0,0,0,0,0,0,0,0,0,0,0,0,0,0,0,0,0,0,0,0,0,0,0,0,0,0,0,0,0,0,0,0,0,0,0,0,0,0,0,0,0,0,0
AMPt_TRM_EB>WDMt_TRM_EB@TRM,London Trams,EB,11,9442,AMPt,Ampere Way,9497,WDMt,Waddon Marsh,0,0,0,0,0,0,0,0,0,0,0,0,0,0,0,0,0,0,0,0,0,0,0,0,0,0,0,0,0,0,0,0,0,0,0,0,0,0,0,0,0,0,0,0,0,0,0,0,0,0,0,0,0,0,0,0,0,0,0,0,0,0,0,0,0,0,0,0,0,0,0,0,0,0,0,0,0,0,0,0,0,0,0,0,0,0,0,0,0,0,0,0,0,0,0,0,0,0,0,0,0,0,0
WDMt_TRM_EB>WPKt_TRM_EB@TRM,London Trams,EB,12,9497,WDMt,Waddon Marsh,9498,WPKt,Wandle Park,0,0,0,0,0,0,0,0,0,0,0,0,0,0,0,0,0,0,0,0,0,0,0,0,0,0,0,0,0,0,0,0,0,0,0,0,0,0,0,0,0,0,0,0,0,0,0,0,0,0,0,0,0,0,0,0,0,0,0,0,0,0,0,0,0,0,0,0,0,0,0,0,0,0,0,0,0,0,0,0,0,0,0,0,0,0,0,0,0,0,0,0,0,0,0,0,0,0,0,0,0,0,0
WPKt_TRM_EB>RVCt_TRM_EB@TRM,London Trams,EB,13,9498,WPKt,Wandle Park,9486,RVCt,Reeves Corner,0,0,0,0,0,0,0,0,0,0,0,0,0,0,0,0,0,0,0,0,0,0,0,0,0,0,0,0,0,0,0,0,0,0,0,0,0,0,0,0,0,0,0,0,0,0,0,0,0,0,0,0,0,0,0,0,0,0,0,0,0,0,0,0,0,0,0,0,0,0,0,0,0,0,0,0,0,0,0,0,0,0,0,0,0,0,0,0,0,0,0,0,0,0,0,0,0,0,0,0,0,0,0
RVCt_TRM_EB>TWRt_TRM_EB@TRM,London Trams,EB,14,9486,RVCt,Reeves Corner,9488,TWRt,Centrale,0,0,0,0,0,0,0,0,0,0,0,0,0,0,0,0,0,0,0,0,0,0,0,0,0,0,0,0,0,0,0,0,0,0,0,0,0,0,0,0,0,0,0,0,0,0,0,0,0,0,0,0,0,0,0,0,0,0,0,0,0,0,0,0,0,0,0,0,0,0,0,0,0,0,0,0,0,0,0,0,0,0,0,0,0,0,0,0,0,0,0,0,0,0,0,0,0,0,0,0,0,0,0
TWRt_TRM_EB>WCRt_TRM_EB@TRM,London Trams,EB,15,9488,TWRt,Centrale,8776,WCRt,West Croydon Trams,0,0,0,0,0,0,0,0,0,0,0,0,0,0,0,0,0,0,0,0,0,0,0,0,0,0,0,0,0,0,0,0,0,0,0,0,0,0,0,0,0,0,0,0,0,0,0,0,0,0,0,0,0,0,0,0,0,0,0,0,0,0,0,0,0,0,0,0,0,0,0,0,0,0,0,0,0,0,0,0,0,0,0,0,0,0,0,0,0,0,0,0,0,0,0,0,0,0,0,0,0,0,0
WCRt_TRM_EB>WLRt_TRM_EB@TRM,London Trams,EB,16,8776,WCRt,West Croydon Trams,9499,WLRt,Wellesley Road,0,0,0,0,0,0,0,0,0,0,0,0,0,0,0,0,0,0,0,0,0,0,0,0,0,0,0,0,0,0,0,0,0,0,0,0,0,0,0,0,0,0,0,0,0,0,0,0,0,0,0,0,0,0,0,0,0,0,0,0,0,0,0,0,0,0,0,0,0,0,0,0,0,0,0,0,0,0,0,0,0,0,0,0,0,0,0,0,0,0,0,0,0,0,0,0,0,0,0,0,0,0,0
WLRt_TRM_EB>ECRt_TRM_EB@TRM,London Trams,EB,17,9499,WLRt,Wellesley Road,9470,ECRt,East Croydon Trams,0,0,0,0,0,0,0,0,0,0,0,0,0,0,0,0,0,0,0,0,0,0,0,0,0,0,0,0,0,0,0,0,0,0,0,0,0,0,0,0,0,0,0,0,0,0,0,0,0,0,0,0,0,0,0,0,0,0,0,0,0,0,0,0,0,0,0,0,0,0,0,0,0,0,0,0,0,0,0,0,0,0,0,0,0,0,0,0,0,0,0,0,0,0,0,0,0,0,0,0,0,0,0
ECRt_TRM_EB>LEBt_TRM_EB@TRM,London Trams,EB,18,9470,ECRt,East Croydon Trams,9477,LEBt,Lebanon Road,0,0,0,0,0,0,0,0,0,0,0,0,0,0,0,0,0,0,0,0,0,0,0,0,0,0,0,0,0,0,0,0,0,0,0,0,0,0,0,0,0,0,0,0,0,0,0,0,0,0,0,0,0,0,0,0,0,0,0,0,0,0,0,0,0,0,0,0,0,0,0,0,0,0,0,0,0,0,0,0,0,0,0,0,0,0,0,0,0,0,0,0,0,0,0,0,0,0,0,0,0,0,0
LEBt_TRM_EB>SANt_TRM_EB@TRM,London Trams,EB,19,9477,LEBt,Lebanon Road,9487,SANt,Sandilands,0,0,0,0,0,0,0,0,0,0,0,0,0,0,0,0,0,0,0,0,0,0,0,0,0,0,0,0,0,0,0,0,0,0,0,0,0,0,0,0,0,0,0,0,0,0,0,0,0,0,0,0,0,0,0,0,0,0,0,0,0,0,0,0,0,0,0,0,0,0,0,0,0,0,0,0,0,0,0,0,0,0,0,0,0,0,0,0,0,0,0,0,0,0,0,0,0,0,0,0,0,0,0
SANt_TRM_EB>ADSt_TRM_EB@TRM,London Trams,EB,20,9487,SANt,Sandilands,9440,ADSt,Addiscombe,0,0,0,0,0,0,0,0,0,0,0,0,0,0,0,0,0,0,0,0,0,0,0,0,0,0,0,0,0,0,0,0,0,0,0,0,0,0,0,0,0,0,0,0,0,0,0,0,0,0,0,0,0,0,0,0,0,0,0,0,0,0,0,0,0,0,0,0,0,0,0,0,0,0,0,0,0,0,0,0,0,0,0,0,0,0,0,0,0,0,0,0,0,0,0,0,0,0,0,0,0,0,0
ADSt_TRM_EB>BHLt_TRM_EB@TRM,London Trams,EB,21,9440,ADSt,Addiscombe,9459,BHLt,Blackhorse Lane,0,0,0,0,0,0,0,0,0,0,0,0,0,0,0,0,0,0,0,0,0,0,0,0,0,0,0,0,0,0,0,0,0,0,0,0,0,0,0,0,0,0,0,0,0,0,0,0,0,0,0,0,0,0,0,0,0,0,0,0,0,0,0,0,0,0,0,0,0,0,0,0,0,0,0,0,0,0,0,0,0,0,0,0,0,0,0,0,0,0,0,0,0,0,0,0,0,0,0,0,0,0,0
BHLt_TRM_EB>WDSt_TRM_EB@TRM,London Trams,EB,22,9459,BHLt,Blackhorse Lane,8779,WDSt,Woodside,0,0,0,0,0,0,0,0,0,0,0,0,0,0,0,0,0,0,0,0,0,0,0,0,0,0,0,0,0,0,0,0,0,0,0,0,0,0,0,0,0,0,0,0,0,0,0,0,0,0,0,0,0,0,0,0,0,0,0,0,0,0,0,0,0,0,0,0,0,0,0,0,0,0,0,0,0,0,0,0,0,0,0,0,0,0,0,0,0,0,0,0,0,0,0,0,0,0,0,0,0,0,0
WDSt_TRM_EB>ARNt_TRM_EB@TRM,London Trams,EB,23,8779,WDSt,Woodside,9443,ARNt,Arena,0,0,0,0,0,0,0,0,0,0,0,0,0,0,0,0,0,0,0,0,0,0,0,0,0,0,0,0,0,0,0,0,0,0,0,0,0,0,0,0,0,0,0,0,0,0,0,0,0,0,0,0,0,0,0,0,0,0,0,0,0,0,0,0,0,0,0,0,0,0,0,0,0,0,0,0,0,0,0,0,0,0,0,0,0,0,0,0,0,0,0,0,0,0,0,0,0,0,0,0,0,0,0
ARNt_TRM_EB>ELMt_TRM_EB@TRM,London Trams,EB,24,9443,ARNt,Arena,9471,ELMt,Elmers End,0,0,0,0,0,0,0,0,0,0,0,0,0,0,0,0,0,0,0,0,0,0,0,0,0,0,0,0,0,0,0,0,0,0,0,0,0,0,0,0,0,0,0,0,0,0,0,0,0,0,0,0,0,0,0,0,0,0,0,0,0,0,0,0,0,0,0,0,0,0,0,0,0,0,0,0,0,0,0,0,0,0,0,0,0,0,0,0,0,0,0,0,0,0,0,0,0,0,0,0,0,0,0
ARNt_TRM_EB>HRDt_TRM_EB@TRM,London Trams,EB,25,9443,ARNt,Arena,9475,HRDt,Harrington Road,0,0,0,0,0,0,0,0,0,0,0,0,0,0,0,0,0,0,0,0,0,0,0,0,0,0,0,0,0,0,0,0,0,0,0,0,0,0,0,0,0,0,0,0,0,0,0,0,0,0,0,0,0,0,0,0,0,0,0,0,0,0,0,0,0,0,0,0,0,0,0,0,0,0,0,0,0,0,0,0,0,0,0,0,0,0,0,0,0,0,0,0,0,0,0,0,0,0,0,0,0,0,0
HRDt_TRM_EB>BKBt_TRM_EB@TRM,London Trams,EB,26,9475,HRDt,Harrington Road,9454,BKBt,Birkbeck Trams,0,0,0,0,0,0,0,0,0,0,0,0,0,0,0,0,0,0,0,0,0,0,0,0,0,0,0,0,0,0,0,0,0,0,0,0,0,0,0,0,0,0,0,0,0,0,0,0,0,0,0,0,0,0,0,0,0,0,0,0,0,0,0,0,0,0,0,0,0,0,0,0,0,0,0,0,0,0,0,0,0,0,0,0,0,0,0,0,0,0,0,0,0,0,0,0,0,0,0,0,0,0,0
BKBt_TRM_EB>AVRt_TRM_EB@TRM,London Trams,EB,27,9454,BKBt,Birkbeck Trams,9444,AVRt,Avenue Road,0,0,0,0,0,0,0,0,0,0,0,0,0,0,0,0,0,0,0,0,0,0,0,0,0,0,0,0,0,0,0,0,0,0,0,0,0,0,0,0,0,0,0,0,0,0,0,0,0,0,0,0,0,0,0,0,0,0,0,0,0,0,0,0,0,0,0,0,0,0,0,0,0,0,0,0,0,0,0,0,0,0,0,0,0,0,0,0,0,0,0,0,0,0,0,0,0,0,0,0,0,0,0
AVRt_TRM_EB>BCRt_TRM_EB@TRM,London Trams,EB,28,9444,AVRt,Avenue Road,9446,BCRt,Beckenham Road,0,0,0,0,0,0,0,0,0,0,0,0,0,0,0,0,0,0,0,0,0,0,0,0,0,0,0,0,0,0,0,0,0,0,0,0,0,0,0,0,0,0,0,0,0,0,0,0,0,0,0,0,0,0,0,0,0,0,0,0,0,0,0,0,0,0,0,0,0,0,0,0,0,0,0,0,0,0,0,0,0,0,0,0,0,0,0,0,0,0,0,0,0,0,0,0,0,0,0,0,0,0,0
BCRt_TRM_EB>BCJt_TRM_EB@TRM,London Trams,EB,29,9446,BCRt,Beckenham Road,9445,BCJt,Beckenham Junction Trams,0,0,0,0,0,0,0,0,0,0,0,0,0,0,0,0,0,0,0,0,0,0,0,0,0,0,0,0,0,0,0,0,0,0,0,0,0,0,0,0,0,0,0,0,0,0,0,0,0,0,0,0,0,0,0,0,0,0,0,0,0,0,0,0,0,0,0,0,0,0,0,0,0,0,0,0,0,0,0,0,0,0,0,0,0,0,0,0,0,0,0,0,0,0,0,0,0,0,0,0,0,0,0
SANt_TRM_EB>LPKt_TRM_EB@TRM,London Trams,EB,30,9487,SANt,Sandilands,9478,LPKt,Lloyd Park,0,0,0,0,0,0,0,0,0,0,0,0,0,0,0,0,0,0,0,0,0,0,0,0,0,0,0,0,0,0,0,0,0,0,0,0,0,0,0,0,0,0,0,0,0,0,0,0,0,0,0,0,0,0,0,0,0,0,0,0,0,0,0,0,0,0,0,0,0,0,0,0,0,0,0,0,0,0,0,0,0,0,0,0,0,0,0,0,0,0,0,0,0,0,0,0,0,0,0,0,0,0,0
LPKt_TRM_EB>COOt_TRM_EB@TRM,London Trams,EB,31,9478,LPKt,Lloyd Park,9464,COOt,Coombe Lane,0,0,0,0,0,0,0,0,0,0,0,0,0,0,0,0,0,0,0,0,0,0,0,0,0,0,0,0,0,0,0,0,0,0,0,0,0,0,0,0,0,0,0,0,0,0,0,0,0,0,0,0,0,0,0,0,0,0,0,0,0,0,0,0,0,0,0,0,0,0,0,0,0,0,0,0,0,0,0,0,0,0,0,0,0,0,0,0,0,0,0,0,0,0,0,0,0,0,0,0,0,0,0
COOt_TRM_EB>GVHt_TRM_EB@TRM,London Trams,EB,32,9464,COOt,Coombe Lane,9474,GVHt,Gravel Hill,0,0,0,0,0,0,0,0,0,0,0,0,0,0,0,0,0,0,0,0,0,0,0,0,0,0,0,0,0,0,0,0,0,0,0,0,0,0,0,0,0,0,0,0,0,0,0,0,0,0,0,0,0,0,0,0,0,0,0,0,0,0,0,0,0,0,0,0,0,0,0,0,0,0,0,0,0,0,0,0,0,0,0,0,0,0,0,0,0,0,0,0,0,0,0,0,0,0,0,0,0,0,0
GVHt_TRM_EB>ADVt_TRM_EB@TRM,London Trams,EB,33,9474,GVHt,Gravel Hill,9441,ADVt,Addington Village,0,0,0,0,0,0,0,0,0,0,0,0,0,0,0,0,0,0,0,0,0,0,0,0,0,0,0,0,0,0,0,0,0,0,0,0,0,0,0,0,0,0,0,0,0,0,0,0,0,0,0,0,0,0,0,0,0,0,0,0,0,0,0,0,0,0,0,0,0,0,0,0,0,0,0,0,0,0,0,0,0,0,0,0,0,0,0,0,0,0,0,0,0,0,0,0,0,0,0,0,0,0,0
ADVt_TRM_EB>FLWt_TRM_EB@TRM,London Trams,EB,34,9441,ADVt,Addington Village,9472,FLWt,Fieldway,0,0,0,0,0,0,0,0,0,0,0,0,0,0,0,0,0,0,0,0,0,0,0,0,0,0,0,0,0,0,0,0,0,0,0,0,0,0,0,0,0,0,0,0,0,0,0,0,0,0,0,0,0,0,0,0,0,0,0,0,0,0,0,0,0,0,0,0,0,0,0,0,0,0,0,0,0,0,0,0,0,0,0,0,0,0,0,0,0,0,0,0,0,0,0,0,0,0,0,0,0,0,0
FLWt_TRM_EB>KHDt_TRM_EB@TRM,London Trams,EB,35,9472,FLWt,Fieldway,9476,KHDt,King Henry's Drive,0,0,0,0,0,0,0,0,0,0,0,0,0,0,0,0,0,0,0,0,0,0,0,0,0,0,0,0,0,0,0,0,0,0,0,0,0,0,0,0,0,0,0,0,0,0,0,0,0,0,0,0,0,0,0,0,0,0,0,0,0,0,0,0,0,0,0,0,0,0,0,0,0,0,0,0,0,0,0,0,0,0,0,0,0,0,0,0,0,0,0,0,0,0,0,0,0,0,0,0,0,0,0
KHDt_TRM_EB>NADt_TRM_EB@TRM,London Trams,EB,36,9476,KHDt,King Henry's Drive,9484,NADt,New Addington,0,0,0,0,0,0,0,0,0,0,0,0,0,0,0,0,0,0,0,0,0,0,0,0,0,0,0,0,0,0,0,0,0,0,0,0,0,0,0,0,0,0,0,0,0,0,0,0,0,0,0,0,0,0,0,0,0,0,0,0,0,0,0,0,0,0,0,0,0,0,0,0,0,0,0,0,0,0,0,0,0,0,0,0,0,0,0,0,0,0,0,0,0,0,0,0,0,0,0,0,0,0,0
NADt_TRM_WB>KHDt_TRM_WB@TRM,London Trams,WB,1,9484,NADt,New Addington,9476,KHDt,King Henry's Drive,0,0,0,0,0,0,0,0,0,0,0,0,0,0,0,0,0,0,0,0,0,0,0,0,0,0,0,0,0,0,0,0,0,0,0,0,0,0,0,0,0,0,0,0,0,0,0,0,0,0,0,0,0,0,0,0,0,0,0,0,0,0,0,0,0,0,0,0,0,0,0,0,0,0,0,0,0,0,0,0,0,0,0,0,0,0,0,0,0,0,0,0,0,0,0,0,0,0,0,0,0,0,0
KHDt_TRM_WB>FLWt_TRM_WB@TRM,London Trams,WB,2,9476,KHDt,King Henry's Drive,9472,FLWt,Fieldway,0,0,0,0,0,0,0,0,0,0,0,0,0,0,0,0,0,0,0,0,0,0,0,0,0,0,0,0,0,0,0,0,0,0,0,0,0,0,0,0,0,0,0,0,0,0,0,0,0,0,0,0,0,0,0,0,0,0,0,0,0,0,0,0,0,0,0,0,0,0,0,0,0,0,0,0,0,0,0,0,0,0,0,0,0,0,0,0,0,0,0,0,0,0,0,0,0,0,0,0,0,0,0
FLWt_TRM_WB>ADVt_TRM_WB@TRM,London Trams,WB,3,9472,FLWt,Fieldway,9441,ADVt,Addington Village,0,0,0,0,0,0,0,0,0,0,0,0,0,0,0,0,0,0,0,0,0,0,0,0,0,0,0,0,0,0,0,0,0,0,0,0,0,0,0,0,0,0,0,0,0,0,0,0,0,0,0,0,0,0,0,0,0,0,0,0,0,0,0,0,0,0,0,0,0,0,0,0,0,0,0,0,0,0,0,0,0,0,0,0,0,0,0,0,0,0,0,0,0,0,0,0,0,0,0,0,0,0,0
ADVt_TRM_WB>GVHt_TRM_WB@TRM,London Trams,WB,4,9441,ADVt,Addington Village,9474,GVHt,Gravel Hill,0,0,0,0,0,0,0,0,0,0,0,0,0,0,0,0,0,0,0,0,0,0,0,0,0,0,0,0,0,0,0,0,0,0,0,0,0,0,0,0,0,0,0,0,0,0,0,0,0,0,0,0,0,0,0,0,0,0,0,0,0,0,0,0,0,0,0,0,0,0,0,0,0,0,0,0,0,0,0,0,0,0,0,0,0,0,0,0,0,0,0,0,0,0,0,0,0,0,0,0,0,0,0
GVHt_TRM_WB>COOt_TRM_WB@TRM,London Trams,WB,5,9474,GVHt,Gravel Hill,9464,COOt,Coombe Lane,0,0,0,0,0,0,0,0,0,0,0,0,0,0,0,0,0,0,0,0,0,0,0,0,0,0,0,0,0,0,0,0,0,0,0,0,0,0,0,0,0,0,0,0,0,0,0,0,0,0,0,0,0,0,0,0,0,0,0,0,0,0,0,0,0,0,0,0,0,0,0,0,0,0,0,0,0,0,0,0,0,0,0,0,0,0,0,0,0,0,0,0,0,0,0,0,0,0,0,0,0,0,0
COOt_TRM_WB>LPKt_TRM_WB@TRM,London Trams,WB,6,9464,COOt,Coombe Lane,9478,LPKt,Lloyd Park,0,0,0,0,0,0,0,0,0,0,0,0,0,0,0,0,0,0,0,0,0,0,0,0,0,0,0,0,0,0,0,0,0,0,0,0,0,0,0,0,0,0,0,0,0,0,0,0,0,0,0,0,0,0,0,0,0,0,0,0,0,0,0,0,0,0,0,0,0,0,0,0,0,0,0,0,0,0,0,0,0,0,0,0,0,0,0,0,0,0,0,0,0,0,0,0,0,0,0,0,0,0,0
BCJt_TRM_WB>BCRt_TRM_WB@TRM,London Trams,WB,7,9445,BCJt,Beckenham Junction Trams,9446,BCRt,Beckenham Road,0,0,0,0,0,0,0,0,0,0,0,0,0,0,0,0,0,0,0,0,0,0,0,0,0,0,0,0,0,0,0,0,0,0,0,0,0,0,0,0,0,0,0,0,0,0,0,0,0,0,0,0,0,0,0,0,0,0,0,0,0,0,0,0,0,0,0,0,0,0,0,0,0,0,0,0,0,0,0,0,0,0,0,0,0,0,0,0,0,0,0,0,0,0,0,0,0,0,0,0,0,0,0
BCRt_TRM_WB>AVRt_TRM_WB@TRM,London Trams,WB,8,9446,BCRt,Beckenham Road,9444,AVRt,Avenue Road,0,0,0,0,0,0,0,0,0,0,0,0,0,0,0,0,0,0,0,0,0,0,0,0,0,0,0,0,0,0,0,0,0,0,0,0,0,0,0,0,0,0,0,0,0,0,0,0,0,0,0,0,0,0,0,0,0,0,0,0,0,0,0,0,0,0,0,0,0,0,0,0,0,0,0,0,0,0,0,0,0,0,0,0,0,0,0,0,0,0,0,0,0,0,0,0,0,0,0,0,0,0,0
AVRt_TRM_WB>BKBt_TRM_WB@TRM,London Trams,WB,9,9444,AVRt,Avenue Road,9454,BKBt,Birkbeck Trams,0,0,0,0,0,0,0,0,0,0,0,0,0,0,0,0,0,0,0,0,0,0,0,0,0,0,0,0,0,0,0,0,0,0,0,0,0,0,0,0,0,0,0,0,0,0,0,0,0,0,0,0,0,0,0,0,0,0,0,0,0,0,0,0,0,0,0,0,0,0,0,0,0,0,0,0,0,0,0,0,0,0,0,0,0,0,0,0,0,0,0,0,0,0,0,0,0,0,0,0,0,0,0
BKBt_TRM_WB>HRDt_TRM_WB@TRM,London Trams,WB,10,9454,BKBt,Birkbeck Trams,9475,HRDt,Harrington Road,0,0,0,0,0,0,0,0,0,0,0,0,0,0,0,0,0,0,0,0,0,0,0,0,0,0,0,0,0,0,0,0,0,0,0,0,0,0,0,0,0,0,0,0,0,0,0,0,0,0,0,0,0,0,0,0,0,0,0,0,0,0,0,0,0,0,0,0,0,0,0,0,0,0,0,0,0,0,0,0,0,0,0,0,0,0,0,0,0,0,0,0,0,0,0,0,0,0,0,0,0,0,0
HRDt_TRM_WB>ARNt_TRM_WB@TRM,London Trams,WB,11,9475,HRDt,Harrington Road,9443,ARNt,Arena,0,0,0,0,0,0,0,0,0,0,0,0,0,0,0,0,0,0,0,0,0,0,0,0,0,0,0,0,0,0,0,0,0,0,0,0,0,0,0,0,0,0,0,0,0,0,0,0,0,0,0,0,0,0,0,0,0,0,0,0,0,0,0,0,0,0,0,0,0,0,0,0,0,0,0,0,0,0,0,0,0,0,0,0,0,0,0,0,0,0,0,0,0,0,0,0,0,0,0,0,0,0,0
ELMt_TRM_WB>ARNt_TRM_WB@TRM,London Trams,WB,12,9471,ELMt,Elmers End,9443,ARNt,Arena,0,0,0,0,0,0,0,0,0,0,0,0,0,0,0,0,0,0,0,0,0,0,0,0,0,0,0,0,0,0,0,0,0,0,0,0,0,0,0,0,0,0,0,0,0,0,0,0,0,0,0,0,0,0,0,0,0,0,0,0,0,0,0,0,0,0,0,0,0,0,0,0,0,0,0,0,0,0,0,0,0,0,0,0,0,0,0,0,0,0,0,0,0,0,0,0,0,0,0,0,0,0,0
ARNt_TRM_WB>WDSt_TRM_WB@TRM,London Trams,WB,13,9443,ARNt,Arena,8779,WDSt,Woodside,0,0,0,0,0,0,0,0,0,0,0,0,0,0,0,0,0,0,0,0,0,0,0,0,0,0,0,0,0,0,0,0,0,0,0,0,0,0,0,0,0,0,0,0,0,0,0,0,0,0,0,0,0,0,0,0,0,0,0,0,0,0,0,0,0,0,0,0,0,0,0,0,0,0,0,0,0,0,0,0,0,0,0,0,0,0,0,0,0,0,0,0,0,0,0,0,0,0,0,0,0,0,0
WDSt_TRM_WB>BHLt_TRM_WB@TRM,London Trams,WB,14,8779,WDSt,Woodside,9459,BHLt,Blackhorse Lane,0,0,0,0,0,0,0,0,0,0,0,0,0,0,0,0,0,0,0,0,0,0,0,0,0,0,0,0,0,0,0,0,0,0,0,0,0,0,0,0,0,0,0,0,0,0,0,0,0,0,0,0,0,0,0,0,0,0,0,0,0,0,0,0,0,0,0,0,0,0,0,0,0,0,0,0,0,0,0,0,0,0,0,0,0,0,0,0,0,0,0,0,0,0,0,0,0,0,0,0,0,0,0
BHLt_TRM_WB>ADSt_TRM_WB@TRM,London Trams,WB,15,9459,BHLt,Blackhorse Lane,9440,ADSt,Addiscombe,0,0,0,0,0,0,0,0,0,0,0,0,0,0,0,0,0,0,0,0,0,0,0,0,0,0,0,0,0,0,0,0,0,0,0,0,0,0,0,0,0,0,0,0,0,0,0,0,0,0,0,0,0,0,0,0,0,0,0,0,0,0,0,0,0,0,0,0,0,0,0,0,0,0,0,0,0,0,0,0,0,0,0,0,0,0,0,0,0,0,0,0,0,0,0,0,0,0,0,0,0,0,0
LPKt_TRM_WB>SANt_TRM_WB@TRM,London Trams,WB,16,9478,LPKt,Lloyd Park,9487,SANt,Sandilands,0,0,0,0,0,0,0,0,0,0,0,0,0,0,0,0,0,0,0,0,0,0,0,0,0,0,0,0,0,0,0,0,0,0,0,0,0,0,0,0,0,0,0,0,0,0,0,0,0,0,0,0,0,0,0,0,0,0,0,0,0,0,0,0,0,0,0,0,0,0,0,0,0,0,0,0,0,0,0,0,0,0,0,0,0,0,0,0,0,0,0,0,0,0,0,0,0,0,0,0,0,0,0
ADSt_TRM_WB>SANt_TRM_WB@TRM,London Trams,WB,17,9440,ADSt,Addiscombe,9487,SANt,Sandilands,0,0,0,0,0,0,0,0,0,0,0,0,0,0,0,0,0,0,0,0,0,0,0,0,0,0,0,0,0,0,0,0,0,0,0,0,0,0,0,0,0,0,0,0,0,0,0,0,0,0,0,0,0,0,0,0,0,0,0,0,0,0,0,0,0,0,0,0,0,0,0,0,0,0,0,0,0,0,0,0,0,0,0,0,0,0,0,0,0,0,0,0,0,0,0,0,0,0,0,0,0,0,0
SANt_TRM_WB>LEBt_TRM_WB@TRM,London Trams,WB,18,9487,SANt,Sandilands,9477,LEBt,Lebanon Road,0,0,0,0,0,0,0,0,0,0,0,0,0,0,0,0,0,0,0,0,0,0,0,0,0,0,0,0,0,0,0,0,0,0,0,0,0,0,0,0,0,0,0,0,0,0,0,0,0,0,0,0,0,0,0,0,0,0,0,0,0,0,0,0,0,0,0,0,0,0,0,0,0,0,0,0,0,0,0,0,0,0,0,0,0,0,0,0,0,0,0,0,0,0,0,0,0,0,0,0,0,0,0
LEBt_TRM_WB>ECRt_TRM_WB@TRM,London Trams,WB,19,9477,LEBt,Lebanon Road,9470,ECRt,East Croydon Trams,0,0,0,0,0,0,0,0,0,0,0,0,0,0,0,0,0,0,0,0,0,0,0,0,0,0,0,0,0,0,0,0,0,0,0,0,0,0,0,0,0,0,0,0,0,0,0,0,0,0,0,0,0,0,0,0,0,0,0,0,0,0,0,0,0,0,0,0,0,0,0,0,0,0,0,0,0,0,0,0,0,0,0,0,0,0,0,0,0,0,0,0,0,0,0,0,0,0,0,0,0,0,0
ECRt_TRM_WB>GSTt_TRM_WB@TRM,London Trams,WB,20,9470,ECRt,East Croydon Trams,9473,GSTt,George Street,0,0,0,0,0,0,0,0,0,0,0,0,0,0,0,0,0,0,0,0,0,0,0,0,0,0,0,0,0,0,0,0,0,0,0,0,0,0,0,0,0,0,0,0,0,0,0,0,0,0,0,0,0,0,0,0,0,0,0,0,0,0,0,0,0,0,0,0,0,0,0,0,0,0,0,0,0,0,0,0,0,0,0,0,0,0,0,0,0,0,0,0,0,0,0,0,0,0,0,0,0,0,0
GSTt_TRM_WB>CSTt_TRM_WB@TRM,London Trams,WB,21,9473,GSTt,George Street,9460,CSTt,Church Street,0,0,0,0,0,0,0,0,0,0,0,0,0,0,0,0,0,0,0,0,0,0,0,0,0,0,0,0,0,0,0,0,0,0,0,0,0,0,0,0,0,0,0,0,0,0,0,0,0,0,0,0,0,0,0,0,0,0,0,0,0,0,0,0,0,0,0,0,0,0,0,0,0,0,0,0,0,0,0,0,0,0,0,0,0,0,0,0,0,0,0,0,0,0,0,0,0,0,0,0,0,0,0
CSTt_TRM_WB>TWRt_TRM_EB@TRM,London Trams,WB,22,9460,CSTt,Church Street,9488,TWRt,Centrale,0,0,0,0,0,0,0,0,0,0,0,0,0,0,0,0,0,0,0,0,0,0,0,0,0,0,0,0,0,0,0,0,0,0,0,0,0,0,0,0,0,0,0,0,0,0,0,0,0,0,0,0,0,0,0,0,0,0,0,0,0,0,0,0,0,0,0,0,0,0,0,0,0,0,0,0,0,0,0,0,0,0,0,0,0,0,0,0,0,0,0,0,0,0,0,0,0,0,0,0,0,0,0
CSTt_TRM_WB>WPKt_TRM_WB@TRM,London Trams,WB,23,9460,CSTt,Church Street,9498,WPKt,Wandle Park,0,0,0,0,0,0,0,0,0,0,0,0,0,0,0,0,0,0,0,0,0,0,0,0,0,0,0,0,0,0,0,0,0,0,0,0,0,0,0,0,0,0,0,0,0,0,0,0,0,0,0,0,0,0,0,0,0,0,0,0,0,0,0,0,0,0,0,0,0,0,0,0,0,0,0,0,0,0,0,0,0,0,0,0,0,0,0,0,0,0,0,0,0,0,0,0,0,0,0,0,0,0,0
WPKt_TRM_WB>WDMt_TRM_WB@TRM,London Trams,WB,24,9498,WPKt,Wandle Park,9497,WDMt,Waddon Marsh,0,0,0,0,0,0,0,0,0,0,0,0,0,0,0,0,0,0,0,0,0,0,0,0,0,0,0,0,0,0,0,0,0,0,0,0,0,0,0,0,0,0,0,0,0,0,0,0,0,0,0,0,0,0,0,0,0,0,0,0,0,0,0,0,0,0,0,0,0,0,0,0,0,0,0,0,0,0,0,0,0,0,0,0,0,0,0,0,0,0,0,0,0,0,0,0,0,0,0,0,0,0,0
WDMt_TRM_WB>AMPt_TRM_WB@TRM,London Trams,WB,25,9497,WDMt,Waddon Marsh,9442,AMPt,Ampere Way,0,0,0,0,0,0,0,0,0,0,0,0,0,0,0,0,0,0,0,0,0,0,0,0,0,0,0,0,0,0,0,0,0,0,0,0,0,0,0,0,0,0,0,0,0,0,0,0,0,0,0,0,0,0,0,0,0,0,0,0,0,0,0,0,0,0,0,0,0,0,0,0,0,0,0,0,0,0,0,0,0,0,0,0,0,0,0,0,0,0,0,0,0,0,0,0,0,0,0,0,0,0,0
AMPt_TRM_WB>TPLt_TRM_WB@TRM,London Trams,WB,26,9442,AMPt,Ampere Way,9491,TPLt,Therapia Lane,0,0,0,0,0,0,0,0,0,0,0,0,0,0,0,0,0,0,0,0,0,0,0,0,0,0,0,0,0,0,0,0,0,0,0,0,0,0,0,0,0,0,0,0,0,0,0,0,0,0,0,0,0,0,0,0,0,0,0,0,0,0,0,0,0,0,0,0,0,0,0,0,0,0,0,0,0,0,0,0,0,0,0,0,0,0,0,0,0,0,0,0,0,0,0,0,0,0,0,0,0,0,0
TPLt_TRM_WB>BDLt_TRM_WB@TRM,London Trams,WB,27,9491,TPLt,Therapia Lane,9449,BDLt,Beddington Lane,0,0,0,0,0,0,0,0,0,0,0,0,0,0,0,0,0,0,0,0,0,0,0,0,0,0,0,0,0,0,0,0,0,0,0,0,0,0,0,0,0,0,0,0,0,0,0,0,0,0,0,0,0,0,0,0,0,0,0,0,0,0,0,0,0,0,0,0,0,0,0,0,0,0,0,0,0,0,0,0,0,0,0,0,0,0,0,0,0,0,0,0,0,0,0,0,0,0,0,0,0,0,0
BDLt_TRM_WB>MTJt_TRM_WB@TRM,London Trams,WB,28,9449,BDLt,Beddington Lane,9481,MTJt,Mitcham Junction,0,0,0,0,0,0,0,0,0,0,0,0,0,0,0,0,0,0,0,0,0,0,0,0,0,0,0,0,0,0,0,0,0,0,0,0,0,0,0,0,0,0,0,0,0,0,0,0,0,0,0,0,0,0,0,0,0,0,0,0,0,0,0,0,0,0,0,0,0,0,0,0,0,0,0,0,0,0,0,0,0,0,0,0,0,0,0,0,0,0,0,0,0,0,0,0,0,0,0,0,0,0,0
MTJt_TRM_WB>MTMt_TRM_WB@TRM,London Trams,WB,29,9481,MTJt,Mitcham Junction,9480,MTMt,Mitcham,0,0,0,0,0,0,0,0,0,0,0,0,0,0,0,0,0,0,0,0,0,0,0,0,0,0,0,0,0,0,0,0,0,0,0,0,0,0,0,0,0,0,0,0,0,0,0,0,0,0,0,0,0,0,0,0,0,0,0,0,0,0,0,0,0,0,0,0,0,0,0,0,0,0,0,0,0,0,0,0,0,0,0,0,0,0,0,0,0,0,0,0,0,0,0,0,0,0,0,0,0,0,0
MTMt_TRM_WB>BGWt_TRM_WB@TRM,London Trams,WB,30,9480,MTMt,Mitcham,9450,BGWt,Belgrave Walk,0,0,0,0,0,0,0,0,0,0,0,0,0,0,0,0,0,0,0,0,0,0,0,0,0,0,0,0,0,0,0,0,0,0,0,0,0,0,0,0,0,0,0,0,0,0,0,0,0,0,0,0,0,0,0,0,0,0,0,0,0,0,0,0,0,0,0,0,0,0,0,0,0,0,0,0,0,0,0,0,0,0,0,0,0,0,0,0,0,0,0,0,0,0,0,0,0,0,0,0,0,0,0
BGWt_TRM_WB>PHLt_TRM_WB@TRM,London Trams,WB,31,9450,BGWt,Belgrave Walk,9485,PHLt,Phipps Bridge,0,0,0,0,0,0,0,0,0,0,0,0,0,0,0,0,0,0,0,0,0,0,0,0,0,0,0,0,0,0,0,0,0,0,0,0,0,0,0,0,0,0,0,0,0,0,0,0,0,0,0,0,0,0,0,0,0,0,0,0,0,0,0,0,0,0,0,0,0,0,0,0,0,0,0,0,0,0,0,0,0,0,0,0,0,0,0,0,0,0,0,0,0,0,0,0,0,0,0,0,0,0,0
PHLt_TRM_WB>MRDt_TRM_WB@TRM,London Trams,WB,32,9485,PHLt,Phipps Bridge,9482,MRDt,Morden Road,0,0,0,0,0,0,0,0,0,0,0,0,0,0,0,0,0,0,0,0,0,0,0,0,0,0,0,0,0,0,0,0,0,0,0,0,0,0,0,0,0,0,0,0,0,0,0,0,0,0,0,0,0,0,0,0,0,0,0,0,0,0,0,0,0,0,0,0,0,0,0,0,0,0,0,0,0,0,0,0,0,0,0,0,0,0,0,0,0,0,0,0,0,0,0,0,0,0,0,0,0,0,0
MRDt_TRM_WB>MPKt_TRM_WB@TRM,London Trams,WB,33,9482,MRDt,Morden Road,9479,MPKt,Merton Park,0,0,0,0,0,0,0,0,0,0,0,0,0,0,0,0,0,0,0,0,0,0,0,0,0,0,0,0,0,0,0,0,0,0,0,0,0,0,0,0,0,0,0,0,0,0,0,0,0,0,0,0,0,0,0,0,0,0,0,0,0,0,0,0,0,0,0,0,0,0,0,0,0,0,0,0,0,0,0,0,0,0,0,0,0,0,0,0,0,0,0,0,0,0,0,0,0,0,0,0,0,0,0
MPKt_TRM_WB>DDRt_TRM_WB@TRM,London Trams,WB,34,9479,MPKt,Merton Park,9468,DDRt,Dundonald Road,0,0,0,0,0,0,0,0,0,0,0,0,0,0,0,0,0,0,0,0,0,0,0,0,0,0,0,0,0,0,0,0,0,0,0,0,0,0,0,0,0,0,0,0,0,0,0,0,0,0,0,0,0,0,0,0,0,0,0,0,0,0,0,0,0,0,0,0,0,0,0,0,0,0,0,0,0,0,0,0,0,0,0,0,0,0,0,0,0,0,0,0,0,0,0,0,0,0,0,0,0,0,0
DDRt_TRM_WB>WMBt_TRM_WB@TRM,London Trams,WB,35,9468,DDRt,Dundonald Road,8777,WMBt,Wimbledon Trams,0,0,0,0,0,0,0,0,0,0,0,0,0,0,0,0,0,0,0,0,0,0,0,0,0,0,0,0,0,0,0,0,0,0,0,0,0,0,0,0,0,0,0,0,0,0,0,0,0,0,0,0,0,0,0,0,0,0,0,0,0,0,0,0,0,0,0,0,0,0,0,0,0,0,0,0,0,0,0,0,0,0,0,0,0,0,0,0,0,0,0,0,0,0,0,0,0,0,0,0,0,0,0
ALDu_MET_NB>LSTu_MET_NB@MET,Metropolitan,NB,1,502,ALDu,Aldgate,634,LSTu,Liverpool Street LU,"7,165",107,"1,054","1,808","3,313",731,152,0,0,0,4,8,19,32,44,59,73,79,91,108,104,104,108,99,80,80,72,66,61,65,61,62,57,59,55,58,58,63,64,70,68,72,68,68,66,77,82,100,113,144,151,175,204,273,306,365,390,379,332,296,237,193,163,125,99,83,68,61,57,50,44,41,36,35,32,29,26,24,20,16,13,11,7,4,2,1,0,0,0,0,0,0,0,0,0,0,0,0,0,0,0,0,0
LSTu_MET_NB>MGTu_MET_NB@MET,Metropolitan,NB,2,634,LSTu,Liverpool Street LU,645,MGTu,Moorgate,"22,933",493,"4,909","5,647","8,564","2,693",628,0,0,0,22,48,93,131,198,240,289,334,414,482,540,549,539,488,411,328,294,260,233,216,217,208,199,195,197,201,198,203,209,213,210,215,217,217,215,230,249,270,300,361,413,443,508,625,716,816,904,938,902,850,713,618,531,444,338,319,271,229,195,187,163,153,141,132,122,114,101,97,83,70,53,43,28,18,11,8,3,0,0,0,0,0,0,0,0,0,0,0,0,0,0,0,0
MGTu_MET_NB>BARu_MET_NB@MET,Metropolitan,NB,3,645,MGTu,Moorgate,501,BARu,Barbican,"29,527",673,"5,857","6,974","11,846","3,466",712,0,0,0,35,72,129,177,260,301,353,402,496,532,614,654,644,579,509,422,350,308,281,280,258,250,240,237,240,247,245,248,256,261,256,262,266,265,265,286,309,338,379,463,534,582,679,841,978,"1,123","1,257","1,313","1,286","1,174","1,016",867,731,575,479,417,357,300,264,234,198,181,165,155,141,131,116,109,94,78,59,48,32,20,13,10,4,0,0,0,0,0,0,0,0,0,0,0,0,0,0,0,0
BARu_MET_NB>FARu_MET_NB@MET,Metropolitan,NB,4,501,BARu,Barbican,577,FARu,Farringdon,"31,840",600,"5,730","7,530","13,240","3,950",788,0,0,0,18,59,111,176,236,314,362,392,450,545,595,607,616,581,487,411,369,335,299,288,269,263,255,253,256,264,262,268,277,282,279,286,290,291,292,316,342,377,429,487,568,664,719,877,"1,066","1,227","1,335","1,467","1,447","1,379","1,199","1,014",847,694,529,444,415,350,294,259,238,202,187,177,162,150,132,120,102,85,64,52,34,22,13,10,4,0,0,0,0,0,0,0,0,0,0,0,0,0,0,0,0
FARu_MET_NB>KXXu_MET_NB@MET,Metropolitan,NB,5,577,FARu,Farringdon,625,KXXu,King's Cross St. Pancras,"40,270",725,"6,391","9,617","17,102","5,247","1,189",0,0,0,20,73,136,199,297,379,436,502,588,656,686,649,618,585,485,411,397,366,314,315,321,328,322,326,325,334,335,347,352,361,362,374,378,383,390,420,448,493,560,697,765,905,"1,051","1,259","1,451","1,705","1,839","1,908","1,771","1,627","1,404","1,190",992,857,703,599,507,436,416,362,316,293,271,253,233,219,198,179,155,129,102,78,55,36,23,12,5,0,0,0,0,0,0,0,0,0,0,0,0,0,0,0,0
KXXu_MET_NB>ESQu_MET_NB@MET,Metropolitan,NB,6,625,KXXu,King's Cross St. Pancras,575,ESQu,Euston Square,"39,576",581,"6,908","9,529","15,472","5,670","1,416",0,0,0,16,55,88,177,246,326,408,501,591,701,759,761,747,661,560,469,423,380,356,343,342,327,320,314,314,324,331,342,356,367,369,378,385,389,397,422,447,480,537,596,712,831,905,"1,070","1,274","1,431","1,550","1,673","1,643","1,552","1,379","1,162","1,002",859,721,606,591,517,450,395,366,318,294,284,269,259,231,209,181,151,121,96,72,47,30,16,6,0,0,0,0,0,0,0,0,0,0,0,0,0,0,0,0
ESQu_MET_NB>GPSu_MET_NB@MET,Metropolitan,NB,7,575,ESQu,Euston Square,588,GPSu,Great Portland Street,"39,427",508,"6,096","9,207","15,634","6,461","1,522",0,0,0,15,50,80,140,224,297,373,427,520,602,653,656,667,597,497,427,381,345,317,306,293,281,277,283,291,304,313,333,350,361,361,374,378,382,394,432,459,496,559,631,686,797,937,"1,013","1,210","1,412","1,541","1,621","1,692","1,587","1,451","1,289","1,084",944,819,717,625,613,531,478,414,389,326,313,292,277,249,226,194,162,130,102,76,50,31,17,7,0,0,0,0,0,0,0,0,0,0,0,0,0,0,0,0
GPSu_MET_NB>BSTu_MET_NB@MET,Metropolitan,NB,8,588,GPSu,Great Portland Street,511,BSTu,Baker Street,"39,468",444,"5,275","8,924","16,475","6,672","1,678",0,0,0,14,46,73,127,185,246,296,383,465,551,590,602,568,500,415,346,313,286,268,261,266,262,260,265,274,291,299,317,339,356,355,365,373,378,390,417,458,497,550,637,759,874,"1,023","1,119","1,312","1,470","1,604","1,689","1,763","1,659","1,519","1,307","1,137",989,855,725,699,609,533,473,434,377,348,323,307,290,269,241,208,180,145,114,90,66,40,23,11,0,0,0,0,0,0,0,0,0,0,0,0,0,0,0,0
BSTu_MET_NB>FRDu_MET_NB@MET,Metropolitan,NB,9,511,BSTu,Baker Street,579,FRDu,Finchley Road,"46,986",506,"4,079","9,591","20,576","9,209","3,025",3,4,11,20,56,88,136,188,255,279,322,377,434,442,445,419,360,286,244,217,225,214,220,225,240,231,249,263,277,288,312,341,367,380,403,435,453,472,510,568,598,655,773,892,"1,084","1,295","1,396","1,605","1,818","1,920","1,979","2,147","2,063","1,959","1,771","1,538","1,335","1,164",971,840,812,715,645,596,578,538,512,503,490,458,413,370,321,261,208,172,129,85,56,40,18,3,0,0,0,0,0,0,0,0,0,0,0,0,0,0
FRDu_MET_NB>WPKu_MET_NB@MET,Metropolitan,NB,10,579,FRDu,Finchley Road,752,WPKu,Wembley Park,"39,112",524,"4,319","10,515","12,589","7,476","3,689",2,6,12,24,51,92,140,196,235,269,302,358,446,497,500,473,423,313,268,234,222,213,235,236,266,285,297,300,321,331,350,384,414,429,451,491,521,547,580,647,688,735,783,790,838,870,831,941,"1,068","1,129","1,203","1,343","1,229","1,182","1,044",910,768,644,549,523,549,604,683,680,693,649,575,559,549,520,479,441,401,324,269,231,176,119,89,57,24,9,0,0,0,0,0,0,0,0,0,0,0,0,0,0
FRDu_MET_NB>WPKu_METf_NB@MET,Metropolitan,NB,10,579,FRDu,Finchley Road (fast and semi fast-services),752,WPKu,Wembley Park (fast and semi-fast services),"15,873",108,630,301,"10,812","4,021",2,0,0,6,6,20,20,28,29,56,60,78,90,84,67,56,39,21,32,23,25,37,35,24,24,12,0,0,0,0,0,0,0,0,0,0,0,0,0,0,0,0,0,0,169,271,441,689,917,989,"1,133","1,104","1,117","1,112","1,036",990,"1,012",908,809,730,605,443,287,162,76,0,0,0,0,0,0,0,0,0,0,0,0,0,0,0,0,0,0,0,0,0,0,0,0,0,0,0,0,0,0,0,0
WPKu_MET_NB>PRDu_MET_NB@MET,Metropolitan,NB,11,752,WPKu,Wembley Park,677,PRDu,Preston Road,"31,896",514,"4,434","8,505","9,915","5,653","2,875",3,9,21,33,58,89,125,175,226,267,311,408,451,478,501,487,415,336,294,259,234,217,234,233,228,240,239,250,261,277,287,308,333,351,362,389,414,433,453,489,522,549,594,609,659,651,666,742,844,900,985,999,981,932,834,722,664,546,459,413,438,452,467,469,480,450,418,399,397,386,361,332,302,264,219,184,158,116,75,47,27,7,0,0,0,0,0,0,0,0,0,0,0,0,0,0
WPKu_METf_NB>HOHu_MET_NB@MET,Metropolitan,NB,11,752,WPKu,Wembley Park (fast and semi-fast services),598,HOHu,Harrow-on-the-Hill (fast and semi-fast services),"12,578",105,644,140,"8,272","3,414",2,0,0,0,5,15,20,29,36,43,45,64,77,88,87,75,57,36,29,18,25,31,29,19,19,12,0,0,0,0,0,0,0,0,0,0,0,0,0,0,0,0,0,0,30,189,318,495,607,770,769,837,849,924,844,867,803,745,665,597,492,385,255,147,102,27,0,0,0,0,0,0,0,0,0,0,0,0,0,0,0,0,0,0,0,0,0,0,0,0,0,0,0,0,0,0,0
PRDu_MET_NB>NWPu_MET_NB@MET,Metropolitan,NB,12,677,PRDu,Preston Road,660,NWPu,Northwick Park,"29,990",524,"4,626","8,157","8,843","5,070","2,770",4,11,24,38,58,94,129,167,219,288,335,401,466,521,523,501,447,372,302,252,230,232,227,224,233,240,232,247,258,271,279,295,317,337,347,366,397,415,427,451,493,506,535,595,589,621,631,625,660,777,785,876,934,869,766,709,581,479,430,375,353,384,407,413,441,438,396,373,371,363,339,316,290,259,217,179,150,118,76,47,32,14,0,0,0,0,0,0,0,0,0,0,0,0,0,0
NWPu_MET_NB>HOHu_MET_NB@MET,Metropolitan,NB,13,660,NWPu,Northwick Park,598,HOHu,Harrow-on-the-Hill,"26,812",473,"3,940","7,256","7,930","4,647","2,566",3,9,20,34,57,79,121,151,183,231,281,320,374,463,458,439,403,337,243,209,177,160,173,174,186,205,212,219,229,243,252,267,286,303,313,330,360,380,396,420,461,477,509,526,560,584,552,572,631,694,692,807,775,767,670,625,482,453,353,333,309,380,390,408,409,416,368,346,345,338,311,286,269,239,199,169,146,104,69,43,29,13,5,0,0,0,0,0,0,0,0,0,0,0,0,0
HOHu_MET_NB>NHRu_MET_NB@MET,Metropolitan,NB,14,598,HOHu,Harrow-on-the-Hill,656,NHRu,North Harrow,"15,150",235,"2,413","2,830","5,338","3,178","1,156",1,3,12,19,26,42,52,79,107,148,185,263,289,319,293,269,199,151,98,91,73,63,65,67,70,72,77,81,87,94,100,104,111,117,124,130,144,151,160,160,180,187,197,215,251,287,329,406,451,453,532,517,516,552,573,471,494,417,326,293,275,240,237,221,194,180,156,145,146,147,146,133,121,111,92,77,69,51,32,21,10,0,0,0,0,0,0,0,0,0,0,0,0,0,0,0
HOHu_MET_NB>MPKu_MET_NB@MET,Metropolitan,NB,14,598,HOHu,Harrow-on-the-Hill (fast and semi-fast services),646,MPKu,Moor Park (fast and semi-fast services),"2,867",0,0,0,"1,973",894,0,0,0,0,0,0,0,0,0,0,0,0,0,0,0,0,0,0,0,0,0,0,0,0,0,0,0,0,0,0,0,0,0,0,0,0,0,0,0,0,0,0,0,0,0,71,98,137,137,176,153,168,171,208,223,218,214,205,197,160,131,94,61,32,15,0,0,0,0,0,0,0,0,0,0,0,0,0,0,0,0,0,0,0,0,0,0,0,0,0,0,0,0,0,0,0,0
NHRu_MET_NB>PINu_MET_NB@MET,Metropolitan,NB,15,656,NHRu,North Harrow,675,PINu,Pinner,"13,688",230,"2,626","2,603","4,421","2,795","1,012",0,3,10,16,23,38,54,86,119,149,225,272,310,355,337,277,230,167,96,89,70,61,61,64,65,68,73,77,81,89,93,97,104,109,114,119,130,137,145,145,162,168,178,194,225,252,285,296,382,382,411,434,479,414,435,428,388,353,320,289,235,231,204,191,168,156,134,126,128,129,128,116,106,97,80,62,56,45,28,18,15,5,0,0,0,0,0,0,0,0,0,0,0,0,0,0
PINu_MET_NB>NWHu_MET_NB@MET,Metropolitan,NB,16,675,PINu,Pinner,662,NWHu,Northwood Hills,"11,262",204,"2,952","2,054","3,159","2,019",874,0,2,5,15,22,35,52,72,105,176,261,355,407,421,384,306,209,150,105,73,63,58,52,53,55,58,59,63,67,70,74,77,80,84,88,93,98,107,111,116,117,131,134,147,162,183,217,224,250,286,305,301,327,313,293,299,272,252,227,198,168,157,142,143,133,117,109,101,96,101,101,98,90,83,75,61,54,46,33,20,13,4,0,0,0,0,0,0,0,0,0,0,0,0,0,0
NWHu_MET_NB>NWDu_MET_NB@MET,Metropolitan,NB,17,662,NWHu,Northwood Hills,661,NWDu,Northwood,"9,949",187,"3,021","1,829","2,462","1,693",756,0,2,5,15,21,30,43,71,104,169,286,336,410,427,397,299,249,158,110,77,58,53,47,47,49,52,53,56,60,63,66,69,72,75,78,82,85,92,96,101,104,117,122,134,142,154,157,178,195,225,220,238,236,246,228,243,234,216,173,159,135,129,123,128,112,110,90,84,80,85,87,84,78,72,66,53,48,41,29,17,11,3,0,0,0,0,0,0,0,0,0,0,0,0,0,0
NWDu_MET_NB>MPKu_MET_NB@MET,Metropolitan,NB,18,661,NWDu,Northwood,646,MPKu,Moor Park,"7,548",157,"2,710","1,397","1,536","1,161",587,0,1,4,13,14,25,38,61,80,125,215,308,360,380,392,306,219,152,112,61,54,41,36,35,37,39,41,44,47,50,53,54,55,56,59,61,64,69,72,74,75,85,94,102,93,107,102,99,101,140,138,152,157,152,145,150,132,124,124,98,86,93,98,95,91,85,74,61,58,63,65,60,60,57,52,43,43,35,25,14,9,3,0,0,0,0,0,0,0,0,0,0,0,0,0,0
MPKu_MET_NB>CRXu_MET_NB@MET,Metropolitan,NB,19,646,MPKu,Moor Park,554,CRXu,Croxley,"4,158",47,998,627,"1,437",825,224,0,1,1,3,4,7,12,20,31,52,85,98,136,143,135,105,98,53,36,26,24,15,18,17,18,18,19,20,22,23,23,24,24,24,24,26,27,29,31,34,34,37,43,54,67,79,95,105,117,124,138,137,157,147,142,129,131,105,107,91,84,67,58,43,42,34,32,32,29,27,25,23,20,19,17,15,13,12,9,6,4,2,0,0,0,0,0,0,0,0,0,0,0,0,0,0
CRXu_MET_NB>WATu_MET_NB@MET,Metropolitan,NB,20,554,CRXu,Croxley,748,WATu,Watford,"3,031",32,856,538,900,559,146,0,0,1,1,3,6,9,12,17,30,55,88,104,127,127,108,77,62,37,25,20,17,15,14,15,15,16,17,18,18,18,18,18,18,19,20,21,22,22,26,37,39,43,51,58,55,63,64,75,71,69,85,87,79,96,97,80,83,76,58,55,47,38,32,27,22,21,21,20,19,18,15,13,12,11,9,8,8,6,4,3,1,0,0,0,0,0,0,0,0,0,0,0,0,0,0
MPKu_MET_NB>RKYu_MET_NB@MET,Metropolitan,NB,21,646,MPKu,Moor Park,687,RKYu,Rickmansworth,"5,787",74,"1,687",766,"1,836","1,080",344,0,0,3,7,10,14,18,22,44,69,141,200,244,239,253,184,130,86,68,30,25,21,18,17,19,20,21,23,26,28,31,32,32,32,33,34,34,37,38,40,40,48,56,62,68,102,103,136,150,196,179,206,175,199,166,156,149,159,132,124,120,102,82,66,48,43,29,27,26,32,35,38,36,34,33,26,25,23,18,10,7,3,0,0,0,0,0,0,0,0,0,0,0,0,0,0
RKYu_MET_NB>CWDu_MET_NB@MET,Metropolitan,NB,22,687,RKYu,Rickmansworth,546,CWDu,Chorleywood,"4,437",53,"1,276",620,"1,297",901,290,1,1,2,5,7,7,13,16,35,55,91,163,185,177,188,151,87,64,55,24,27,17,14,13,14,15,15,17,19,21,24,26,25,25,26,27,27,29,30,32,34,40,48,54,58,83,82,106,109,145,130,153,116,117,99,99,104,120,130,109,106,72,72,53,45,34,33,22,21,26,30,33,31,30,29,22,17,17,14,8,5,5,2,0,0,0,0,0,0,0,0,0,0,0,0,0
CWDu_MET_NB>CLFu_MET_NB@MET,Metropolitan,NB,23,546,CWDu,Chorleywood,539,CLFu,Chalfont & Latimer,"3,379",36,675,459,"1,168",775,266,1,1,2,2,5,5,9,12,18,19,45,72,91,95,98,84,56,39,32,27,17,15,13,11,11,12,13,12,14,15,16,18,19,18,19,20,22,21,23,23,27,26,34,40,49,81,84,106,95,100,98,111,103,112,126,103,116,103,117,92,92,59,54,37,36,23,26,20,20,19,23,25,28,25,25,24,19,17,16,12,7,5,2,0,0,0,0,0,0,0,0,0,0,0,0,0
CLFu_MET_NB>CHMu_MET_NB@MET,Metropolitan,NB,24,539,CLFu,Chalfont & Latimer,543,CHMu,Chesham,"1,567",8,210,226,654,369,100,0,0,0,0,1,1,3,3,11,10,10,25,25,25,25,29,15,15,9,9,7,4,7,4,6,4,6,4,7,5,8,6,10,6,9,6,12,9,13,11,20,14,25,20,33,23,46,35,60,48,82,59,82,58,81,47,69,46,59,36,36,23,27,14,18,18,14,10,14,10,12,7,10,6,8,6,8,4,5,3,3,1,1,0,0,0,0,0,0,0,0,0,0,0,0,0
CLFu_MET_NB>AMEu_MET_NB@MET,Metropolitan,NB,25,539,CLFu,Chalfont & Latimer,506,AMEu,Amersham,935,13,231,152,260,200,79,0,0,0,1,2,2,2,5,4,8,14,22,27,27,28,31,22,17,17,13,6,7,3,5,3,4,3,5,4,6,5,8,6,7,5,7,4,6,4,7,5,14,12,18,15,21,11,20,14,21,18,29,25,30,24,31,26,28,27,25,23,19,12,12,12,6,4,5,2,5,4,8,7,9,6,9,5,7,6,6,3,3,0,0,0,0,0,0,0,0,0,0,0,0,0,0
HOHu_MET_NB>WHRu_MET_NB@MET,Metropolitan,NB,26,598,HOHu,Harrow-on-the-Hill,759,WHRu,West Harrow,"16,940",305,"2,016","3,870","6,652","3,121",977,3,6,11,22,38,56,76,93,106,122,147,176,195,231,231,211,189,171,122,113,120,107,96,115,114,103,108,122,117,125,128,138,144,152,156,165,173,184,194,206,229,264,289,321,330,398,414,502,555,632,673,706,663,634,620,525,452,431,386,294,277,267,207,181,186,160,144,135,133,129,119,109,102,83,76,59,51,39,35,17,15,8,3,0,0,0,0,0,0,0,0,0,0,0,0,0
WHRu_MET_NB>RAYu_MET_NB@MET,Metropolitan,NB,27,759,WHRu,West Harrow,683,RAYu,Rayners Lane,"15,846",309,"2,073","3,585","6,180","2,764",934,0,5,11,22,38,59,78,96,111,129,156,188,207,222,240,219,180,162,144,115,112,110,109,104,103,100,106,106,113,116,123,128,136,140,146,152,161,168,176,190,205,236,257,288,323,390,405,445,536,577,614,641,645,572,559,474,410,358,332,268,233,226,204,170,154,150,135,125,121,118,111,103,96,85,73,61,51,42,31,21,13,7,2,0,0,0,0,0,0,0,0,0,0,0,0,0
RAYu_MET_NB>ETEu_MET_NB@MET,Metropolitan,NB,28,683,RAYu,Rayners Lane,564,ETEu,Eastcote,"12,475",233,"1,863","2,994","4,533","2,166",686,0,2,9,19,33,41,60,71,82,106,138,150,177,210,202,192,187,165,132,123,114,100,98,95,91,87,92,92,98,101,107,110,115,117,122,124,131,135,143,150,161,187,202,224,254,280,317,343,360,388,439,428,442,471,437,374,351,304,252,225,198,166,149,120,110,105,96,90,88,86,82,76,71,62,53,44,36,30,23,16,10,7,2,0,0,0,0,0,0,0,0,0,0,0,0,0
ETEu_MET_NB>RUMu_MET_NB@MET,Metropolitan,NB,29,564,ETEu,Eastcote,693,RUMu,Ruislip Manor,"10,663",200,"1,878","2,779","3,568","1,693",544,0,2,9,14,23,39,46,67,83,95,114,161,177,209,219,215,188,166,135,116,117,103,102,97,102,86,82,90,94,96,91,112,107,107,99,122,116,118,112,142,140,161,174,207,216,236,237,253,287,308,344,360,368,339,336,285,256,231,211,158,152,139,118,102,100,84,70,72,69,67,64,65,50,48,40,35,29,28,19,15,9,6,2,0,0,0,0,0,0,0,0,0,0,0,0,0
RUMu_MET_NB>RUIu_MET_NB@MET,Metropolitan,NB,30,693,RUMu,Ruislip Manor,691,RUIu,Ruislip,"9,674",195,"1,856","2,634","3,065","1,437",487,0,2,8,14,22,38,45,66,82,94,113,144,178,192,220,217,199,158,143,117,108,108,103,104,97,90,88,91,91,94,99,100,104,103,105,106,108,109,112,119,127,139,157,173,182,206,231,214,266,260,280,274,327,279,288,257,234,176,175,148,123,107,107,81,80,72,71,64,61,57,56,52,47,42,39,33,26,24,20,13,8,7,2,0,0,0,0,0,0,0,0,0,0,0,0,0
RUIu_MET_NB>ICKu_MET_NB@MET,Metropolitan,NB,31,691,RUIu,Ruislip,615,ICKu,Ickenham,"8,726",167,"1,859","2,531","2,567","1,189",413,0,1,7,11,19,26,41,62,78,93,121,144,179,193,223,205,201,159,145,118,121,108,103,103,96,90,88,89,91,93,98,97,101,100,102,102,104,103,104,108,115,125,138,151,158,177,195,181,199,215,235,230,272,255,239,209,191,145,135,123,103,89,90,77,67,59,58,53,50,47,47,44,40,36,33,28,22,19,17,12,8,7,4,0,0,0,0,0,0,0,0,0,0,0,0,0
ICKu_MET_NB>HDNu_MET_NB@MET,Metropolitan,NB,32,615,ICKu,Ickenham,606,HDNu,Hillingdon,"8,100",133,"1,829","2,483","2,243","1,058",353,0,1,2,6,13,23,37,52,66,89,112,136,157,198,208,205,193,185,147,132,123,118,105,104,96,90,87,88,89,92,96,95,99,98,100,99,100,98,97,102,111,119,132,145,150,143,164,167,182,192,229,216,216,217,203,166,152,142,115,106,100,88,78,67,59,53,51,46,43,40,40,36,32,30,28,24,19,18,14,11,7,6,3,1,0,0,0,0,0,0,0,0,0,0,0,0
HDNu_MET_NB>UXBu_MET_NB@MET,Metropolitan,NB,33,606,HDNu,Hillingdon,740,UXBu,Uxbridge,"6,689",104,"1,693","2,299","1,607",729,257,0,0,1,3,9,18,30,43,56,68,80,122,144,167,207,216,187,168,162,116,111,116,114,91,104,95,82,82,91,85,88,87,91,89,90,88,88,86,85,90,98,105,116,127,128,118,130,129,135,137,150,148,144,140,131,116,97,86,77,72,65,62,62,50,43,44,38,33,31,29,28,26,24,22,19,18,14,13,11,10,5,4,2,1,0,0,0,0,0,0,0,0,0,0,0,0
UXBu_MET_SB>HDNu_MET_SB@MET,Metropolitan,SB,1,740,UXBu,Uxbridge,606,HDNu,Hillingdon,"6,905",423,"1,561","2,356","2,065",420,81,13,17,30,38,51,67,93,113,129,162,167,182,165,169,130,120,88,94,75,80,78,81,78,79,79,82,88,88,91,93,100,100,100,98,105,99,97,94,101,102,101,117,145,160,171,190,214,216,203,217,200,177,151,134,99,94,65,52,53,44,33,34,33,26,24,22,18,16,14,13,12,11,9,7,5,4,3,2,1,1,0,0,0,0,0,0,0,0,0,0,0,0,0,0,0,0
HDNu_MET_SB>ICKu_MET_SB@MET,Metropolitan,SB,2,606,HDNu,Hillingdon,615,ICKu,Ickenham,"8,432",635,"2,295","2,666","2,250",489,98,17,24,35,50,79,110,148,171,213,256,260,247,251,224,179,163,150,133,121,99,100,91,86,85,95,97,97,104,103,105,96,113,110,108,108,114,109,106,122,131,125,143,142,176,169,185,204,236,222,238,240,206,180,147,125,97,87,69,54,46,43,34,34,31,28,22,21,18,18,15,15,13,11,8,7,5,3,2,1,1,0,0,0,0,0,0,0,0,0,0,0,0,0,0,0,0
ICKu_MET_SB>RUIu_MET_SB@MET,Metropolitan,SB,3,615,ICKu,Ickenham,691,RUIu,Ruislip,"9,027",723,"2,611","2,727","2,379",490,98,20,28,41,65,95,125,150,199,222,298,301,302,282,275,198,170,169,150,135,109,111,98,93,91,101,101,104,110,109,111,112,117,115,114,113,118,112,109,104,118,119,121,148,180,192,201,236,242,251,242,247,211,185,147,127,98,87,69,57,45,43,34,33,31,28,22,21,19,17,16,15,13,11,8,7,5,3,2,1,1,0,0,0,0,0,0,0,0,0,0,0,0,0,0,0,0
RUIu_MET_SB>RUMu_MET_SB@MET,Metropolitan,SB,4,691,RUIu,Ruislip,693,RUMu,Ruislip Manor,"9,933",858,"3,097","2,953","2,384",532,109,14,34,43,79,99,160,181,248,273,304,336,366,339,306,289,231,183,162,165,144,126,124,118,112,113,112,114,119,118,118,120,123,121,120,119,124,118,114,108,124,123,127,153,184,194,204,236,241,250,244,236,203,189,152,123,114,98,68,55,55,41,38,38,36,30,28,24,21,19,17,17,14,12,10,7,5,3,2,1,1,0,0,0,0,0,0,0,0,0,0,0,0,0,0,0,0
RUMu_MET_SB>ETEu_MET_SB@MET,Metropolitan,SB,5,693,RUMu,Ruislip Manor,564,ETEu,Eastcote,"10,834","1,009","3,612","3,144","2,406",553,110,15,31,52,98,120,191,205,297,323,360,390,413,388,350,332,271,245,189,188,165,142,141,133,126,125,123,123,126,125,126,127,129,128,126,125,127,123,118,111,131,121,136,161,191,196,216,201,216,231,226,236,239,217,175,143,111,100,69,57,54,47,37,37,37,33,29,27,25,20,18,17,14,11,9,7,5,3,3,1,1,0,0,0,0,0,0,0,0,0,0,0,0,0,0,0,0
ETEu_MET_SB>RAYu_MET_SB@MET,Metropolitan,SB,6,564,ETEu,Eastcote,683,RAYu,Rayners Lane,"12,673","1,209","4,722","3,483","2,537",590,132,21,40,69,126,156,199,267,332,367,474,502,528,519,511,425,387,325,278,222,184,174,151,144,149,150,144,144,145,140,142,142,145,141,140,137,139,134,130,133,130,140,157,159,174,197,204,207,239,246,256,248,249,218,188,154,133,99,85,70,56,49,45,38,36,33,29,27,25,23,20,19,17,14,11,10,7,4,3,2,1,0,0,0,0,0,0,0,0,0,0,0,0,0,0,0,0
RAYu_MET_SB>WHRu_MET_SB@MET,Metropolitan,SB,7,683,RAYu,Rayners Lane,759,WHRu,West Harrow,"16,112","1,600","6,273","4,417","2,856",788,178,33,50,111,166,202,292,332,414,458,579,639,692,705,694,625,518,448,344,322,250,234,231,221,193,194,185,184,179,179,179,182,180,177,173,173,167,167,162,156,159,175,170,190,208,227,230,252,263,281,262,279,261,250,212,191,148,138,100,85,84,70,54,53,50,43,39,39,34,32,28,26,22,19,14,11,9,6,4,3,2,0,0,0,0,0,0,0,0,0,0,0,0,0,0,0,0
WHRu_MET_SB>HOHu_MET_SB@MET,Metropolitan,SB,8,759,WHRu,West Harrow,598,HOHu,Harrow-on-the-Hill,"17,200","1,769","6,866","4,763","2,830",791,180,39,58,97,195,232,277,378,492,507,635,755,754,767,754,630,538,485,379,340,324,279,253,239,220,211,202,200,196,194,194,197,194,191,187,185,178,177,171,164,166,180,176,195,211,228,232,253,238,282,264,259,261,254,208,186,164,125,116,83,82,69,61,52,47,44,39,39,34,35,28,27,23,19,15,12,8,6,4,2,2,1,0,0,0,0,0,0,0,0,0,0,0,0,0,0,0
AMEu_MET_SB>CLFu_MET_SB@MET,Metropolitan,SB,9,506,AMEu,Amersham,539,CLFu,Chalfont & Latimer,"1,158",269,493,217,135,37,7,4,11,24,25,38,43,60,64,63,76,71,72,56,58,33,34,8,10,8,4,3,5,2,3,2,6,5,7,6,10,6,8,5,9,5,7,6,12,8,10,7,32,25,28,26,30,11,11,11,11,9,5,6,5,5,5,4,5,4,4,3,3,2,3,2,3,2,2,1,1,1,1,0,1,0,1,1,1,0,0,0,0,0,0,0,0,0,0,0,0,0,0,0,0,0,0
CHMu_MET_SB>CLFu_MET_SB@MET,Metropolitan,SB,10,543,CHMu,Chesham,539,CLFu,Chalfont & Latimer,"1,747",303,846,355,204,32,7,0,16,16,16,47,47,80,80,120,89,137,88,109,69,81,33,45,24,32,20,27,15,21,13,20,13,19,13,18,12,17,10,14,9,13,9,12,8,12,7,11,8,27,28,28,30,30,19,14,19,13,16,9,11,6,8,4,5,2,2,2,2,2,2,3,2,2,2,2,1,1,1,1,1,1,0,0,0,0,0,0,0,0,0,0,0,0,0,0,0,0,0,0,0,0,0
CLFu_MET_SB>CWDu_MET_SB@MET,Metropolitan,SB,11,539,CLFu,Chalfont & Latimer,546,CWDu,Chorleywood,"3,800",700,"1,606",869,496,100,29,7,21,56,58,106,115,156,180,225,224,215,208,160,141,92,104,75,67,49,46,41,26,29,22,27,27,32,27,32,32,31,24,28,27,25,23,26,39,38,33,37,82,82,80,85,87,45,35,43,37,40,34,31,21,24,14,14,11,10,9,8,7,7,7,7,6,8,8,7,6,6,3,2,2,1,1,1,0,0,0,0,0,0,0,0,0,0,0,0,0,0,0,0,0,0,0
CWDu_MET_SB>RKYu_MET_SB@MET,Metropolitan,SB,12,546,CWDu,Chorleywood,687,RKYu,Rickmansworth,"4,846",730,"2,048","1,167",718,143,40,10,28,69,70,110,142,125,176,218,252,263,317,239,228,162,121,70,75,54,49,43,44,32,25,34,34,41,35,37,38,41,33,35,36,31,25,28,45,45,40,48,132,134,132,141,141,65,50,54,48,52,43,40,32,33,20,18,15,17,13,11,10,8,9,9,9,11,13,10,8,8,5,3,2,1,1,1,0,0,0,0,0,0,0,0,0,0,0,0,0,0,0,0,0,0,0
RKYu_MET_SB>MPKu_MET_SB@MET,Metropolitan,SB,13,687,RKYu,Rickmansworth,646,MPKu,Moor Park,"6,444",849,"2,639","1,580","1,115",190,70,16,37,70,87,89,154,157,239,291,390,366,395,301,260,184,140,96,90,70,56,47,46,37,38,33,40,44,52,51,52,56,56,47,46,47,43,38,41,60,58,95,124,214,215,230,198,182,92,79,63,60,49,49,41,41,31,24,20,18,16,14,15,13,15,14,14,13,15,16,13,12,11,7,4,3,2,1,1,1,0,0,0,0,0,0,0,0,0,0,0,0,0,0,0,0,0
WATu_MET_SB>CRXu_MET_SB@MET,Metropolitan,SB,14,748,WATu,Watford,554,CRXu,Croxley,"3,042",313,"1,172",876,572,92,17,6,12,20,33,40,49,62,92,118,142,173,172,149,117,89,58,47,37,36,32,27,23,23,22,22,22,23,24,24,23,23,23,25,26,29,30,30,28,27,64,78,83,86,89,58,51,60,59,65,63,60,46,42,31,23,15,14,11,10,10,9,8,7,6,5,5,4,4,3,3,2,2,2,2,1,1,0,0,0,0,0,0,0,0,0,0,0,0,0,0,0,0,0,0,0,0
CRXu_MET_SB>MPKu_MET_SB@MET,Metropolitan,SB,15,554,CRXu,Croxley,646,MPKu,Moor Park,"4,177",479,"1,730","1,118",718,114,19,9,19,30,40,58,80,103,141,196,237,251,233,203,161,117,85,75,69,54,48,41,42,34,33,32,32,32,31,31,30,29,28,31,33,35,36,37,34,33,68,96,102,106,110,82,57,65,72,80,79,81,66,54,36,27,18,17,13,14,12,11,9,9,8,7,6,5,5,4,3,3,3,2,2,1,1,0,0,0,0,0,0,0,0,0,0,0,0,0,0,0,0,0,0,0,0
MPKu_MET_SB>NWDu_MET_SB@MET,Metropolitan,SB,16,646,MPKu,Moor Park,661,NWDu,Northwood,"8,456",878,"2,383","2,671","2,094",341,89,25,37,65,99,119,135,178,220,252,298,335,307,269,219,175,111,111,102,102,100,99,87,77,77,72,78,82,89,87,87,88,86,77,79,81,80,77,80,94,92,157,211,306,328,350,295,262,200,172,167,165,148,109,97,72,57,46,44,39,38,28,26,22,21,20,20,18,19,20,17,15,14,9,6,4,2,2,1,1,0,0,0,0,0,0,0,0,0,0,0,0,0,0,0,0,0
MPKu_MET_SB>HOHu_MET_SB@MET,Metropolitan,SB,16,646,MPKu,Moor Park (fast and semi-fast services),598,HOHu,Harrow-on-the-Hill (fast and semi-fast services),"2,622",491,"2,125",0,0,6,0,0,0,0,35,39,96,124,198,236,305,301,316,263,228,155,126,83,62,24,24,0,0,0,0,0,0,0,0,0,0,0,0,0,0,0,0,0,0,0,0,0,0,0,0,0,0,0,0,0,0,0,0,0,0,0,0,0,0,0,1,1,1,1,1,0,0,0,0,0,0,0,0,0,0,0,0,0,0,0,0,0,0,0,0,0,0,0,0,0,0,0,0,0,0,0,0
NWDu_MET_SB>NWHu_MET_SB@MET,Metropolitan,SB,17,661,NWDu,Northwood,662,NWHu,Northwood Hills,"10,819","1,061","3,385","3,291","2,564",409,110,29,45,79,126,158,178,207,239,332,395,451,444,403,302,254,172,155,178,159,139,135,136,109,111,105,111,114,120,116,117,115,111,101,102,103,102,99,102,115,114,172,216,312,355,369,339,310,255,212,228,193,199,152,130,92,85,55,50,47,41,36,32,31,26,24,24,23,22,23,20,19,17,12,7,5,3,2,1,1,0,0,0,0,0,0,0,0,0,0,0,0,0,0,0,0,0
NWHu_MET_SB>PINu_MET_SB@MET,Metropolitan,SB,18,662,NWHu,Northwood Hills,675,PINu,Pinner,"12,252","1,214","4,058","3,733","2,657",465,125,13,39,93,136,171,195,267,299,358,435,543,497,458,405,355,240,204,198,198,166,159,170,153,131,125,131,134,138,134,134,131,126,115,114,115,114,110,114,128,130,197,239,326,367,377,340,313,252,226,229,206,205,173,138,107,91,66,57,48,47,38,36,34,31,29,28,26,26,27,23,21,18,13,8,6,3,2,1,1,0,0,0,0,0,0,0,0,0,0,0,0,0,0,0,0,0
PINu_MET_SB>NHRu_MET_SB@MET,Metropolitan,SB,19,675,PINu,Pinner,656,NHRu,North Harrow,"14,705","1,409","5,671","4,075","2,883",516,151,17,46,96,135,213,249,306,347,502,582,723,718,702,577,480,333,293,276,264,221,212,199,176,152,166,159,165,165,166,162,158,153,147,140,137,139,135,130,131,142,161,236,234,311,324,333,291,322,277,258,241,232,192,159,140,113,75,72,54,52,45,40,34,35,29,28,25,28,25,27,24,22,18,13,8,5,3,2,1,1,0,0,0,0,0,0,0,0,0,0,0,0,0,0,0,0
NHRu_MET_SB>HOHu_MET_SB@MET,Metropolitan,SB,20,656,NHRu,North Harrow,598,HOHu,Harrow-on-the-Hill,"16,352","1,642","6,598","4,462","2,945",552,152,0,53,111,162,218,318,365,413,585,713,827,823,788,669,513,396,351,346,287,299,245,228,200,195,191,181,187,187,185,179,175,169,163,156,153,154,149,142,141,151,168,214,242,309,321,335,304,311,258,269,249,241,209,188,143,115,88,73,58,47,42,43,36,37,36,33,30,29,26,27,24,22,18,13,8,5,3,2,1,1,0,0,0,0,0,0,0,0,0,0,0,0,0,0,0,0
HOHu_MET_SB>NWPu_MET_SB@MET,Metropolitan,SB,21,598,HOHu,Harrow-on-the-Hill,660,NWPu,Northwick Park,"27,281","2,395","6,369","10,374","6,211","1,539",394,58,137,227,344,394,397,402,435,477,592,701,698,664,601,515,413,365,414,457,472,508,562,520,473,466,445,452,445,440,434,435,419,406,396,392,379,369,360,358,352,384,413,453,513,551,554,562,587,592,583,599,573,516,430,373,291,242,194,166,145,127,118,105,100,94,88,81,78,73,67,60,53,43,31,24,17,11,7,5,2,1,1,0,0,0,0,0,0,0,0,0,0,0,0,0,0
HOHu_MET_SB>WPKu_METf_SB@MET,Metropolitan,SB,21,598,HOHu,Harrow-on-the-Hill (fast and semi-fast services),752,WPKu,Wembley Park (fast and semi-fast services),"12,847","1,795","10,891",161,0,0,0,0,0,0,42,194,305,528,727,982,"1,170","1,255","1,271","1,270","1,134",967,901,719,572,412,238,109,52,0,0,0,0,0,0,0,0,0,0,0,0,0,0,0,0,0,0,0,0,0,0,0,0,0,0,0,0,0,0,0,0,0,0,0,0,0,0,0,0,0,0,0,0,0,0,0,0,0,0,0,0,0,0,0,0,0,0,0,0,0,0,0,0,0,0,0,0,0,0,0,0,0,0
NWPu_MET_SB>PRDu_MET_SB@MET,Metropolitan,SB,22,660,NWPu,Northwick Park,677,PRDu,Preston Road,"30,512","2,719","6,995","11,354","7,182","1,821",442,38,129,257,392,431,470,498,506,539,606,713,763,729,670,654,522,419,425,464,492,549,580,570,521,497,478,482,482,480,472,479,463,445,430,431,418,409,404,407,400,424,460,509,562,621,667,687,694,713,701,657,638,574,486,407,336,265,229,197,179,166,147,134,119,107,99,93,88,82,76,66,58,48,36,24,20,12,8,5,5,1,0,0,0,0,0,0,0,0,0,0,0,0,0,0,0
PRDu_MET_SB>WPKu_MET_SB@MET,Metropolitan,SB,23,677,PRDu,Preston Road,752,WPKu,Wembley Park,"32,533","3,094","8,162","11,879","7,103","1,859",435,45,144,247,412,492,551,594,609,603,729,832,880,856,807,732,615,486,484,571,568,592,635,648,552,525,503,505,506,503,493,500,484,464,448,448,435,425,418,420,412,435,447,516,565,621,634,667,651,679,670,667,654,597,499,418,347,269,236,199,190,165,154,133,126,106,100,93,88,82,76,66,55,47,34,24,19,14,7,6,4,1,0,0,0,0,0,0,0,0,0,0,0,0,0,0,0
WPKu_MET_SB>FRDu_MET_SB@MET,Metropolitan,SB,24,752,WPKu,Wembley Park,579,FRDu,Finchley Road,"41,198","3,832","11,635","15,556","7,662","2,032",482,63,140,283,497,618,646,735,850,838,899,"1,052","1,169","1,169","1,134","1,147","1,016",889,735,791,796,850,842,877,804,733,690,680,679,671,662,671,666,637,599,586,565,535,515,519,515,518,546,567,629,649,670,683,749,722,740,720,700,614,546,469,400,320,262,225,195,177,158,145,132,115,108,101,95,86,81,70,65,55,41,31,24,14,7,5,3,0,0,0,0,0,0,0,0,0,0,0,0,0,0,0,0
WPKu_METf_SB>FRDu_MET_SB@MET,Metropolitan,SB,24,752,WPKu,Wembley Park (fast and semi-fast services),579,FRDu,Finchley Road (fast and semi fast-services),"12,847","1,680","10,934",234,0,0,0,0,0,0,42,167,305,528,638,870,"1,073","1,255","1,271","1,302","1,187","1,030",860,687,629,471,299,150,84,0,0,0,0,0,0,0,0,0,0,0,0,0,0,0,0,0,0,0,0,0,0,0,0,0,0,0,0,0,0,0,0,0,0,0,0,0,0,0,0,0,0,0,0,0,0,0,0,0,0,0,0,0,0,0,0,0,0,0,0,0,0,0,0,0,0,0,0,0,0,0,0,0,0
FRDu_MET_SB>BSTu_MET_SB@MET,Metropolitan,SB,25,579,FRDu,Finchley Road,511,BSTu,Baker Street,"44,735","3,467","19,489","13,176","6,396","1,759",448,4,86,161,281,494,642,805,994,"1,221","1,380","1,713","1,943","2,078","2,084","2,019","1,802","1,619","1,380","1,198","1,051",911,752,707,653,610,590,562,562,562,554,546,544,534,510,490,479,461,433,420,418,437,442,481,518,546,546,574,587,599,597,614,576,537,473,410,339,292,238,192,175,143,129,115,112,101,94,87,81,80,70,64,57,52,39,30,23,16,8,6,4,0,0,0,0,0,0,0,0,0,0,0,0,0,0,0,0
BSTu_MET_SB>GPSu_MET_SB@MET,Metropolitan,SB,26,511,BSTu,Baker Street,588,GPSu,Great Portland Street,"40,130","2,301","16,133","12,159","6,960","2,104",472,0,44,100,177,310,428,551,691,861,993,"1,230","1,462","1,642","1,744","1,742","1,665","1,504","1,293","1,060",936,782,676,618,606,571,543,500,494,498,497,489,495,490,471,450,445,430,418,411,417,428,450,478,503,516,540,562,595,652,682,692,689,637,529,469,396,315,257,231,196,174,159,151,146,133,123,112,106,100,87,75,64,51,37,27,18,10,4,0,0,0,0,0,0,0,0,0,0,0,0,0,0,0,0,0,0
GPSu_MET_SB>ESQu_MET_SB@MET,Metropolitan,SB,27,588,GPSu,Great Portland Street,575,ESQu,Euston Square,"39,970","2,223","15,178","12,063","7,638","2,377",490,0,42,96,171,300,414,533,667,827,949,"1,174","1,389","1,558","1,650","1,599","1,511","1,383","1,213",997,929,799,678,594,584,553,527,489,486,490,490,484,490,485,465,447,442,429,420,419,428,445,442,479,499,522,550,614,650,764,753,774,763,710,557,536,445,363,291,270,226,202,183,176,158,144,131,120,111,104,90,77,66,53,39,28,19,10,4,0,0,0,0,0,0,0,0,0,0,0,0,0,0,0,0,0,0
ESQu_MET_SB>KXXu_MET_SB@MET,Metropolitan,SB,28,575,ESQu,Euston Square,625,KXXu,King's Cross St. Pancras,"39,668","1,915","14,990","11,144","8,398","2,622",599,0,42,93,118,251,348,460,603,774,896,"1,118","1,327","1,510","1,641","1,661","1,587","1,458","1,201",986,831,701,566,541,513,479,447,432,422,434,439,442,444,443,426,415,403,394,390,397,409,431,477,532,564,593,635,678,720,790,832,855,832,747,652,581,483,382,340,285,236,212,206,190,183,168,152,140,128,119,104,91,79,65,52,39,27,16,8,0,0,0,0,0,0,0,0,0,0,0,0,0,0,0,0,0,0
KXXu_MET_SB>FARu_MET_SB@MET,Metropolitan,SB,29,625,KXXu,King's Cross St. Pancras,577,FARu,Farringdon,"40,924","1,646","16,830","10,909","8,072","2,741",727,0,37,59,96,204,289,397,565,717,866,"1,112","1,361","1,622","1,842","1,945","1,933","1,749","1,493","1,213",976,780,670,567,520,481,440,420,407,416,418,419,419,420,400,393,383,377,371,383,387,401,440,478,518,568,613,664,723,771,787,818,787,708,627,561,445,370,330,280,238,236,217,203,196,187,172,162,151,144,128,114,99,79,62,45,30,17,9,0,0,0,0,0,0,0,0,0,0,0,0,0,0,0,0,0,0
FARu_MET_SB>BARu_MET_SB@MET,Metropolitan,SB,30,577,FARu,Farringdon,501,BARu,Barbican,"32,453","1,212","12,953","8,323","7,086","2,262",617,0,0,38,65,128,208,333,441,582,728,894,"1,014","1,202","1,431","1,421","1,418","1,384","1,201",896,783,625,485,400,368,341,318,306,298,300,307,309,309,314,309,303,298,296,287,301,307,325,368,399,453,505,542,583,641,679,696,725,675,632,549,480,380,337,277,234,197,189,170,160,153,149,139,133,124,116,109,99,86,72,56,37,24,13,5,0,0,0,0,0,0,0,0,0,0,0,0,0,0,0,0,0,0
BARu_MET_SB>MGTu_MET_SB@MET,Metropolitan,SB,31,501,BARu,Barbican,645,MGTu,Moorgate,"30,029","1,082","11,492","7,605","7,036","2,215",599,0,0,24,58,117,191,278,415,497,618,808,936,"1,071","1,240","1,292","1,241","1,212","1,046",843,689,551,427,355,326,302,282,273,268,270,276,280,282,288,284,281,277,276,269,284,290,309,326,387,441,495,507,568,605,639,666,716,712,660,580,482,405,325,267,226,209,184,166,157,149,146,135,130,121,113,106,96,83,70,55,36,23,12,4,0,0,0,0,0,0,0,0,0,0,0,0,0,0,0,0,0,0
MGTu_MET_SB>LSTu_MET_SB@MET,Metropolitan,SB,32,645,MGTu,Moorgate,634,LSTu,Liverpool Street LU,"23,128",779,"8,222","6,075","5,758","1,855",438,0,0,20,46,90,143,206,274,350,427,513,650,778,883,929,941,875,757,611,507,415,330,277,260,241,226,221,218,219,223,225,226,230,228,225,223,222,216,228,233,248,269,325,347,392,430,473,502,553,570,553,556,514,458,399,359,287,238,206,175,161,145,132,114,110,101,96,91,87,83,75,63,50,36,21,14,7,3,0,0,0,0,0,0,0,0,0,0,0,0,0,0,0,0,0,0
LSTu_MET_SB>ALDu_MET_SB@MET,Metropolitan,SB,33,634,LSTu,Liverpool Street LU,502,ALDu,Aldgate,"8,047",192,"3,083","2,321","1,689",577,185,0,0,8,13,20,35,51,65,86,116,144,194,253,317,354,379,372,343,285,240,202,166,135,122,110,99,90,85,83,82,83,83,84,85,84,81,79,76,73,74,75,79,87,103,115,127,142,157,162,168,162,161,147,134,111,103,83,71,57,54,47,44,39,38,37,36,35,35,35,33,29,26,21,16,11,8,4,2,0,0,0,0,0,0,0,0,0,0,0,0,0,0,0,0,0,0
MORu_NOR_NB>SWMu_NOR_NB@NOR,Northern,NB,1,647,MORu,Morden,711,SWMu,South Wimbledon,"12,802","1,734","5,416","3,159","1,766",589,139,55,85,141,188,241,289,353,383,440,498,563,596,601,585,525,434,365,315,268,225,208,180,165,155,147,143,141,141,136,136,133,128,124,120,113,110,107,105,105,106,106,111,118,125,129,140,153,160,174,175,176,161,152,129,118,98,86,70,60,54,48,44,45,43,39,36,33,30,28,25,22,20,14,11,8,6,3,2,0,0,0,0,0,0,0,0,0,0,0,0,0,0,0,0,0,0
SWMu_NOR_NB>CLWu_NOR_NB@NOR,Northern,NB,2,711,SWMu,South Wimbledon,552,CLWu,Colliers Wood,"17,963","2,030","7,591","4,329","2,843",930,240,63,94,158,214,264,335,424,477,566,667,770,814,862,846,773,638,550,439,364,302,275,238,220,206,196,190,188,187,183,180,176,172,168,160,156,152,147,144,150,153,155,167,180,185,201,209,226,254,271,279,284,276,244,228,197,173,143,120,96,84,76,68,66,64,59,55,52,48,46,41,37,34,27,20,15,11,6,3,1,0,0,0,0,0,0,0,0,0,0,0,0,0,0,0,0,0
CLWu_NOR_NB>TBYu_NOR_NB@NOR,Northern,NB,3,552,CLWu,Colliers Wood,727,TBYu,Tooting Broadway,"25,090","2,765","10,910","5,954","3,856","1,291",312,74,118,199,278,370,459,590,678,803,923,"1,093","1,153","1,229","1,206","1,126",956,810,644,532,433,365,332,304,288,273,265,261,261,256,248,246,242,233,225,220,212,206,201,203,207,209,218,234,246,265,279,301,336,359,374,380,378,342,317,280,246,204,172,141,119,107,96,90,84,78,71,67,64,58,52,48,42,33,25,22,15,10,5,3,0,0,0,0,0,0,0,0,0,0,0,0,0,0,0,0,0
TBYu_NOR_NB>TBEu_NOR_NB@NOR,Northern,NB,4,727,TBYu,Tooting Broadway,726,TBEu,Tooting Bec,"39,200","3,792","16,130","9,381","6,961","2,394",543,96,156,248,387,504,621,813,966,"1,120","1,329","1,577","1,700","1,813","1,790","1,686","1,450","1,226",979,809,652,548,477,444,427,405,400,397,399,393,382,381,378,365,354,350,341,328,323,331,346,357,377,419,457,487,519,573,633,659,687,690,671,595,547,478,421,357,312,267,235,213,188,173,158,141,126,117,106,99,88,79,68,60,45,40,30,20,11,5,0,0,0,0,0,0,0,0,0,0,0,0,0,0,0,0,0
TBEu_NOR_NB>BALu_NOR_NB@NOR,Northern,NB,5,726,TBEu,Tooting Bec,512,BALu,Balham LU,"46,540","4,212","19,950","10,849","8,083","2,815",631,85,155,249,410,543,733,916,"1,122","1,318","1,591","1,879","2,107","2,277","2,298","2,133","1,840","1,549","1,215",951,791,665,571,528,508,484,466,464,466,456,441,443,434,422,409,400,389,381,367,374,391,404,415,465,505,552,605,679,727,791,794,805,764,717,619,558,470,412,345,308,277,253,227,209,193,171,153,139,128,114,101,92,81,67,55,48,33,22,12,5,0,0,0,0,0,0,0,0,0,0,0,0,0,0,0,0,0
BALu_NOR_NB>CPSu_NOR_NB@NOR,Northern,NB,6,512,BALu,Balham LU,549,CPSu,Clapham South,"54,788","4,773","24,121","12,392","9,478","3,253",771,87,165,271,427,598,821,"1,072","1,332","1,569","1,901","2,253","2,489","2,693","2,766","2,572","2,272","1,900","1,524","1,192",991,781,699,609,584,559,532,528,529,524,506,508,496,483,461,450,438,432,415,420,435,455,467,510,571,617,672,754,823,900,928,952,917,882,759,693,581,505,409,358,306,278,249,233,219,200,181,167,148,142,125,112,97,86,62,56,41,27,16,9,0,0,0,0,0,0,0,0,0,0,0,0,0,0,0,0,0
CPSu_NOR_NB>CPCu_NOR_NB@NOR,Northern,NB,7,549,CPSu,Clapham South,547,CPCu,Clapham Common,"61,849","5,196","27,784","13,846","10,564","3,603",857,85,156,277,477,644,892,"1,179","1,485","1,726","2,137","2,555","2,855","3,108","3,203","2,982","2,656","2,260","1,766","1,386","1,151",900,757,693,661,628,596,594,589,581,566,565,553,544,516,502,484,477,458,464,480,504,517,571,644,708,770,844,915,993,"1,015","1,043","1,018",981,852,771,655,566,456,399,346,306,277,257,238,216,196,179,166,154,137,127,112,93,72,60,43,29,17,10,3,0,0,0,0,0,0,0,0,0,0,0,0,0,0,0,0
CPCu_NOR_NB>CPNu_NOR_NB@NOR,Northern,NB,8,547,CPCu,Clapham Common,548,CPNu,Clapham North,"68,019","5,480","30,509","15,299","11,723","3,986","1,022",94,170,274,474,722,918,"1,227","1,600","1,868","2,258","2,776","3,090","3,364","3,524","3,358","2,941","2,547","2,005","1,552","1,226","1,011",842,769,726,702,665,654,648,648,625,623,614,599,571,556,537,530,510,508,522,549,559,642,690,773,844,925,995,"1,113","1,137","1,155","1,148","1,085",960,851,739,626,510,433,381,334,303,280,263,242,219,202,191,177,165,151,133,113,91,70,53,36,21,10,3,0,0,0,0,0,0,0,0,0,0,0,0,0,0,0,0
CPNu_NOR_NB>STKu_NOR_NB@NOR,Northern,NB,9,548,CPNu,Clapham North,716,STKu,Stockwell,"71,805","5,671","32,159","16,230","12,446","4,219","1,079",77,159,290,501,737,999,"1,274","1,633","1,916","2,338","2,827","3,211","3,508","3,681","3,559","3,118","2,719","2,205","1,721","1,357","1,138",941,812,768,744,705,693,686,685,658,655,645,629,599,587,568,561,540,538,550,578,586,638,725,813,865,980,"1,090","1,147","1,211","1,228","1,222","1,134","1,055",891,811,664,562,460,415,350,315,291,272,251,227,211,200,184,167,158,139,119,94,81,57,39,22,14,3,0,0,0,0,0,0,0,0,0,0,0,0,0,0,0,0
STKu_NOR_NB>OVLu_NOR_NB@NOR,Northern,NB,10,716,STKu,Stockwell,668,OVLu,Oval,"59,615","4,406","26,248","12,876","11,109","3,895","1,080",78,151,235,402,568,756,968,"1,248","1,475","1,798","2,165","2,479","2,801","2,966","2,935","2,691","2,388","1,895","1,488","1,167",909,727,644,600,577,545,534,531,528,518,515,513,504,486,470,462,453,436,433,442,458,475,516,601,681,730,843,954,"1,002","1,079","1,111","1,112","1,033",975,839,750,610,521,420,366,323,290,271,255,234,215,199,190,181,167,153,138,121,93,79,62,44,24,15,3,0,0,0,0,0,0,0,0,0,0,0,0,0,0,0,0
OVLu_NOR_NB>KENu_NORx_NB@NOR,Northern,NB,11,668,OVLu,Oval,616,KENu,Kennington (Charing Cross),"7,242","1,097","3,877",28,"1,884",357,0,27,52,69,112,169,188,233,245,342,404,415,404,531,450,376,365,306,150,90,46,0,0,0,0,0,0,0,0,0,0,0,0,0,0,0,0,0,0,0,0,0,0,0,28,28,61,116,151,156,218,213,213,203,209,163,154,125,100,61,45,26,0,0,0,0,0,0,0,0,0,0,0,0,0,0,0,0,0,0,0,0,0,0,0,0,0,0,0,0,0,0,0,0,0,0,0
OVLu_NOR_NB>KENu_NORb_NB@NOR,Northern,NB,11,668,OVLu,Oval,616,KENu,Kennington (Bank),"55,519","3,378","23,636","13,664","10,007","3,716","1,118",45,91,160,278,432,590,746,"1,036","1,167","1,408","1,702","2,149","2,334","2,646","2,686","2,564","2,243","1,919","1,555","1,264","1,029",821,715,634,608,575,563,561,557,545,540,538,527,508,491,484,473,456,453,462,479,496,540,610,665,691,752,841,904,950,"1,001","1,005",942,848,754,655,536,462,394,347,310,301,266,252,233,216,203,196,180,165,158,142,119,102,86,66,46,30,17,8,0,0,0,0,0,0,0,0,0,0,0,0,0,0,0,0
BPSu_NOR_NB>NIEu_NOR_NB@NOR,Northern,NB,12,832,BPSu,Battersea Power Station,831,NIEu,Nine Elms,"11,634",282,"3,063","3,662","2,699","1,485",444,2,7,11,24,35,50,58,94,120,157,201,304,360,382,367,346,281,203,177,166,167,130,144,128,143,122,143,134,156,139,157,143,165,142,162,148,169,145,172,156,179,158,189,170,198,195,233,236,258,250,254,238,228,216,209,184,172,147,148,131,144,126,134,107,109,87,97,83,87,72,74,55,48,35,31,18,12,8,3,2,0,0,0,0,0,0,0,0,0,0,0,0,0,0,0,0
NIEu_NOR_NB>KENu_NORx_NB@NOR,Northern,NB,13,831,NIEu,Nine Elms,616,KENu,Kennington (Charing Cross),"17,366",442,"4,935","5,655","3,824","1,922",589,4,12,18,40,55,79,91,143,159,240,313,420,507,595,579,551,501,422,334,315,288,262,230,241,221,231,215,239,231,244,225,241,225,233,215,233,219,229,217,238,226,244,240,272,261,289,301,337,343,362,360,355,332,310,297,276,241,216,193,181,162,166,150,146,124,121,108,114,102,99,86,78,61,52,39,30,20,12,5,3,1,0,0,0,0,0,0,0,0,0,0,0,0,0,0,0
NIEu_NOR_NB>KENu_NORb_NB@NOR,Northern,NB,13,831,NIEu,Nine Elms,616,KENu,Kennington (Bank),0,0,0,0,0,0,0,0,0,0,0,0,0,0,0,0,0,0,0,0,0,0,0,0,0,0,0,0,0,0,0,0,0,0,0,0,0,0,0,0,0,0,0,0,0,0,0,0,0,0,0,0,0,0,0,0,0,0,0,0,0,0,0,0,0,0,0,0,0,0,0,0,0,0,0,0,0,0,0,0,0,0,0,0,0,0,0,0,0,0,0,0,0,0,0,0,0,0,0,0,0,0,0
KENu_NORx_NB>WLOu_NOR_NB@NOR,Northern,NB,14,616,KENu,Kennington (Charing Cross),747,WLOu,Waterloo LU,"36,118","1,834","12,781","9,590","8,121","3,026",766,29,56,96,164,236,317,422,513,643,850,957,"1,086","1,326","1,410","1,404","1,335","1,262","1,024",839,645,595,485,431,407,415,391,394,391,409,392,394,384,393,369,370,359,365,346,355,355,372,369,399,451,493,546,613,678,735,768,789,787,773,699,662,577,509,416,355,285,257,219,202,178,171,150,148,137,135,117,111,95,79,64,57,43,29,21,11,4,1,0,0,0,0,0,0,0,0,0,0,0,0,0,0,0
WLOu_NOR_NB>EMBu_NOR_NB@NOR,Northern,NB,15,747,WLOu,Waterloo LU,542,EMBu,Embankment,"58,626","2,024","17,866","17,896","13,751","5,412","1,678",29,49,87,169,246,350,461,634,788,"1,076","1,237","1,553","1,772","2,017","1,981","1,910","1,733","1,533","1,210","1,055",996,899,811,815,792,790,754,769,752,754,715,729,708,702,669,686,661,667,646,677,669,702,718,813,848,949,"1,010","1,117","1,198","1,287","1,328","1,354","1,324","1,218","1,130",987,843,707,596,498,430,400,359,346,319,317,297,300,284,257,237,213,175,142,123,91,67,44,28,13,3,0,0,0,0,0,0,0,0,0,0,0,0,0,0,0
EMBu_NOR_NB>CHXu_NOR_NB@NOR,Northern,NB,16,542,EMBu,Embankment,718,CHXu,Charing Cross LU,"61,301","1,784","15,125","19,350","16,342","6,606","2,094",17,47,73,156,227,305,420,540,691,861,"1,019","1,244","1,445","1,598","1,621","1,627","1,498","1,360","1,131","1,030",930,858,791,799,791,795,779,805,802,809,788,806,790,781,759,780,758,758,751,783,782,817,861,975,"1,038","1,107","1,188","1,313","1,380","1,496","1,570","1,628","1,573","1,485","1,344","1,221","1,024",873,729,627,524,483,438,418,382,378,360,369,359,329,294,275,221,173,143,118,78,49,32,18,5,0,0,0,0,0,0,0,0,0,0,0,0,0,0,0
CHXu_NOR_NB>LSQu_NOR_NB@NOR,Northern,NB,17,718,CHXu,Charing Cross LU,631,LSQu,Leicester Square,"66,680","1,826","15,731","20,661","18,250","7,472","2,739",17,49,78,136,240,320,410,576,711,912,"1,082","1,289","1,522","1,670","1,701","1,666","1,581","1,372","1,198","1,026",962,892,827,824,829,828,811,835,849,849,841,855,851,838,828,836,833,824,820,848,870,893,955,"1,064","1,150","1,227","1,378","1,514","1,607","1,720","1,794","1,794","1,721","1,611","1,452","1,280","1,078",924,785,672,610,559,514,490,467,455,450,468,475,451,410,365,301,223,170,135,97,55,35,19,5,0,0,0,0,0,0,0,0,0,0,0,0,0,0,0
LSQu_NOR_NB>TCRu_NOR_NB@NOR,Northern,NB,18,631,LSQu,Leicester Square,728,TCRu,Tottenham Court Road,"69,535","1,546","14,118","20,423","18,901","9,996","4,552",16,34,67,118,194,258,371,487,648,805,948,"1,173","1,342","1,489","1,510","1,535","1,394","1,266","1,055",954,854,794,747,747,741,741,729,745,759,777,785,817,835,848,854,873,882,885,891,928,956,997,"1,065","1,173","1,246","1,330","1,418","1,551","1,644","1,744","1,804","1,852","1,763","1,651","1,510","1,388","1,206","1,076",958,862,781,740,708,696,709,727,749,785,804,739,677,592,481,364,305,226,161,104,63,28,6,0,0,0,0,0,0,0,0,0,0,0,0,0,0,0
TCRu_NOR_NB>GSTu_NOR_NB@NOR,Northern,NB,19,728,TCRu,Tottenham Court Road,586,GSTu,Goodge Street,"63,447","1,257","10,614","18,465","18,821","9,940","4,349",3,14,40,82,150,221,313,435,542,685,787,915,"1,043","1,106","1,106","1,075","1,025",870,775,686,660,606,612,630,639,651,648,658,665,680,694,725,749,770,787,818,832,840,852,890,918,969,"1,037","1,135","1,221","1,308","1,405","1,542","1,656","1,751","1,834","1,864","1,782","1,647","1,505","1,305","1,174","1,045",949,854,828,745,724,705,710,707,736,764,737,713,651,554,452,380,286,224,163,97,58,27,7,0,0,0,0,0,0,0,0,0,0,0,0,0,0,0
GSTu_NOR_NB>WSTu_NOR_NB@NOR,Northern,NB,20,586,GSTu,Goodge Street,745,WSTu,Warren Street,"60,523","1,092","8,282","17,001","19,305","10,279","4,564",0,13,29,65,127,204,283,371,485,568,668,765,839,880,858,804,724,638,538,515,487,481,494,521,544,559,576,597,605,617,648,667,695,718,736,761,796,800,830,866,906,945,"1,034","1,120","1,222","1,302","1,428","1,563","1,693","1,789","1,886","1,906","1,836","1,705","1,573","1,403","1,232","1,095",985,889,821,781,745,741,727,736,748,780,776,731,687,597,481,385,309,219,165,109,59,35,14,0,0,0,0,0,0,0,0,0,0,0,0,0,0,0
WSTu_NOR_NB>EUSu_NORx_NB@NOR,Northern,NB,21,745,WSTu,Warren Street,574,EUSu,Euston LU,"58,654",862,"6,913","16,464","19,630","10,338","4,447",0,11,24,52,102,155,212,308,378,481,546,674,712,764,708,677,582,513,443,436,437,430,451,482,511,526,547,568,579,591,625,642,670,691,710,733,774,781,814,857,905,949,"1,048","1,142","1,245","1,327","1,461","1,598","1,730","1,827","1,929","1,937","1,861","1,729","1,598","1,386","1,253","1,109",995,895,867,781,750,744,723,723,736,761,752,709,653,579,468,368,304,230,162,108,67,34,14,0,0,0,0,0,0,0,0,0,0,0,0,0,0,0
EUSu_NORx_NB>MCRu_NOR_NB@NOR,Northern,NB,22,574,EUSu,Euston LU,648,MCRu,Mornington Crescent,"51,744",644,"6,663","13,358","17,526","9,423","4,131",0,5,18,28,70,113,170,241,334,423,524,618,694,735,708,669,592,513,443,410,378,369,367,383,395,412,427,447,453,483,498,524,543,565,571,607,625,648,670,705,728,786,838,936,"1,025","1,130","1,257","1,427","1,542","1,644","1,733","1,739","1,656","1,568","1,467","1,340","1,192","1,066",950,839,750,705,682,654,656,639,644,647,660,636,596,525,455,361,283,218,165,107,68,35,16,5,0,0,0,0,0,0,0,0,0,0,0,0,0,0
MCRu_NOR_NB>CTNu_NORh_NB@NOR,Northern,NB,23,648,MCRu,Mornington Crescent,535,CTNu,Camden Town (High Barnet),"28,140",486,"5,976","6,714","8,628","4,490","1,846",0,5,10,14,38,75,130,213,290,404,479,556,637,665,631,595,526,432,390,370,361,360,338,304,262,225,202,183,200,196,222,220,246,239,260,251,281,273,305,301,337,338,399,412,438,502,526,601,684,778,817,913,900,868,835,765,690,593,504,429,357,303,269,280,261,274,255,275,257,255,237,248,208,186,156,120,75,51,29,15,8,0,0,0,0,0,0,0,0,0,0,0,0,0,0,0
MCRu_NOR_NB>CTNu_NORe_NB@NOR,Northern,NB,23,648,MCRu,Mornington Crescent,535,CTNu,Camden Town (Edgware),"22,188",76,3,"6,333","8,607","4,999","2,170",0,0,7,13,16,16,16,8,3,0,0,0,0,0,0,0,0,0,0,0,0,0,22,78,116,171,212,253,242,276,266,294,285,313,297,342,330,362,354,397,385,443,433,463,528,549,660,772,847,851,914,823,751,689,637,585,510,502,491,439,421,425,399,358,379,348,373,353,384,342,325,263,225,161,131,98,85,64,41,28,18,5,0,0,0,0,0,0,0,0,0,0,0,0,0,0
KENu_NORb_NB>ELEu_NOR_NB@NOR,Northern,NB,24,616,KENu,Kennington (Bank),570,ELEu,Elephant & Castle LU,"53,099","3,146","22,087","13,011","9,546","3,958","1,351",25,97,145,249,396,563,725,946,"1,129","1,299","1,558","1,926","2,188","2,446","2,544","2,441","2,146","1,821","1,433","1,156",947,753,653,599,571,529,515,512,514,505,506,505,504,489,479,474,473,456,455,464,481,495,540,593,648,685,745,791,857,889,931,925,905,813,730,627,536,450,399,357,334,313,297,283,268,250,240,231,216,210,194,172,146,126,94,77,55,35,19,7,0,0,0,0,0,0,0,0,0,0,0,0,0,0,0,0
ELEu_NOR_NB>BORu_NOR_NB@NOR,Northern,NB,25,570,ELEu,Elephant & Castle LU,525,BORu,Borough,"56,401","3,174","22,489","14,229","10,716","4,352","1,441",28,107,159,273,425,558,704,919,"1,093","1,245","1,534","1,914","2,270","2,463","2,599","2,522","2,246","1,849","1,524","1,229",992,783,662,618,585,553,536,544,547,550,553,562,558,546,527,523,515,510,516,543,565,599,639,701,742,798,854,935,950,"1,039","1,022","1,047",956,909,768,698,560,510,446,405,373,353,325,307,289,274,259,250,239,222,200,184,156,126,105,87,56,36,22,8,0,0,0,0,0,0,0,0,0,0,0,0,0,0,0,0
BORu_NOR_NB>LONu_NOR_NB@NOR,Northern,NB,26,525,BORu,Borough,635,LONu,London Bridge LU,"58,329","3,039","22,392","15,033","11,754","4,556","1,555",29,84,165,242,392,566,690,872,"1,077","1,233","1,463","1,879","2,243","2,445","2,639","2,521","2,265","1,875","1,551","1,201","1,033",823,698,651,621,583,561,566,576,575,579,591,593,577,561,552,546,536,540,563,593,628,708,779,834,871,931,995,"1,056","1,119","1,155","1,157","1,073",975,850,738,598,518,452,408,378,375,350,330,311,295,277,263,250,232,216,195,169,138,115,88,65,43,27,13,4,0,0,0,0,0,0,0,0,0,0,0,0,0,0,0
LONu_NOR_NB>BNKu_NOR_NB@NOR,Northern,NB,27,635,LONu,London Bridge LU,513,BNKu,Bank and Monument,"78,374","3,473","26,013","21,400","17,641","7,340","2,506",30,76,126,229,452,619,841,"1,100","1,323","1,461","1,695","2,051","2,497","2,714","2,916","2,937","2,705","2,240","1,915","1,559","1,307","1,091",965,914,871,821,799,804,816,812,828,845,847,820,813,805,796,790,812,849,900,950,"1,025","1,119","1,187","1,228","1,331","1,457","1,572","1,674","1,766","1,764","1,664","1,504","1,337","1,158",977,859,762,681,625,590,544,511,483,459,436,411,399,375,346,321,280,225,184,147,100,65,40,19,5,0,0,0,0,0,0,0,0,0,0,0,0,0,0,0
BNKu_NOR_NB>MGTu_NOR_NB@NOR,Northern,NB,28,513,BNKu,Bank and Monument,645,MGTu,Moorgate,"74,638","2,774","20,202","20,706","19,764","8,490","2,702",0,65,109,205,353,510,671,860,"1,032","1,169","1,324","1,560","1,857","2,018","2,162","2,226","2,093","1,828","1,584","1,348","1,159",992,881,854,818,776,758,767,781,785,802,828,836,817,814,815,813,803,820,847,890,936,"1,005","1,106","1,187","1,272","1,414","1,615","1,764","1,913","1,999","2,011","1,890","1,741","1,569","1,389","1,197","1,050",928,813,740,668,614,563,527,489,465,436,420,395,380,344,297,246,207,152,111,78,46,19,5,0,0,0,0,0,0,0,0,0,0,0,0,0,0,0
MGTu_NOR_NB>OLDu_NOR_NB@NOR,Northern,NB,29,645,MGTu,Moorgate,665,OLDu,Old Street,"66,361","2,008","14,252","19,009","19,666","8,823","2,602",0,30,85,131,265,388,492,618,772,857,962,"1,146","1,299","1,394","1,459","1,482","1,400","1,280","1,162","1,041",950,854,779,744,718,687,678,690,702,709,726,752,759,748,754,768,766,764,783,814,852,919,999,"1,094","1,173","1,260","1,358","1,558","1,729","1,879","1,988","2,024","1,906","1,764","1,592","1,435","1,255","1,106",971,866,754,688,634,583,546,505,475,440,420,386,356,319,283,231,190,156,115,72,45,24,5,0,0,0,0,0,0,0,0,0,0,0,0,0,0,0
OLDu_NOR_NB>ANGu_NOR_NB@NOR,Northern,NB,30,665,OLDu,Old Street,507,ANGu,Angel,"65,216","1,856","11,185","19,076","21,302","9,072","2,726",0,32,89,134,233,342,462,564,695,780,857,922,"1,011","1,085","1,072","1,068","1,033",956,863,845,825,781,751,737,729,701,696,703,723,722,736,756,766,748,754,766,776,775,801,834,884,941,"1,037","1,135","1,234","1,321","1,515","1,729","1,930","2,089","2,214","2,186","2,051","1,881","1,683","1,466","1,269","1,111",966,868,790,720,662,619,570,534,496,466,432,402,380,343,295,251,206,155,114,78,44,23,4,0,0,0,0,0,0,0,0,0,0,0,0,0,0,0
ANGu_NOR_NB>KXXu_NOR_NB@NOR,Northern,NB,31,507,ANGu,Angel,625,KXXu,King's Cross St. Pancras,"64,842","1,724","9,744","19,006","21,990","9,442","2,937",0,34,68,135,227,327,411,523,614,686,767,851,911,967,945,907,859,798,724,717,724,702,687,690,691,673,673,693,707,718,727,754,759,752,754,785,791,805,834,890,923,995,"1,079","1,199","1,284","1,390","1,591","1,806","1,983","2,158","2,271","2,230","2,114","1,932","1,723","1,508","1,311","1,127","1,001",895,820,744,702,648,605,562,532,495,466,443,408,371,326,270,213,167,120,76,47,21,9,0,0,0,0,0,0,0,0,0,0,0,0,0,0,0
KXXu_NOR_NB>EUSu_NORb_NB@NOR,Northern,NB,32,625,KXXu,King's Cross St. Pancras,574,EUSu,Euston LU,"56,736","1,056","8,165","16,134","19,671","8,978","2,732",0,5,29,54,116,187,299,365,473,552,638,686,791,832,804,789,748,661,599,593,568,553,554,557,563,556,556,573,590,603,617,644,647,649,652,678,685,710,730,780,812,874,939,"1,045","1,124","1,233","1,342","1,558","1,716","1,876","1,969","2,032","1,929","1,794","1,623","1,476","1,276","1,103",976,862,754,692,653,602,567,527,502,462,438,401,370,343,298,242,203,163,110,75,51,27,10,0,0,0,0,0,0,0,0,0,0,0,0,0,0,0
EUSu_NORb_NB>CTNu_NORh_NB@NOR,Northern,NB,33,574,EUSu,Euston LU,535,CTNu,Camden Town (High Barnet),"22,106",71,197,"5,808","10,040","4,580","1,410",0,0,2,14,14,14,14,12,0,0,0,0,0,24,24,24,43,43,19,19,19,0,20,76,113,169,205,249,241,267,251,277,260,280,264,300,289,312,301,342,332,376,391,473,479,562,579,692,771,918,986,"1,100","1,107","1,044",949,853,750,613,546,449,399,321,313,264,266,226,229,204,209,191,188,166,160,134,113,91,70,45,25,12,5,0,0,0,0,0,0,0,0,0,0,0,0,0,0,0
EUSu_NORb_NB>CTNu_NORe_NB@NOR,Northern,NB,33,574,EUSu,Euston LU,535,CTNu,Camden Town (Edgware),"35,252",644,"7,319","10,314","10,182","5,154","1,639",0,4,10,20,49,111,176,275,399,474,565,669,736,728,730,711,639,570,550,548,517,515,500,445,424,373,352,317,357,328,365,355,398,365,406,382,425,403,459,448,519,505,583,575,679,682,798,847,930,925,970,955,929,891,820,755,636,578,503,498,440,454,390,394,335,336,290,300,260,266,233,220,171,144,103,85,59,43,32,20,5,0,0,0,0,0,0,0,0,0,0,0,0,0,0,0
CTNu_NORh_NB>KTNu_NOR_NB@NOR,Northern,NB,34,535,CTNu,Camden Town (High Barnet),619,KTNu,Kentish Town,"51,117",426,"5,856","11,233","19,291","10,486","3,824",0,5,11,18,37,74,106,176,256,358,446,567,632,676,651,597,526,446,369,331,319,288,282,285,293,297,305,320,341,355,376,407,433,457,479,502,530,556,588,633,688,744,829,928,"1,031","1,144","1,271","1,402","1,555","1,693","1,823","1,942","1,991","1,928","1,824","1,688","1,505","1,300","1,143","1,014",887,778,720,679,649,615,603,592,589,551,534,483,423,349,289,211,159,110,62,37,22,5,0,0,0,0,0,0,0,0,0,0,0,0,0,0
KTNu_NOR_NB>TPKu_NOR_NB@NOR,Northern,NB,35,619,KTNu,Kentish Town,733,TPKu,Tufnell Park,"46,320",312,"5,013","9,892","18,147","9,415","3,542",0,3,6,11,25,48,84,134,221,296,384,476,554,582,568,529,456,374,300,272,251,238,233,238,246,252,262,278,292,310,328,354,378,404,420,445,472,495,528,572,618,675,751,852,948,"1,057","1,169","1,374","1,519","1,651","1,780","1,885","1,844","1,774","1,661","1,483","1,321","1,140",996,888,816,720,668,624,594,566,547,536,530,513,477,449,392,321,254,207,149,107,71,45,22,6,0,0,0,0,0,0,0,0,0,0,0,0,0,0
TPKu_NOR_NB>ARCu_NOR_NB@NOR,Northern,NB,36,733,TPKu,Tufnell Park,508,ARCu,Archway,"42,708",274,"4,725","9,086","16,634","8,800","3,188",0,1,5,9,22,42,70,125,194,281,365,437,524,551,536,489,442,353,297,257,245,232,216,221,226,231,241,256,269,286,303,327,348,372,387,411,434,456,486,525,566,620,691,736,873,974,"1,077","1,204","1,384","1,478","1,582","1,687","1,726","1,661","1,547","1,442","1,284","1,100",968,857,746,655,605,565,536,511,491,480,475,460,427,393,344,290,229,187,146,107,64,41,20,5,0,0,0,0,0,0,0,0,0,0,0,0,0,0
ARCu_NOR_NB>HIGu_NOR_NB@NOR,Northern,NB,37,508,ARCu,Archway,604,HIGu,Highgate,"35,205",166,"3,635","7,274","14,099","7,379","2,653",0,1,1,5,9,21,47,83,133,208,276,351,410,446,422,392,330,269,210,187,171,163,161,168,172,179,188,198,210,224,237,258,278,295,310,329,347,366,395,427,466,515,573,645,728,810,903,"1,008","1,136","1,242","1,359","1,426","1,485","1,432","1,340","1,229","1,115",938,814,726,625,544,500,467,440,419,400,391,385,370,342,330,292,242,197,168,119,88,60,38,18,5,0,0,0,0,0,0,0,0,0,0,0,0,0,0
HIGu_NOR_NB>EFYu_NOR_NB@NOR,Northern,NB,38,604,HIGu,Highgate,565,EFYu,East Finchley,"29,624",134,"3,228","6,028","11,853","6,160","2,221",0,0,1,3,8,19,36,67,127,179,238,310,356,381,377,352,300,250,191,167,150,139,137,140,143,148,154,162,170,182,194,210,228,244,258,272,289,304,327,355,385,422,479,536,613,687,762,833,956,"1,039","1,121","1,208","1,256","1,203","1,128","1,046",927,790,687,610,526,457,419,390,362,346,327,320,310,303,288,269,240,205,171,133,104,81,56,31,21,9,0,0,0,0,0,0,0,0,0,0,0,0,0,0
EFYu_NOR_NB>FYCu_NOR_NB@NOR,Northern,NB,39,565,EFYu,East Finchley,578,FYCu,Finchley Central,"22,786",85,"2,533","4,736","9,008","4,737","1,686",0,0,1,3,5,12,22,43,89,127,185,235,281,296,301,276,243,202,160,138,120,115,110,112,116,118,123,129,135,142,152,163,179,190,202,213,228,238,255,276,301,330,373,415,471,524,569,642,720,787,846,913,942,919,866,808,725,614,534,469,404,351,321,297,274,261,249,238,233,227,217,198,180,156,129,103,84,62,44,28,16,7,3,0,0,0,0,0,0,0,0,0,0,0,0,0
FYCu_NOR_NB>MHEu_NOR_NB@NOR,Northern,NB,40,578,FYCu,Finchley Central,643,MHEu,Mill Hill East,"2,600",5,320,480,"1,115",540,139,0,0,0,0,0,0,1,3,10,23,31,41,45,42,35,30,21,17,15,11,10,10,10,11,12,12,13,14,15,15,16,17,20,21,23,24,24,24,24,27,29,32,35,42,49,54,60,78,90,98,99,106,131,123,113,112,105,68,59,56,50,43,35,31,27,24,23,20,21,19,18,16,15,13,11,9,7,5,3,2,1,0,0,0,0,0,0,0,0,0,0,0,0,0,0,0
FYCu_NOR_NB>WFYu_NOR_NB@NOR,Northern,NB,41,578,FYCu,Finchley Central,756,WFYu,West Finchley,"14,099",40,"1,641","2,930","5,418","2,981","1,089",0,0,0,1,2,5,11,21,41,68,118,162,193,211,211,183,151,124,98,81,70,66,66,69,72,73,76,79,82,88,92,100,109,115,121,129,137,146,159,172,191,212,238,267,300,328,358,383,444,460,505,543,548,540,522,487,439,398,329,302,254,217,203,187,175,165,159,153,146,143,136,127,114,102,86,70,54,42,31,17,11,7,2,0,0,0,0,0,0,0,0,0,0,0,0,0
WFYu_NOR_NB>WSPu_NOR_NB@NOR,Northern,NB,42,756,WFYu,West Finchley,771,WSPu,Woodside Park,"12,470",33,"1,648","2,598","4,646","2,582",962,0,0,0,1,1,4,9,18,41,71,116,162,191,217,214,191,154,128,91,74,63,62,61,62,66,68,70,72,75,79,83,90,98,103,108,114,122,129,139,151,169,184,205,225,256,274,299,314,366,406,422,463,495,469,448,433,388,332,297,252,224,190,178,163,150,141,136,132,125,122,118,108,98,92,77,62,52,41,28,18,12,7,2,0,0,0,0,0,0,0,0,0,0,0,0,0
WSPu_NOR_NB>TOTu_NOR_NB@NOR,Northern,NB,43,771,WSPu,Woodside Park,730,TOTu,Totteridge & Whetstone,"8,329",23,"1,177","1,688","3,037","1,773",630,0,0,0,0,1,3,6,13,28,53,93,124,144,157,153,123,102,85,65,51,48,43,40,42,44,45,47,48,49,51,54,58,65,69,72,75,79,82,88,96,106,118,130,140,161,168,182,209,249,259,296,306,320,311,299,279,268,232,200,186,161,136,120,108,99,91,88,85,82,79,73,71,64,58,50,44,34,28,21,12,8,5,2,0,0,0,0,0,0,0,0,0,0,0,0,0
TOTu_NOR_NB>HBTu_NOR_NB@NOR,Northern,NB,44,730,TOTu,Totteridge & Whetstone,602,HBTu,High Barnet,"5,416",14,"1,017","1,142","1,811","1,043",388,0,0,0,0,1,1,4,8,17,37,74,104,126,140,137,113,94,75,57,46,38,32,31,31,33,33,34,35,35,37,39,40,43,46,47,49,52,54,58,62,67,75,83,87,96,103,116,131,146,164,172,184,180,184,171,162,145,137,118,105,99,83,72,64,60,56,53,51,49,47,45,41,37,36,32,27,23,19,13,9,6,3,1,0,0,0,0,0,0,0,0,0,0,0,0,0
CTNu_NORe_NB>CHFu_NOR_NB@NOR,Northern,NB,45,535,CTNu,Camden Town (Edgware),540,CHFu,Chalk Farm,"45,053",632,"6,384","10,799","15,708","8,300","3,231",0,6,15,33,54,107,166,253,351,440,532,620,669,673,672,606,542,473,420,385,369,338,323,320,313,318,324,335,345,357,369,397,413,429,446,470,486,509,530,577,618,668,728,817,898,992,"1,107","1,209","1,346","1,452","1,528","1,560","1,581","1,481","1,335","1,219","1,106",953,848,790,713,640,604,576,545,525,502,499,484,459,445,404,345,294,246,181,142,102,62,42,19,4,0,0,0,0,0,0,0,0,0,0,0,0,0,0
CHFu_NOR_NB>BPKu_NOR_NB@NOR,Northern,NB,46,540,CHFu,Chalk Farm,519,BPKu,Belsize Park,"41,338",567,"5,768","9,673","14,783","7,500","3,048",0,0,15,29,53,90,163,218,305,401,493,542,618,605,591,546,504,425,396,344,317,289,274,274,283,282,291,300,310,316,335,350,376,384,402,421,446,452,482,517,560,600,675,740,826,898,"1,005","1,162","1,307","1,404","1,489","1,520","1,466","1,365","1,225","1,114",980,843,746,701,629,593,562,539,505,486,464,451,443,432,405,384,336,277,225,184,133,97,66,42,19,5,0,0,0,0,0,0,0,0,0,0,0,0,0,0
BPKu_NOR_NB>HMPu_NOR_NB@NOR,Northern,NB,47,519,BPKu,Belsize Park,594,HMPu,Hampstead,"36,667",475,"4,463","8,612","13,549","6,862","2,707",0,0,9,26,47,79,125,188,232,299,371,424,464,485,467,429,387,329,295,281,262,250,240,243,244,243,252,261,270,278,296,311,333,338,352,369,389,396,428,462,504,554,635,701,781,847,942,"1,071","1,173","1,264","1,344","1,360","1,328","1,265","1,153","1,021",930,790,695,635,597,536,508,485,451,430,409,396,386,377,355,326,286,248,204,163,133,101,61,39,23,6,0,0,0,0,0,0,0,0,0,0,0,0,0,0
HMPu_NOR_NB>GGRu_NOR_NB@NOR,Northern,NB,48,594,HMPu,Hampstead,584,GGRu,Golders Green,"32,398",375,"3,459","7,193","12,503","6,296","2,571",0,0,8,24,36,62,97,148,192,245,279,332,355,348,344,339,296,258,246,224,212,202,195,196,197,196,199,208,214,228,237,258,275,285,295,316,329,342,362,393,427,476,534,617,690,787,874,981,"1,054","1,149","1,198","1,263","1,235","1,193","1,092",987,837,738,650,587,531,498,467,444,416,395,370,365,352,345,331,303,276,236,194,161,138,95,67,44,22,6,0,0,0,0,0,0,0,0,0,0,0,0,0,0
GGRu_NOR_NB>BTXu_NOR_NB@NOR,Northern,NB,49,584,GGRu,Golders Green,529,BTXu,Brent Cross,"25,893",263,"2,742","5,602","10,084","5,099","2,103",1,1,7,14,23,44,72,101,143,183,220,248,273,277,267,260,249,225,199,196,176,161,151,155,149,152,153,160,164,175,183,197,210,225,228,244,258,269,279,307,333,371,419,484,539,607,671,751,854,940,"1,000","1,039","1,032",964,888,801,705,610,533,473,426,394,375,357,335,314,295,283,274,268,263,253,227,203,164,135,106,80,54,41,21,9,4,0,0,0,0,0,0,0,0,0,0,0,0,0
BTXu_NOR_NB>HNDu_NOR_NB@NOR,Northern,NB,50,529,BTXu,Brent Cross,601,HNDu,Hendon Central,"23,871",219,"2,568","5,226","9,108","4,854","1,896",1,1,5,13,20,33,55,92,120,157,195,226,248,264,266,253,243,218,198,179,176,160,148,146,147,143,144,150,154,163,171,183,194,207,211,225,238,250,259,285,308,341,384,442,490,550,609,681,737,824,881,921,925,897,831,762,675,594,528,465,410,376,346,329,310,290,272,260,250,242,229,216,203,177,148,122,106,73,55,37,27,8,4,0,0,0,0,0,0,0,0,0,0,0,0,0
HNDu_NOR_NB>COLu_NOR_NB@NOR,Northern,NB,51,601,HNDu,Hendon Central,551,COLu,Colindale,"17,859",171,"1,783","3,739","7,131","3,623","1,412",2,2,5,10,16,25,43,66,98,127,157,180,188,193,187,171,147,135,106,94,83,84,77,83,86,91,95,100,106,113,121,129,143,151,159,169,182,191,201,218,245,269,303,340,385,419,462,512,593,652,671,738,745,692,642,619,503,443,391,341,298,289,261,247,234,218,204,194,186,179,176,163,148,131,109,87,72,58,43,30,19,9,3,0,0,0,0,0,0,0,0,0,0,0,0,0
COLu_NOR_NB>BURu_NOR_NB@NOR,Northern,NB,52,551,COLu,Colindale,532,BURu,Burnt Oak,"10,700",111,953,"2,518","4,393","1,981",745,2,3,3,9,12,17,26,40,53,63,77,95,99,102,103,97,79,71,59,55,50,52,54,56,59,64,65,70,73,78,84,92,97,105,108,113,121,130,134,147,163,180,197,226,253,279,292,319,368,388,415,444,447,426,404,358,314,270,216,185,164,144,133,125,118,109,104,99,94,91,89,83,76,71,60,49,42,34,23,16,10,5,1,0,0,0,0,0,0,0,0,0,0,0,0,0
BURu_NOR_NB>EDGu_NOR_NB@NOR,Northern,NB,53,532,BURu,Burnt Oak,568,EDGu,Edgware,"6,317",70,603,"1,650","2,485","1,110",399,3,3,3,6,8,9,15,23,33,38,49,58,64,65,66,59,51,45,38,36,35,37,38,40,42,46,46,49,53,56,60,64,68,71,73,76,81,84,86,90,98,106,117,132,151,165,170,192,209,224,224,253,244,234,215,203,167,146,124,107,95,84,76,70,67,61,58,54,52,48,48,46,43,37,32,26,20,16,13,9,6,3,1,0,0,0,0,0,0,0,0,0,0,0,0,0
EDGu_NOR_SB>BURu_NOR_SB@NOR,Northern,SB,1,568,EDGu,Edgware,532,BURu,Burnt Oak,"6,443",670,"2,520","1,955",924,306,68,13,24,44,69,90,125,144,161,183,216,239,265,272,261,235,216,183,161,153,136,109,103,99,90,89,87,89,85,84,81,81,78,78,76,76,74,73,72,72,71,70,70,74,77,81,84,86,86,91,85,83,79,74,61,60,53,46,39,35,30,26,25,23,20,18,17,15,13,12,11,10,9,8,6,5,3,2,1,1,0,0,0,0,0,0,0,0,0,0,0,0,0,0,0,0,0
BURu_NOR_SB>COLu_NOR_SB@NOR,Northern,SB,2,532,BURu,Burnt Oak,551,COLu,Colindale,"11,059","1,443","4,554","3,067","1,405",489,100,23,53,110,158,203,268,305,324,355,395,435,472,476,484,448,389,335,295,251,219,196,172,162,149,142,139,139,134,131,129,126,120,119,115,114,111,109,107,108,107,107,108,109,113,119,121,127,139,144,137,132,124,107,91,86,79,69,61,55,49,44,40,39,34,29,26,24,19,17,15,14,12,11,10,8,6,4,2,1,1,0,0,0,0,0,0,0,0,0,0,0,0,0,0,0,0
COLu_NOR_SB>HNDu_NOR_SB@NOR,Northern,SB,3,551,COLu,Colindale,601,HNDu,Hendon Central,"18,977","2,157","7,964","5,416","2,487",773,178,41,88,145,222,294,386,457,526,587,654,743,823,847,846,798,706,593,517,450,400,346,309,283,263,239,235,230,228,219,221,212,214,206,202,195,201,196,201,203,207,198,198,205,204,214,225,235,240,256,244,235,217,188,158,145,130,114,100,89,77,66,61,56,52,46,42,38,34,29,26,24,23,20,18,15,11,7,4,1,1,0,0,0,0,0,0,0,0,0,0,0,0,0,0,0,0
HNDu_NOR_SB>BTXu_NOR_SB@NOR,Northern,SB,4,601,HNDu,Hendon Central,529,BTXu,Brent Cross,"25,885","2,743","10,400","7,608","3,735","1,137",262,50,83,182,278,406,498,583,663,736,824,927,"1,063","1,090","1,112","1,061",950,815,699,601,524,464,406,385,358,333,316,316,309,302,297,298,293,290,280,279,280,284,282,294,299,305,301,318,320,348,343,369,375,371,339,337,305,273,245,227,203,175,146,132,112,97,85,80,73,66,60,57,52,47,41,37,34,27,25,20,14,8,6,1,1,0,0,0,0,0,0,0,0,0,0,0,0,0,0,0,0
BTXu_NOR_SB>GGRu_NOR_SB@NOR,Northern,SB,5,529,BTXu,Brent Cross,584,GGRu,Golders Green,"28,029","2,912","11,126","8,310","4,074","1,314",293,53,88,166,298,438,496,629,743,793,850,990,"1,099","1,170","1,161","1,143","1,044",893,738,661,584,511,459,421,401,366,350,338,341,326,326,323,324,313,311,303,307,307,310,313,328,326,328,334,343,366,369,388,403,414,383,376,339,308,269,241,218,199,167,143,134,115,103,95,89,76,69,63,60,53,47,40,37,30,26,22,16,10,6,3,1,0,0,0,0,0,0,0,0,0,0,0,0,0,0,0,0
GGRu_NOR_SB>HMPu_NOR_SB@NOR,Northern,SB,6,584,GGRu,Golders Green,594,HMPu,Hampstead,"34,716","3,046","13,755","10,655","5,114","1,745",401,34,77,150,257,441,579,683,827,945,992,"1,127","1,325","1,441","1,432","1,435","1,326","1,156",957,867,754,670,587,546,516,487,451,445,437,429,415,419,408,408,392,391,385,390,381,392,397,414,408,430,458,473,459,478,485,483,465,469,441,408,345,320,288,261,217,202,178,153,134,126,114,103,92,86,79,72,62,57,50,44,37,31,22,14,8,3,0,0,0,0,0,0,0,0,0,0,0,0,0,0,0,0,0
HMPu_NOR_SB>BPKu_NOR_SB@NOR,Northern,SB,7,594,HMPu,Hampstead,519,BPKu,Belsize Park,"38,231","2,828","14,696","11,843","6,276","2,064",524,33,61,154,262,381,505,664,768,881,"1,057","1,209","1,385","1,534","1,593","1,520","1,440","1,260","1,071",913,834,722,646,585,569,527,501,488,488,476,466,461,460,453,445,435,436,433,433,433,449,460,470,487,520,549,560,608,627,616,582,576,524,475,422,390,348,301,259,238,214,182,160,147,136,121,110,102,96,88,80,73,67,58,51,41,30,19,12,4,1,0,0,0,0,0,0,0,0,0,0,0,0,0,0,0,0
BPKu_NOR_SB>CHFu_NOR_SB@NOR,Northern,SB,8,519,BPKu,Belsize Park,540,CHFu,Chalk Farm,"43,067","2,938","15,587","13,571","7,827","2,520",624,34,64,137,272,396,526,690,820,918,"1,044","1,206","1,393","1,572","1,656","1,656","1,575","1,412","1,198","1,030",926,823,722,668,634,608,566,558,552,548,528,534,525,524,506,500,492,497,489,503,515,536,541,569,633,678,692,736,771,747,730,715,677,616,548,487,428,372,315,280,252,232,203,186,168,149,129,121,112,106,95,88,79,70,58,49,35,24,13,6,1,0,0,0,0,0,0,0,0,0,0,0,0,0,0,0,0
CHFu_NOR_SB>CTNu_NORe_SB@NOR,Northern,SB,9,540,CHFu,Chalk Farm,535,CTNu,Camden Town (Edgware),"47,882","2,835","17,052","15,071","8,999","3,138",786,35,67,143,239,367,505,668,812,950,"1,104","1,278","1,488","1,686","1,797","1,848","1,766","1,597","1,359","1,177","1,003",894,784,729,692,667,620,613,610,608,584,594,588,587,569,564,556,564,553,566,579,604,606,644,696,731,752,803,837,838,842,828,799,743,674,603,550,476,405,353,318,276,242,224,202,182,161,156,144,137,122,114,100,88,72,60,42,27,15,8,2,0,0,0,0,0,0,0,0,0,0,0,0,0,0,0,0
HBTu_NOR_SB>TOTu_NOR_SB@NOR,Northern,SB,10,602,HBTu,High Barnet,730,TOTu,Totteridge & Whetstone,"5,612",458,"2,184","1,678","1,000",239,51,7,15,25,45,60,73,109,124,144,178,225,241,253,251,229,187,148,129,107,92,84,75,71,68,66,66,66,64,64,62,59,58,57,56,56,56,56,55,55,68,86,96,111,123,119,107,107,98,92,94,85,79,71,62,45,43,34,31,27,25,23,21,18,16,14,11,10,10,9,9,8,7,5,4,3,2,2,1,1,0,0,0,0,0,0,0,0,0,0,0,0,0,0,0,0,0
TOTu_NOR_SB>WSPu_NOR_SB@NOR,Northern,SB,11,730,TOTu,Totteridge & Whetstone,771,WSPu,Woodside Park,"8,717",690,"3,776","2,407","1,407",352,84,8,19,42,65,93,117,154,192,237,296,376,425,434,430,396,332,269,230,193,160,141,126,115,108,104,100,98,96,95,91,91,89,88,85,85,83,81,78,79,85,106,116,128,141,148,135,135,136,136,127,126,121,106,93,80,65,53,47,39,36,32,29,26,23,20,17,16,15,15,15,14,11,9,7,5,3,2,2,1,0,0,0,0,0,0,0,0,0,0,0,0,0,0,0,0,0
WSPu_NOR_SB>WFYu_NOR_SB@NOR,Northern,SB,12,771,WSPu,Woodside Park,756,WFYu,West Finchley,"13,169","1,005","5,537","3,853","2,082",569,122,13,30,50,86,121,171,232,301,370,437,531,594,633,597,581,495,412,332,304,251,227,204,188,180,168,160,156,153,149,147,144,141,138,133,131,128,125,122,134,148,173,186,201,215,211,194,194,196,182,189,185,178,169,149,126,108,91,71,65,54,51,45,40,37,34,29,26,25,23,21,19,16,13,9,8,6,3,2,1,1,0,0,0,0,0,0,0,0,0,0,0,0,0,0,0,0
WFYu_NOR_SB>FYCu_NOR_SB@NOR,Northern,SB,13,756,WFYu,West Finchley,578,FYCu,Finchley Central,"15,015","1,132","6,576","4,271","2,280",628,129,16,36,59,100,142,202,247,330,404,521,593,702,740,739,682,618,510,421,356,291,262,236,219,207,194,184,179,175,169,166,164,160,155,150,147,143,139,134,145,157,179,191,206,209,217,203,206,210,209,209,205,198,190,168,142,123,104,77,72,59,57,49,46,40,36,32,29,27,25,23,20,17,13,9,8,5,3,2,1,1,0,0,0,0,0,0,0,0,0,0,0,0,0,0,0,0
MHEu_NOR_SB>FYCu_NOR_SB@NOR,Northern,SB,14,643,MHEu,Mill Hill East,578,FYCu,Finchley Central,"2,460",184,"1,271",518,402,74,12,4,7,11,17,25,27,41,53,64,71,145,155,152,172,173,100,81,75,47,37,34,30,27,25,22,21,19,19,19,19,21,22,21,19,18,17,16,18,18,20,21,22,22,27,36,44,46,48,44,35,31,30,26,25,22,17,13,11,9,9,6,5,4,4,4,3,4,3,2,2,2,1,1,1,1,0,0,0,0,0,0,0,0,0,0,0,0,0,0,0,0,0,0,0,0,0
FYCu_NOR_SB>EFYu_NOR_SB@NOR,Northern,SB,15,578,FYCu,Finchley Central,565,EFYu,East Finchley,"23,774","1,704","10,530","6,536","3,735","1,040",230,22,51,89,145,223,293,385,497,617,773,966,"1,115","1,183","1,203","1,138",992,814,684,567,477,408,377,350,333,309,293,285,277,266,259,255,251,244,237,233,226,217,211,221,230,243,256,274,280,286,310,326,345,369,368,359,342,315,271,242,202,174,138,118,105,91,77,71,64,57,51,48,46,43,39,35,30,25,19,15,11,6,4,3,0,0,0,0,0,0,0,0,0,0,0,0,0,0,0,0,0
EFYu_NOR_SB>HIGu_NOR_SB@NOR,Northern,SB,16,565,EFYu,East Finchley,604,HIGu,Highgate,"30,875","2,064","13,811","8,523","4,801","1,368",308,16,51,95,172,261,359,477,633,769,974,"1,210","1,424","1,515","1,559","1,508","1,350","1,115",943,791,653,553,504,465,437,409,387,372,365,352,337,330,330,318,308,303,296,282,276,280,293,304,319,344,362,372,385,407,429,449,463,469,445,417,374,320,272,239,190,156,139,118,99,89,81,72,64,61,59,56,53,48,42,34,26,20,14,8,4,2,0,0,0,0,0,0,0,0,0,0,0,0,0,0,0,0,0
HIGu_NOR_SB>ARCu_NOR_SB@NOR,Northern,SB,17,604,HIGu,Highgate,508,ARCu,Archway,"36,577","2,175","16,397","10,203","5,753","1,673",377,18,56,106,164,275,374,505,677,880,"1,100","1,375","1,625","1,779","1,834","1,789","1,643","1,399","1,170",982,820,687,610,558,527,495,464,450,441,424,407,400,398,386,372,362,357,339,330,330,342,350,364,391,419,434,451,477,503,532,546,555,545,508,458,400,344,289,238,191,169,142,122,109,99,88,79,74,71,67,63,57,51,41,32,24,18,11,7,4,1,0,0,0,0,0,0,0,0,0,0,0,0,0,0,0,0
ARCu_NOR_SB>TPKu_NOR_SB@NOR,Northern,SB,18,508,ARCu,Archway,733,TPKu,Tufnell Park,"44,648","2,372","19,141","12,838","7,470","2,302",525,22,49,101,192,292,410,556,753,"1,018","1,231","1,539","1,849","2,046","2,064","2,083","1,946","1,701","1,426","1,210","1,028",859,744,691,655,620,584,564,554,541,521,513,512,499,476,463,453,432,417,419,430,436,451,487,517,545,583,619,660,698,721,717,706,661,592,517,450,381,313,268,236,207,179,158,139,121,107,99,95,91,86,81,73,58,47,35,25,15,10,4,1,0,0,0,0,0,0,0,0,0,0,0,0,0,0,0,0
TPKu_NOR_SB>KTNu_NOR_SB@NOR,Northern,SB,19,733,TPKu,Tufnell Park,619,KTNu,Kentish Town,"48,600","2,518","20,706","14,201","8,072","2,509",594,25,53,109,179,313,438,596,806,"1,045","1,256","1,561","1,887","2,119","2,232","2,311","2,194","1,947","1,636","1,386","1,132",951,823,765,725,686,643,622,614,600,578,568,567,551,524,511,502,479,461,464,477,484,500,539,567,592,629,667,710,749,773,772,762,716,644,566,492,415,340,291,255,222,193,172,152,133,119,111,107,102,97,91,80,66,52,39,28,19,11,6,3,0,0,0,0,0,0,0,0,0,0,0,0,0,0,0,0
KTNu_NOR_SB>CTNu_NORh_SB@NOR,Northern,SB,20,619,KTNu,Kentish Town,535,CTNu,Camden Town (High Barnet),"53,221","2,503","21,580","15,837","9,491","2,990",819,25,55,115,192,304,428,597,787,"1,030","1,352","1,686","2,023","2,289","2,407","2,335","2,213","1,959","1,658","1,406","1,221","1,033",904,831,787,755,708,683,679,673,648,639,637,622,595,581,571,551,527,524,534,545,563,603,646,677,723,765,825,874,910,919,911,852,776,675,584,491,407,336,301,255,225,201,181,163,150,142,137,131,127,118,109,94,76,60,45,28,17,10,4,0,0,0,0,0,0,0,0,0,0,0,0,0,0,0,0
CTNu_NORe_SB>MCRu_NOR_SB@NOR,Northern,SB,21,535,CTNu,Camden Town (Edgware),648,MCRu,Mornington Crescent,"28,277","1,418","8,912","9,667","5,623","2,020",638,0,52,102,146,180,265,291,381,429,551,643,776,854,962,961,911,870,742,649,564,540,429,424,379,403,359,388,364,400,368,402,379,414,375,403,375,412,379,414,392,428,391,430,416,468,466,492,508,546,527,508,502,470,414,381,340,315,258,236,191,189,149,148,120,120,98,103,93,105,93,99,83,74,54,50,32,23,15,9,2,0,0,0,0,0,0,0,0,0,0,0,0,0,0,0,0
CTNu_NORh_SB>MCRu_NOR_SB@NOR,Northern,SB,21,535,CTNu,Camden Town (High Barnet),648,MCRu,Mornington Crescent,"27,569",916,"9,207","9,516","5,527","1,792",611,0,0,10,59,112,166,251,317,409,463,600,738,896,953,"1,031","1,035",929,825,702,625,505,487,415,433,387,403,367,403,376,408,371,402,369,397,362,398,361,388,352,388,356,396,372,420,390,435,443,482,492,538,540,533,502,460,384,328,261,231,182,186,154,154,124,122,98,99,85,97,91,103,91,90,71,62,38,31,18,11,3,2,0,0,0,0,0,0,0,0,0,0,0,0,0,0,0,0
MCRu_NOR_SB>EUSu_NORx_SB@NOR,Northern,SB,22,648,MCRu,Mornington Crescent,574,EUSu,Euston LU,"57,669","2,309","18,128","19,777","11,921","4,179","1,354",0,53,113,181,293,431,542,697,861,"1,012","1,241","1,513","1,752","1,918","1,999","1,892","1,807","1,575","1,360","1,198","1,118",928,853,827,805,780,772,786,797,797,795,802,805,794,786,795,795,790,792,808,815,820,840,877,907,920,962,"1,030","1,090","1,119","1,150","1,127","1,057",952,861,746,651,553,474,403,366,324,291,259,235,214,205,205,210,212,205,183,153,124,93,69,49,33,17,8,0,0,0,0,0,0,0,0,0,0,0,0,0,0,0,0
EUSu_NORx_SB>WSTu_NOR_SB@NOR,Northern,SB,23,574,EUSu,Euston LU,745,WSTu,Warren Street,"66,696","2,415","20,319","22,409","14,474","5,443","1,635",0,53,103,192,281,429,581,775,956,"1,161","1,425","1,687","1,946","2,120","2,208","2,148","2,011","1,766","1,534","1,358","1,210","1,069",990,954,940,916,908,918,934,919,915,913,913,895,886,884,890,877,881,895,905,908,926,962,989,"1,064","1,133","1,236","1,336","1,409","1,416","1,394","1,322","1,197","1,055",924,805,681,581,529,474,434,393,368,329,302,280,267,259,256,243,223,191,151,116,83,51,34,19,7,0,0,0,0,0,0,0,0,0,0,0,0,0,0,0,0
WSTu_NOR_SB>GSTu_NOR_SB@NOR,Northern,SB,24,745,WSTu,Warren Street,586,GSTu,Goodge Street,"67,485","2,357","19,151","22,461","15,727","6,018","1,771",0,37,84,157,283,429,590,776,962,"1,116","1,361","1,601","1,760","1,931","2,003","1,953","1,884","1,732","1,502","1,346","1,202","1,020",952,925,919,904,895,914,933,918,918,918,914,899,891,886,896,888,895,914,932,940,970,"1,019","1,061","1,109","1,187","1,302","1,422","1,512","1,567","1,547","1,470","1,327","1,187","1,036",904,767,655,574,517,474,433,405,362,330,307,290,280,274,261,238,206,165,129,93,58,39,21,8,0,0,0,0,0,0,0,0,0,0,0,0,0,0,0,0
GSTu_NOR_SB>TCRu_NOR_SB@NOR,Northern,SB,25,586,GSTu,Goodge Street,728,TCRu,Tottenham Court Road,"69,692","2,183","18,220","22,544","17,940","6,792","2,014",0,37,84,157,251,397,538,720,891,"1,063","1,288","1,521","1,738","1,901","1,965","1,907","1,785","1,579","1,359","1,223","1,096",995,917,896,886,880,868,892,921,916,917,921,919,905,899,892,905,908,920,948,978,"1,003","1,051","1,108","1,169","1,279","1,384","1,514","1,666","1,764","1,791","1,761","1,669","1,498","1,309","1,135",989,838,716,652,589,534,496,467,428,388,360,336,318,309,295,267,231,189,145,103,72,46,25,12,3,0,0,0,0,0,0,0,0,0,0,0,0,0,0,0
TCRu_NOR_SB>LSQu_NOR_SB@NOR,Northern,SB,26,728,TCRu,Tottenham Court Road,631,LSQu,Leicester Square,"71,859","2,347","16,455","21,041","20,693","8,348","2,974",0,30,83,163,286,435,587,764,913,"1,040","1,193","1,401","1,576","1,686","1,751","1,732","1,570","1,354","1,193","1,047",928,861,822,796,789,786,785,802,825,833,834,844,851,851,850,861,868,879,888,922,950,"1,005","1,063","1,150","1,252","1,347","1,486","1,666","1,835","1,966","2,100","2,114","2,017","1,838","1,647","1,425","1,220","1,029",891,767,667,599,576,556,524,500,511,508,495,482,467,393,325,261,202,142,98,57,31,16,5,0,0,0,0,0,0,0,0,0,0,0,0,0,0,0
LSQu_NOR_SB>CHXu_NOR_SB@NOR,Northern,SB,27,631,LSQu,Leicester Square,718,CHXu,Charing Cross LU,"67,876","1,797","13,339","17,838","20,089","10,027","4,786",0,28,73,134,236,317,441,569,707,802,"1,009","1,168","1,332","1,415","1,480","1,374","1,253","1,067",931,801,754,679,656,622,614,590,604,600,630,637,669,685,717,720,753,760,779,784,824,844,891,937,"1,015","1,073","1,179","1,273","1,410","1,576","1,741","1,890","2,008","2,064","1,976","1,873","1,639","1,460","1,263","1,103",952,888,800,727,718,705,699,692,730,749,773,746,726,635,548,423,342,244,172,92,51,26,7,0,0,0,0,0,0,0,0,0,0,0,0,0,0,0
CHXu_NOR_SB>EMBu_NOR_SB@NOR,Northern,SB,28,718,CHXu,Charing Cross LU,542,EMBu,Embankment,"62,314","1,494","11,316","15,799","18,826","9,915","4,964",0,18,54,96,182,273,384,488,611,689,807,930,"1,094","1,172","1,228","1,212","1,116",937,817,704,626,564,549,522,518,498,517,514,543,552,587,605,637,644,675,683,701,707,750,774,820,867,947,998,"1,094","1,182","1,315","1,468","1,623","1,774","1,888","1,942","1,863","1,742","1,549","1,384","1,207","1,060",953,866,787,713,707,698,699,701,746,776,813,784,757,662,550,425,347,249,176,110,57,27,7,0,0,0,0,0,0,0,0,0,0,0,0,0,0,0
EMBu_NOR_SB>WLOu_NOR_SB@NOR,Northern,SB,29,542,EMBu,Embankment,747,WLOu,Waterloo LU,"58,501","1,318","8,688","13,567","19,900","10,153","4,875",0,19,52,89,163,243,332,419,517,579,663,742,863,912,942,892,807,670,592,508,486,460,445,414,416,401,417,415,445,457,490,508,541,551,582,589,608,618,659,681,734,797,894,959,"1,075","1,186","1,290","1,445","1,658","1,821","2,000","2,106","2,088","1,926","1,752","1,554","1,366","1,159","1,035",917,794,705,689,680,677,675,713,744,787,759,737,654,551,421,339,244,175,107,56,33,11,0,0,0,0,0,0,0,0,0,0,0,0,0,0,0
WLOu_NOR_SB>KENu_NORx_SB@NOR,Northern,SB,30,747,WLOu,Waterloo LU,616,KENu,Kennington (Charing Cross),"34,592",523,"4,626","6,716","12,981","6,497","3,250",0,12,22,35,52,95,126,182,258,320,375,442,478,490,481,457,397,360,297,270,233,227,201,208,202,208,203,213,214,231,234,252,259,275,277,298,296,307,310,336,343,408,453,525,567,689,744,925,"1,021","1,219","1,344","1,438","1,409","1,357","1,221","1,049",956,816,712,614,538,446,391,401,392,400,399,432,467,474,474,439,389,302,232,170,133,82,45,30,11,0,0,0,0,0,0,0,0,0,0,0,0,0,0,0
KENu_NORb_SB>OVLu_NOR_SB@NOR,Northern,SB,31,616,KENu,Kennington (Bank),668,OVLu,Oval,"54,398",877,"6,558","10,372","21,013","11,191","4,387",0,0,11,46,94,142,256,328,409,486,568,605,685,699,669,625,560,473,405,374,348,316,295,291,286,285,290,301,320,339,360,389,416,427,436,453,464,473,500,548,587,647,738,863,987,"1,100","1,228","1,432","1,642","1,850","2,173","2,281","2,356","2,191","2,058","1,716","1,559","1,269","1,171","1,008",931,838,797,756,733,721,707,702,685,648,600,548,475,397,318,253,184,128,77,46,20,8,0,0,0,0,0,0,0,0,0,0,0,0,0,0
KENu_NORx_SB>OVLu_NOR_SB@NOR,Northern,SB,31,616,KENu,Kennington (Charing Cross),668,OVLu,Oval,"6,487",117,"1,109",26,"3,512","1,080",642,0,0,12,12,12,24,24,34,57,75,96,124,125,133,127,118,89,80,49,37,13,13,0,0,0,0,0,0,0,0,0,0,0,0,0,0,0,0,0,0,0,0,0,0,0,85,125,224,277,391,369,451,408,441,362,379,293,287,200,165,86,49,0,0,0,0,0,0,0,50,80,80,97,97,59,43,48,32,32,19,6,0,0,0,0,0,0,0,0,0,0,0,0,0,0,0
CTNu_NORe_SB>EUSu_NORb_SB@NOR,Northern,SB,32,535,CTNu,Camden Town (Edgware),574,EUSu,Euston LU,"30,303","1,253","10,596","9,823","5,815","2,052",764,0,0,10,81,172,257,334,399,515,642,705,882,"1,085","1,127","1,125","1,183","1,046",896,745,644,517,496,423,437,386,391,352,388,361,387,367,404,376,402,368,395,365,392,368,421,405,461,444,517,487,526,511,532,493,524,522,516,497,465,395,347,280,250,209,210,173,171,144,145,120,121,109,120,113,123,111,109,92,81,56,42,24,10,2,0,0,0,0,0,0,0,0,0,0,0,0,0,0,0,0,0
CTNu_NORh_SB>EUSu_NORb_SB@NOR,Northern,SB,32,535,CTNu,Camden Town (High Barnet),574,EUSu,Euston LU,"26,267","1,442","9,448","7,188","5,762","1,791",636,0,53,88,119,175,267,307,434,578,640,739,865,924,941,"1,028",968,890,746,637,490,439,350,342,305,318,280,291,272,295,274,298,283,304,277,296,275,293,264,284,264,285,269,317,314,367,388,433,472,536,556,565,579,545,490,437,394,335,263,221,175,146,111,109,93,92,79,86,82,93,89,94,81,75,59,47,36,27,18,10,7,0,0,0,0,0,0,0,0,0,0,0,0,0,0,0,0
EUSu_NORb_SB>KXXu_NOR_SB@NOR,Northern,SB,33,574,EUSu,Euston LU,625,KXXu,King's Cross St. Pancras,"56,981","2,520","19,718","17,014","11,242","4,727","1,760",0,58,98,183,309,480,608,783,967,"1,180","1,339","1,620","1,889","2,067","2,140","2,152","1,975","1,712","1,456","1,220","1,050",906,816,756,720,674,648,651,663,657,661,678,685,667,657,648,646,629,632,649,677,699,743,800,857,890,927,975,"1,007","1,019","1,032","1,037",998,924,825,753,649,563,493,456,408,374,337,319,302,278,274,276,275,269,259,234,203,168,127,94,63,39,19,9,0,0,0,0,0,0,0,0,0,0,0,0,0,0,0,0
KXXu_NOR_SB>ANGu_NOR_SB@NOR,Northern,SB,34,625,KXXu,King's Cross St. Pancras,507,ANGu,Angel,"65,650","2,410","21,520","19,910","13,131","6,316","2,362",0,30,67,159,283,457,612,803,994,"1,167","1,338","1,637","1,952","2,169","2,328","2,391","2,269","2,000","1,763","1,512","1,305","1,117",997,886,841,783,751,744,760,755,765,779,789,764,760,744,742,727,736,747,787,814,877,940,975,"1,011","1,046","1,080","1,124","1,172","1,198","1,229","1,201","1,124","1,043",927,826,727,649,582,555,494,459,433,420,392,392,389,380,362,345,303,264,220,169,125,89,54,29,16,5,0,0,0,0,0,0,0,0,0,0,0,0,0,0,0
ANGu_NOR_SB>OLDu_NOR_SB@NOR,Northern,SB,35,507,ANGu,Angel,665,OLDu,Old Street,"65,196","2,260","20,545","18,970","13,925","6,783","2,713",0,31,72,137,265,425,569,760,960,"1,105","1,281","1,564","1,848","2,065","2,227","2,328","2,197","1,929","1,643","1,399","1,143",976,871,821,775,729,705,710,712,713,722,735,738,730,728,727,722,720,734,762,797,838,895,971,"1,012","1,057","1,107","1,166","1,201","1,246","1,287","1,311","1,269","1,191","1,105",971,858,756,677,614,587,535,505,482,463,441,434,432,425,411,391,352,307,251,198,148,104,62,39,17,5,0,0,0,0,0,0,0,0,0,0,0,0,0,0,0
OLDu_NOR_SB>MGTu_NOR_SB@NOR,Northern,SB,36,665,OLDu,Old Street,645,MGTu,Moorgate,"67,297","2,106","18,963","19,234","16,477","7,535","2,983",0,32,59,117,253,397,529,718,906,"1,018","1,189","1,470","1,730","1,935","2,081","2,144","1,997","1,745","1,481","1,266","1,069",928,850,810,778,738,723,725,735,733,741,747,751,736,736,736,736,737,759,788,830,872,944,"1,030","1,096","1,170","1,261","1,349","1,436","1,511","1,575","1,609","1,562","1,445","1,321","1,141",991,854,754,676,641,583,549,526,513,494,479,475,463,440,417,382,333,280,230,173,121,76,46,17,5,0,0,0,0,0,0,0,0,0,0,0,0,0,0,0
MGTu_NOR_SB>BNKu_NOR_SB@NOR,Northern,SB,37,645,MGTu,Moorgate,513,BNKu,Bank and Monument,"70,849","2,057","16,351","19,557","20,343","9,190","3,351",0,25,61,115,243,383,530,701,882,985,"1,144","1,347","1,540","1,659","1,744","1,711","1,607","1,413","1,234","1,086",987,866,807,773,753,726,720,720,736,740,753,759,771,763,761,763,770,768,796,831,886,945,"1,031","1,133","1,278","1,373","1,521","1,675","1,826","1,906","2,013","2,029","1,957","1,793","1,574","1,398","1,180","1,044",926,870,770,736,666,633,619,599,582,566,545,510,475,426,370,305,242,184,130,81,51,27,6,0,0,0,0,0,0,0,0,0,0,0,0,0,0,0
BNKu_NOR_SB>LONu_NOR_SB@NOR,Northern,SB,38,513,BNKu,Bank and Monument,635,LONu,London Bridge LU,"72,353","1,662","12,983","18,312","24,089","11,290","4,018",0,19,51,103,182,306,426,574,720,847,945,"1,112","1,225","1,312","1,331","1,305","1,205","1,108",980,892,833,750,677,640,631,618,624,627,655,670,691,709,740,737,741,747,755,757,785,823,888,960,"1,064","1,192","1,315","1,436","1,631","1,859","2,074","2,306","2,473","2,531","2,438","2,267","2,006","1,754","1,479","1,322","1,159","1,056",964,913,817,775,740,713,684,667,637,595,552,508,437,379,304,235,164,107,57,32,10,0,0,0,0,0,0,0,0,0,0,0,0,0,0,0
LONu_NOR_SB>BORu_NOR_SB@NOR,Northern,SB,39,635,LONu,London Bridge LU,525,BORu,Borough,"56,509","1,166","8,742","12,888","20,159","10,018","3,536",0,0,26,61,115,204,327,434,551,659,735,829,882,889,855,817,727,646,591,561,531,486,460,439,424,410,411,423,443,451,469,493,518,522,535,549,555,553,575,609,649,703,790,889,998,"1,104","1,272","1,474","1,681","1,895","2,079","2,176","2,127","2,002","1,789","1,562","1,348","1,161","1,020",923,852,769,739,699,671,638,616,582,553,510,473,433,379,323,273,211,158,107,66,32,18,0,0,0,0,0,0,0,0,0,0,0,0,0,0,0
BORu_NOR_SB>ELEu_NOR_SB@NOR,Northern,SB,40,525,BORu,Borough,570,ELEu,Elephant & Castle LU,"54,762","1,115","7,831","12,408","19,952","10,048","3,409",0,0,25,58,110,194,313,415,526,630,699,745,795,789,751,696,635,550,520,495,486,458,442,410,401,388,391,403,423,431,451,476,500,504,518,531,537,536,557,591,633,687,777,877,990,"1,049","1,204","1,395","1,619","1,820","2,069","2,177","2,160","2,019","1,831","1,620","1,378","1,197","1,055",942,835,781,724,685,657,625,602,565,536,493,457,416,363,310,255,203,153,104,64,39,18,0,0,0,0,0,0,0,0,0,0,0,0,0,0,0
ELEu_NOR_SB>KENu_NORb_SB@NOR,Northern,SB,41,570,ELEu,Elephant & Castle LU,616,KENu,Kennington (Bank),"51,357",946,"6,855","11,114","19,434","9,832","3,175",0,0,24,58,95,163,262,345,430,522,592,643,710,722,696,645,593,487,422,393,374,341,333,335,329,330,332,355,369,388,402,436,450,461,463,484,483,495,517,569,604,666,743,854,961,"1,038","1,164","1,356","1,561","1,749","1,985","2,114","2,114","1,983","1,810","1,600","1,365","1,179","1,036",927,816,767,702,670,634,611,577,550,510,467,421,384,332,284,238,191,145,98,59,32,15,0,0,0,0,0,0,0,0,0,0,0,0,0,0,0
KENu_NORx_SB>NIEu_NOR_SB@NOR,Northern,SB,41,616,KENu,Kennington (Charing Cross),831,NIEu,Nine Elms,"16,202",269,"2,688","4,378","5,205","2,730",932,0,0,6,9,27,40,80,105,164,200,234,261,283,272,258,250,228,199,180,160,155,133,143,136,154,144,162,153,172,161,177,164,188,174,191,185,202,182,203,191,224,229,278,277,318,319,329,356,405,450,494,550,549,530,475,430,377,310,278,248,234,205,209,189,197,166,165,151,156,136,139,120,108,83,65,46,36,21,12,9,3,0,0,0,0,0,0,0,0,0,0,0,0,0,0,0
KENu_NORb_SB>NIEu_NOR_SB@NOR,Northern,SB,41,616,KENu,Kennington (Bank),831,NIEu,Nine Elms,0,0,0,0,0,0,0,0,0,0,0,0,0,0,0,0,0,0,0,0,0,0,0,0,0,0,0,0,0,0,0,0,0,0,0,0,0,0,0,0,0,0,0,0,0,0,0,0,0,0,0,0,0,0,0,0,0,0,0,0,0,0,0,0,0,0,0,0,0,0,0,0,0,0,0,0,0,0,0,0,0,0,0,0,0,0,0,0,0,0,0,0,0,0,0,0,0,0,0,0,0,0,0
NIEu_NOR_SB>BPSu_NOR_SB@NOR,Northern,SB,42,831,NIEu,Nine Elms,832,BPSu,Battersea Power Station,"10,773",171,"1,668","3,192","3,432","1,783",528,0,0,4,6,20,28,45,67,89,107,135,148,168,177,173,162,151,133,113,110,99,106,96,112,110,123,117,131,123,136,126,138,131,142,127,143,132,139,129,147,141,170,172,201,200,218,224,234,248,290,317,341,370,361,329,299,261,225,187,174,151,143,120,126,109,107,85,94,81,84,74,75,57,50,35,28,18,13,8,4,1,0,0,0,0,0,0,0,0,0,0,0,0,0,0,0
OVLu_NOR_SB>STKu_NOR_SB@NOR,Northern,SB,43,668,OVLu,Oval,716,STKu,Stockwell,"57,944",897,"7,273","10,082","23,237","11,861","4,594",0,0,22,55,89,148,246,338,430,557,642,734,798,807,747,700,581,482,418,378,338,318,295,282,279,280,286,297,314,332,352,380,404,414,422,438,447,457,483,529,570,623,710,831,952,"1,083","1,296","1,517","1,837","2,063","2,412","2,553","2,663","2,475","2,356","2,031","1,784","1,523","1,339","1,141",995,877,756,717,697,686,675,671,656,648,621,570,510,433,340,265,211,145,99,59,30,7,0,0,0,0,0,0,0,0,0,0,0,0,0,0
STKu_NOR_SB>CPNu_NOR_SB@NOR,Northern,SB,44,716,STKu,Stockwell,548,CPNu,Clapham North,"69,854",860,"8,429","12,244","28,151","14,749","5,422",0,0,23,44,75,140,234,344,497,646,745,879,928,930,864,809,678,567,466,420,374,341,329,323,322,327,331,350,368,395,425,465,496,517,522,543,558,572,602,669,719,781,882,"1,032","1,174","1,347","1,586","1,859","2,195","2,467","2,848","3,065","3,193","3,031","2,873","2,512","2,191","1,866","1,629","1,428","1,253","1,108",978,925,875,853,828,816,798,774,733,668,607,504,405,312,248,160,110,62,29,11,0,0,0,0,0,0,0,0,0,0,0,0,0,0
CPNu_NOR_SB>CPCu_NOR_SB@NOR,Northern,SB,45,548,CPNu,Clapham North,547,CPCu,Clapham Common,"65,766",826,"8,201","11,761","26,028","13,944","5,005",0,0,21,41,71,133,225,334,456,613,740,847,924,930,871,774,663,540,446,397,365,338,311,320,307,311,316,336,354,378,408,444,472,491,497,517,534,549,581,645,695,755,849,988,"1,060","1,227","1,438","1,682","1,985","2,294","2,621","2,839","2,973","2,837","2,696","2,375","2,077","1,751","1,522","1,330","1,167","1,024",919,868,852,832,807,795,780,714,651,607,533,452,364,302,229,164,102,64,33,10,0,0,0,0,0,0,0,0,0,0,0,0,0,0
CPCu_NOR_SB>CPSu_NOR_SB@NOR,Northern,SB,46,547,CPCu,Clapham Common,549,CPSu,Clapham South,"58,537",688,"7,426","10,462","23,062","12,360","4,538",0,0,19,37,62,105,184,281,415,525,658,751,842,826,809,716,634,491,410,349,325,288,276,278,276,277,284,295,314,337,361,394,424,436,449,466,480,493,525,570,624,673,751,864,987,"1,130","1,287","1,560","1,772","1,979","2,251","2,473","2,547","2,540","2,383","2,152","1,885","1,582","1,330","1,207","1,027",907,824,778,733,713,694,680,667,639,586,544,485,411,342,286,221,157,102,59,31,10,0,0,0,0,0,0,0,0,0,0,0,0,0,0
CPSu_NOR_SB>BALu_NOR_SB@NOR,Northern,SB,47,549,CPSu,Clapham South,512,BALu,Balham LU,"51,549",593,"6,727","9,323","20,143","10,643","4,119",0,0,10,27,50,89,171,247,367,484,582,677,759,755,726,665,568,457,375,313,293,262,254,249,253,251,252,261,283,298,320,347,374,388,401,411,430,442,462,502,556,600,669,766,879,"1,016","1,151","1,382","1,582","1,744","1,962","2,126","2,205","2,180","2,065","1,852","1,640","1,359","1,139","1,017",880,775,705,678,640,617,604,590,577,568,531,481,438,386,309,253,211,157,95,63,36,15,0,0,0,0,0,0,0,0,0,0,0,0,0,0
BALu_NOR_SB>TBEu_NOR_SB@NOR,Northern,SB,48,512,BALu,Balham LU,726,TBEu,Tooting Bec,"43,743",509,"5,801","8,354","16,623","8,911","3,544",0,0,9,23,44,75,137,222,316,413,495,568,613,634,613,572,507,424,348,300,276,253,241,230,230,230,228,237,254,269,285,311,332,347,354,365,377,391,405,441,488,535,594,682,777,863,960,"1,129","1,284","1,415","1,610","1,741","1,822","1,801","1,696","1,524","1,351","1,119",955,857,741,662,604,563,533,519,508,497,488,469,440,411,374,323,279,227,185,141,96,60,38,14,0,0,0,0,0,0,0,0,0,0,0,0,0,0
TBEu_NOR_SB>TBYu_NOR_SB@NOR,Northern,SB,49,726,TBEu,Tooting Bec,727,TBYu,Tooting Broadway,"36,922",425,"5,194","7,337","13,793","7,161","3,012",0,0,8,20,38,66,111,183,267,351,421,500,561,577,552,531,465,381,310,276,246,232,214,212,212,209,207,211,224,236,250,269,292,306,312,322,335,342,355,382,422,460,509,578,666,738,824,969,"1,085","1,227","1,329","1,463","1,472","1,461","1,325","1,234","1,052",915,766,686,592,528,478,460,437,425,417,405,399,397,365,342,314,277,233,202,168,131,88,52,33,12,0,0,0,0,0,0,0,0,0,0,0,0,0,0
TBYu_NOR_SB>CLWu_NOR_SB@NOR,Northern,SB,50,727,TBYu,Tooting Broadway,552,CLWu,Colliers Wood,"23,216",258,"2,617","4,578","9,154","4,636","1,975",0,0,0,9,23,41,67,117,165,212,255,281,295,284,256,229,204,165,141,130,120,117,114,115,119,120,124,128,136,144,151,162,175,185,194,205,215,224,235,255,285,314,346,394,452,504,572,667,738,834,885,954,953,947,851,797,683,598,498,447,386,343,309,297,283,271,265,257,252,253,241,225,209,188,152,132,108,84,59,40,22,9,3,0,0,0,0,0,0,0,0,0,0,0,0,0
CLWu_NOR_SB>SWMu_NOR_SB@NOR,Northern,SB,51,552,CLWu,Colliers Wood,711,SWMu,South Wimbledon,"16,568",194,"2,117","3,427","6,220","3,254","1,355",0,0,0,7,18,29,52,88,129,167,207,228,243,231,209,186,164,131,114,107,99,94,92,91,91,92,95,98,104,109,113,121,131,139,146,153,160,165,171,186,208,229,252,287,325,359,389,451,494,558,586,645,643,643,578,549,474,420,357,321,276,245,220,203,193,186,183,176,172,167,158,148,138,124,107,92,77,63,45,31,20,10,2,0,0,0,0,0,0,0,0,0,0,0,0,0
SWMu_NOR_SB>MORu_NOR_SB@NOR,Northern,SB,52,711,SWMu,South Wimbledon,647,MORu,Morden,"11,832",121,"1,190","2,485","4,618","2,378","1,041",0,0,0,5,10,18,33,54,75,96,110,121,129,123,115,108,97,80,71,65,65,62,61,62,63,63,65,67,71,76,80,87,95,102,107,112,118,123,129,140,157,174,191,215,246,272,303,335,385,413,448,461,484,453,431,388,352,298,265,226,198,177,161,150,145,139,136,132,129,124,118,109,103,96,84,75,64,52,36,26,15,8,2,0,0,0,0,0,0,0,0,0,0,0,0,0
UXBu_MET_SB>HDNu_MET_SB@PIC,Piccadilly,EB,1,740,UXBu,Uxbridge,606,HDNu,Hillingdon,"1,579",74,395,475,521,94,21,2,2,2,6,8,13,16,25,30,41,48,51,51,46,33,24,24,16,15,16,19,12,15,15,11,11,14,15,11,16,18,20,15,20,20,24,18,24,28,30,21,29,33,35,29,39,45,53,53,64,61,54,42,33,26,22,15,14,12,10,7,9,6,5,4,5,4,4,3,3,3,3,2,2,2,1,1,1,0,0,0,0,0,0,0,0,0,0,0,0,0,0,0,0,0,0
HDNu_MET_SB>ICKu_MET_SB@PIC,Piccadilly,EB,2,606,HDNu,Hillingdon,615,ICKu,Ickenham,"1,896",118,556,536,563,102,22,3,3,3,11,14,16,26,41,49,64,76,74,69,60,43,31,26,21,20,21,18,19,18,18,13,17,16,18,13,19,20,22,17,22,21,25,19,26,30,33,24,33,36,39,31,43,49,57,58,69,57,57,44,36,29,32,16,15,13,11,8,9,6,6,4,5,4,4,3,3,3,3,2,2,2,1,1,1,1,0,0,0,0,0,0,0,0,0,0,0,0,0,0,0,0,0
ICKu_MET_SB>RUIu_MET_SB@PIC,Piccadilly,EB,3,615,ICKu,Ickenham,691,RUIu,Ruislip,"1,998",134,622,555,556,110,21,4,4,4,12,13,19,30,47,56,76,86,83,76,66,46,34,29,24,23,23,19,20,19,19,13,18,17,19,14,20,20,23,17,23,22,26,19,26,30,34,25,34,38,41,32,43,50,39,46,69,57,57,57,48,25,32,16,21,13,15,7,9,6,6,4,5,4,4,3,3,3,3,2,2,2,1,1,1,1,0,0,0,0,0,0,0,0,0,0,0,0,0,0,0,0,0
RUIu_MET_SB>RUMu_MET_SB@PIC,Piccadilly,EB,4,691,RUIu,Ruislip,693,RUMu,Ruislip Manor,"2,162",146,727,575,563,127,25,5,5,5,15,16,24,30,46,57,89,98,102,98,84,52,39,34,28,26,21,22,22,21,15,21,20,20,15,21,22,23,17,24,24,23,18,27,28,30,25,35,35,38,30,41,44,49,39,57,58,57,51,58,45,37,29,24,21,17,13,11,10,7,5,6,6,5,3,4,4,3,2,3,2,2,1,1,1,1,0,0,0,0,0,0,0,0,0,0,0,0,0,0,0,0,0
RUMu_MET_SB>ETEu_MET_SB@PIC,Piccadilly,EB,5,693,RUMu,Ruislip Manor,564,ETEu,Eastcote,"2,327",169,817,622,566,129,25,7,7,7,7,19,30,37,55,80,87,107,109,105,89,70,44,40,33,30,23,25,25,24,18,23,22,22,17,22,23,24,18,27,28,27,21,30,28,30,25,36,37,40,31,43,44,49,39,58,58,57,50,57,45,37,29,24,19,17,13,11,10,9,5,6,6,5,3,4,4,3,2,3,2,2,1,1,1,1,0,0,0,0,0,0,0,0,0,0,0,0,0,0,0,0,0
ETEu_MET_SB>RAYu_MET_SB@PIC,Piccadilly,EB,6,564,ETEu,Eastcote,683,RAYu,Rayners Lane,"2,766",220,"1,076",701,605,136,28,9,9,9,9,23,38,49,74,108,125,138,141,134,113,82,60,54,44,39,39,31,31,29,21,28,26,26,19,26,26,26,20,30,30,30,23,33,31,24,27,38,40,42,42,45,47,51,41,61,62,60,54,62,49,41,32,26,21,16,13,11,10,8,7,7,6,5,5,5,4,4,3,3,2,1,1,2,1,1,1,0,0,0,0,0,0,0,0,0,0,0,0,0,0,0,0
RAYu_MET_SB>SHRu_PIC_EB@PIC,Piccadilly,EB,7,683,RAYu,Rayners Lane,707,SHRu,South Harrow,"5,480",468,"2,095","1,407","1,122",312,77,15,21,28,31,62,76,100,134,186,215,234,254,241,215,188,155,122,116,91,76,70,67,49,63,55,57,50,60,52,56,47,57,54,59,48,61,56,59,51,64,61,70,59,80,78,88,72,96,97,105,106,123,111,96,83,67,50,41,34,31,27,27,22,21,17,17,13,13,12,13,10,10,8,7,4,4,3,2,1,1,0,0,0,0,0,0,0,0,0,0,0,0,0,0,0,0
SHRu_PIC_EB>SHLu_PIC_EB@PIC,Piccadilly,EB,8,707,SHRu,South Harrow,720,SHLu,Sudbury Hill,"7,548",752,"2,972","2,001","1,316",410,97,28,37,47,73,102,116,146,203,258,294,329,374,349,309,281,233,164,146,132,103,102,93,92,77,87,70,81,74,87,68,85,79,92,73,88,76,91,68,84,78,93,73,99,91,110,90,115,117,108,107,129,119,109,119,108,85,75,55,50,33,37,28,32,23,24,18,20,16,18,14,15,12,11,7,7,4,3,2,2,1,0,0,0,0,0,0,0,0,0,0,0,0,0,0,0,0
SHLu_PIC_EB>STNu_PIC_EB@PIC,Piccadilly,EB,9,720,SHLu,Sudbury Hill,721,STNu,Sudbury Town,"8,984","1,084","3,702","2,369","1,323",424,81,35,49,63,110,148,177,218,285,338,382,422,427,413,366,322,270,240,198,175,147,130,109,110,95,106,88,99,91,103,84,100,94,103,84,99,92,104,86,101,94,103,85,107,100,117,97,120,109,113,110,129,118,117,112,102,81,71,54,50,35,37,30,35,27,27,21,22,16,17,13,13,10,9,5,5,3,2,1,1,1,0,0,0,0,0,0,0,0,0,0,0,0,0,0,0,0
STNu_PIC_EB>ALPu_PIC_EB@PIC,Piccadilly,EB,10,721,STNu,Sudbury Town,505,ALPu,Alperton,"10,617","1,244","4,631","2,782","1,433",442,86,41,61,83,107,153,204,275,320,400,459,493,521,533,495,435,373,294,248,201,180,142,136,120,133,112,129,111,127,110,123,108,125,107,118,103,120,101,112,99,116,93,111,104,124,108,130,118,133,122,138,134,137,123,115,92,82,66,54,45,48,34,38,31,34,25,27,20,21,14,16,12,13,8,8,6,4,2,2,1,1,0,0,0,0,0,0,0,0,0,0,0,0,0,0,0,0
ALPu_PIC_EB>PRYu_PIC_EB@PIC,Piccadilly,EB,11,505,ALPu,Alperton,671,PRYu,Park Royal,"12,768","1,577","5,558","3,375","1,580",575,103,52,77,107,144,201,268,312,416,502,569,597,664,619,572,502,431,344,295,245,219,179,169,152,162,140,153,135,154,139,151,135,149,128,137,125,140,123,131,120,134,114,132,128,145,129,150,140,155,134,147,149,136,121,121,108,91,86,74,63,58,44,47,40,43,33,34,26,26,19,19,15,15,10,9,6,5,2,2,1,1,0,0,0,0,0,0,0,0,0,0,0,0,0,0,0,0
PRYu_PIC_EB>NELu_PIC_EB@PIC,Piccadilly,EB,12,671,PRYu,Park Royal,654,NELu,North Ealing,"13,740","1,459","5,811","3,802","1,917",617,134,15,49,102,141,168,263,340,380,466,564,615,630,642,595,534,462,391,337,317,258,237,204,200,162,186,151,172,154,174,147,168,142,154,130,151,128,152,126,149,129,149,132,161,145,169,158,183,165,187,178,182,163,163,138,123,107,94,74,68,55,55,44,49,41,43,33,35,26,25,20,21,16,16,12,10,6,4,2,1,0,0,0,0,0,0,0,0,0,0,0,0,0,0,0,0,0
NELu_PIC_EB>ECMu_PIC_EB@PIC,Piccadilly,EB,13,654,NELu,North Ealing,561,ECMu,Ealing Common,"14,083","1,481","5,877","3,958","2,008",622,136,16,50,73,143,170,267,345,419,478,580,629,638,644,591,528,458,393,344,327,267,246,212,208,169,192,157,177,159,180,153,174,148,159,135,157,133,157,131,129,143,148,150,153,188,157,182,159,196,190,202,184,195,166,141,125,109,95,75,69,56,55,44,49,42,43,34,35,26,26,20,21,17,16,12,10,6,4,2,1,0,0,0,0,0,0,0,0,0,0,0,0,0,0,0,0,0
ECMu_PIC_EB>ACTu_PIC_EB@PIC,Piccadilly,EB,14,561,ECMu,Ealing Common,500,ACTu,Acton Town,"14,530","1,413","6,230","4,104","1,990",646,146,16,50,74,145,190,241,312,385,453,563,649,683,729,670,598,524,446,334,304,278,227,219,210,210,173,190,159,177,158,183,157,176,155,165,137,157,138,154,130,166,148,172,155,189,157,183,159,196,190,181,184,195,166,131,137,112,88,77,75,70,50,54,43,49,38,39,31,32,24,25,19,21,17,15,10,9,4,1,1,1,0,0,0,0,0,0,0,0,0,0,0,0,0,0,0,0
HRVu_PIC_EB>HRCu_PIC_EB@PIC,Piccadilly,EB,15,783,HRVu,Heathrow Terminal 5 LU,780,HRCu,Heathrow Terminals 123 LU,"6,808",310,941,"2,449","1,232","1,228",647,11,17,30,41,45,50,58,59,65,78,88,92,94,90,85,77,72,68,67,64,68,71,74,77,79,79,85,90,98,104,112,112,111,119,131,129,126,124,120,107,104,109,114,107,105,106,109,106,110,113,112,105,98,93,89,87,85,86,92,95,91,95,102,101,104,115,130,132,135,131,119,92,72,47,28,12,5,2,2,0,0,0,0,0,0,0,0,0,0,0,0,0,0,0,0,0
HRFu_PIC_WB>HRCu_PIC_EB@PIC,Piccadilly,EB,16,781,HRFu,Heathrow Terminal 4 LU,780,HRCu,Heathrow Terminals 123 LU,"2,387",82,391,797,501,474,141,2,3,5,8,9,14,16,26,25,36,36,46,39,44,34,35,25,27,20,24,20,23,18,22,18,21,19,24,21,29,27,39,36,44,39,52,42,52,46,53,39,43,32,37,27,37,33,42,37,46,40,48,41,52,44,54,47,57,46,52,40,45,33,37,29,32,26,32,26,30,24,22,14,12,6,4,2,1,0,0,0,0,0,0,0,0,0,0,0,0,0,0,0,0,0,0
HRCu_PIC_EB>HTXu_PIC_EB@PIC,Piccadilly,EB,17,780,HRCu,Heathrow Terminals 123 LU,779,HTXu,Hatton Cross,"16,749",502,"2,586","5,969","3,168","2,940","1,584",8,14,26,54,62,87,109,142,154,194,212,239,237,247,235,237,216,215,199,201,193,204,199,213,210,216,212,229,224,238,240,258,255,279,289,316,305,307,288,281,251,257,249,255,243,262,263,281,276,290,277,277,259,252,242,247,238,240,244,252,237,235,230,236,223,249,265,293,288,300,271,238,182,137,83,48,21,10,4,1,0,0,0,0,0,0,0,0,0,0,0,0,0,0,0,0
HTXu_PIC_EB>HNWu_PIC_EB@PIC,Piccadilly,EB,18,779,HTXu,Hatton Cross,613,HNWu,Hounslow West,"17,556",609,"3,318","6,111","3,402","2,682","1,435",7,18,36,65,77,103,137,166,206,248,295,307,328,309,310,284,281,258,255,237,240,225,234,231,241,228,241,234,246,237,256,251,264,254,283,283,293,277,291,265,264,248,269,257,271,266,312,315,323,328,327,295,260,243,234,227,222,228,240,228,230,210,216,202,209,200,235,262,268,267,259,217,156,116,72,43,19,9,5,2,0,0,0,0,0,0,0,0,0,0,0,0,0,0,0,0
HNWu_PIC_EB>HNCu_PIC_EB@PIC,Piccadilly,EB,19,613,HNWu,Hounslow West,611,HNCu,Hounslow Central,"20,213","1,066","4,654","6,940","3,571","2,641","1,342",17,28,57,106,149,186,241,281,327,374,432,449,468,444,432,385,372,339,329,302,304,282,289,281,289,274,287,279,290,279,295,288,296,284,307,304,311,294,305,281,282,269,290,278,292,287,312,306,328,316,328,306,302,270,274,250,251,232,242,229,230,210,213,197,202,192,221,221,235,225,229,190,163,121,86,48,27,12,5,2,0,0,0,0,0,0,0,0,0,0,0,0,0,0,0,0
HNCu_PIC_EB>HNEu_PIC_EB@PIC,Piccadilly,EB,20,611,HNCu,Hounslow Central,612,HNEu,Hounslow East,"23,557","1,471","6,226","7,914","3,972","2,653","1,321",18,51,98,146,201,265,320,373,441,505,572,614,631,614,589,534,483,442,419,382,367,357,353,339,342,333,329,324,331,327,334,331,331,321,332,326,331,317,321,306,313,305,320,324,331,327,349,356,365,361,364,342,324,298,286,268,263,246,246,237,234,214,213,201,196,189,205,210,215,217,211,190,161,129,90,56,29,14,4,2,1,0,0,0,0,0,0,0,0,0,0,0,0,0,0,0
HNEu_PIC_EB>OSTu_PIC_EB@PIC,Piccadilly,EB,21,612,HNEu,Hounslow East,667,OSTu,Osterley,"27,059","2,014","7,807","8,937","4,365","2,686","1,250",28,75,138,198,277,364,435,501,588,661,737,779,790,766,728,655,591,542,511,461,440,422,415,394,394,381,377,372,380,375,382,376,372,359,367,358,360,344,344,332,340,337,354,362,370,368,393,397,404,399,397,369,350,322,309,288,280,261,257,245,239,218,215,200,193,185,195,198,202,202,198,180,153,124,88,54,29,14,5,2,1,0,0,0,0,0,0,0,0,0,0,0,0,0,0,0
OSTu_PIC_EB>BOSu_PIC_EB@PIC,Piccadilly,EB,22,667,OSTu,Osterley,526,BOSu,Boston Manor,"28,912","2,106","8,620","9,455","4,737","2,700","1,293",32,85,155,224,276,366,453,515,610,720,813,851,879,853,814,732,665,604,565,516,485,464,445,427,418,410,398,398,401,401,398,396,391,383,380,376,373,362,376,346,353,355,369,352,389,391,412,454,468,461,458,428,370,325,301,280,269,254,255,251,244,228,218,208,202,187,191,194,212,209,207,190,165,122,83,52,28,14,4,4,1,0,0,0,0,0,0,0,0,0,0,0,0,0,0,0
BOSu_PIC_EB>NFDu_PIC_EB@PIC,Piccadilly,EB,23,526,BOSu,Boston Manor,655,NFDu,Northfields,"29,974","2,158","9,066","9,834","4,914","2,740","1,263",33,55,122,194,288,381,505,579,680,757,854,893,918,888,849,767,697,633,592,537,504,480,461,442,434,425,414,415,419,419,415,412,405,397,392,389,385,376,362,362,368,372,386,400,409,411,433,446,460,459,457,427,398,369,336,310,294,274,256,251,244,229,218,208,201,186,189,191,199,193,194,178,158,125,94,60,35,17,8,3,1,0,0,0,0,0,0,0,0,0,0,0,0,0,0,0
NFDu_PIC_EB>SELu_PIC_EB@PIC,Piccadilly,EB,24,655,NFDu,Northfields,704,SELu,South Ealing,"32,589","2,170","10,391","10,601","5,310","2,788","1,328",36,59,131,210,283,372,493,586,692,842,949,"1,038","1,063","1,058",998,921,809,741,669,612,553,534,496,487,467,461,442,449,439,443,435,443,431,426,412,419,407,401,387,403,400,408,414,444,435,440,451,509,509,517,517,493,425,370,336,309,286,269,268,265,244,240,222,218,200,197,183,196,192,199,190,192,162,142,104,73,40,22,6,3,1,0,0,0,0,0,0,0,0,0,0,0,0,0,0,0
SELu_PIC_EB>ACTu_PIC_EB@PIC,Piccadilly,EB,25,704,SELu,South Ealing,500,ACTu,Acton Town,"34,703","2,296","11,365","11,153","5,676","2,882","1,331",21,65,142,187,301,416,530,633,788,919,"1,043","1,140","1,173","1,168","1,101","1,010",884,800,720,621,585,562,525,483,519,483,468,475,491,467,462,442,451,445,435,413,447,417,408,417,443,408,441,466,469,471,515,516,515,527,516,498,458,435,388,367,326,308,276,268,249,242,224,209,201,197,185,197,203,199,190,191,161,139,103,73,39,22,9,3,1,0,0,0,0,0,0,0,0,0,0,0,0,0,0,0
ACTu_PIC_EB>TGRu_PIC_EB@PIC,Piccadilly,EB,26,500,ACTu,Acton Town,734,TGRu,Turnham Green,"47,020","3,156","17,336","15,114","7,000","3,125","1,290",23,62,138,249,399,560,767,958,"1,162","1,371","1,593","1,736","1,799","1,786","1,685","1,546","1,368","1,214","1,076","1,000",868,793,739,753,683,671,641,679,627,630,611,663,607,587,561,612,551,547,540,563,529,542,536,582,593,595,619,673,662,655,644,614,558,504,459,425,378,345,314,295,267,257,239,232,211,203,185,197,190,193,186,186,156,131,102,72,43,21,9,1,0,0,0,0,0,0,0,0,0,0,0,0,0,0,0,0
TGRu_PIC_EB>HMDu_PIC_EB@PIC,Piccadilly,EB,27,734,TGRu,Turnham Green,593,HMDu,Hammersmith (DIS),"46,904","2,893","17,479","15,076","7,016","3,177","1,263",19,54,102,195,344,515,731,933,"1,163","1,363","1,577","1,720","1,825","1,796","1,716","1,579","1,406","1,231","1,107",997,849,769,746,734,671,679,675,665,613,637,641,648,591,592,588,597,537,550,546,556,518,543,558,574,571,592,611,643,664,674,648,628,574,516,455,441,385,347,320,305,261,260,246,239,204,208,198,204,179,191,179,176,142,135,105,77,41,26,8,1,1,0,0,0,0,0,0,0,0,0,0,0,0,0,0,0
HMDu_PIC_EB>BCTu_PIC_EB@PIC,Piccadilly,EB,28,593,HMDu,Hammersmith (DIS),516,BCTu,Barons Court,"50,290","2,376","17,416","15,670","9,709","3,613","1,507",18,33,69,156,247,407,609,837,"1,005","1,262","1,478","1,649","1,759","1,803","1,736","1,630","1,477","1,305","1,199","1,111",968,867,829,780,709,677,689,664,643,625,652,634,604,575,595,579,552,535,564,558,550,568,605,648,673,720,777,861,918,964,980,957,874,759,662,565,482,407,368,333,301,274,281,257,241,222,234,212,210,205,224,195,186,161,134,87,60,31,11,3,0,0,0,0,0,0,0,0,0,0,0,0,0,0,0,0
BCTu_PIC_EB>ECTu_PIC_EB@PIC,Piccadilly,EB,29,516,BCTu,Barons Court,562,ECTu,Earl's Court,"54,028","2,516","18,632","16,758","10,782","3,802","1,538",4,34,71,163,257,443,649,894,"1,088","1,360","1,612","1,800","1,918","1,949","1,880","1,734","1,561","1,371","1,249","1,109",973,896,860,792,773,761,743,692,703,704,703,655,651,638,632,589,595,598,592,591,618,638,652,706,748,781,882,942,"1,026","1,070","1,100","1,038",983,854,740,617,519,449,395,335,331,302,289,252,252,227,236,216,226,216,216,196,186,155,136,96,60,31,17,3,0,0,0,0,0,0,0,0,0,0,0,0,0,0,0,0
ECTu_PIC_EB>GRDu_PIC_EB@PIC,Piccadilly,EB,30,562,ECTu,Earl's Court,583,GRDu,Gloucester Road,"53,085","2,038","17,153","17,687","10,914","3,854","1,438",5,23,49,122,218,369,533,719,897,"1,127","1,360","1,580","1,758","1,809","1,778","1,656","1,508","1,327","1,231","1,124","1,012",941,919,860,811,817,798,750,752,752,734,696,668,653,647,625,609,631,631,626,653,683,687,734,786,815,881,951,"1,006","1,045","1,074","1,045",989,884,780,660,566,479,420,358,319,295,283,252,233,228,215,207,202,205,194,188,167,147,124,97,56,33,20,5,0,0,0,0,0,0,0,0,0,0,0,0,0,0,0,0
GRDu_PIC_EB>SKNu_PIC_EB@PIC,Piccadilly,EB,31,583,GRDu,Gloucester Road,708,SKNu,South Kensington,"52,827","1,853","16,605","17,614","11,345","3,982","1,427",6,23,50,119,203,313,482,657,824,"1,042","1,309","1,444","1,629","1,714","1,750","1,635","1,558","1,375","1,251","1,073",977,935,884,841,837,840,771,765,753,764,710,702,679,675,616,615,616,633,603,628,653,675,689,752,808,852,911,969,"1,043","1,099","1,111","1,094","1,038",928,803,689,601,511,435,373,350,305,280,260,244,223,200,202,202,193,190,187,169,144,127,94,61,35,20,5,0,0,0,0,0,0,0,0,0,0,0,0,0,0,0,0
SKNu_PIC_EB>KNBu_PIC_EB@PIC,Piccadilly,EB,32,708,SKNu,South Kensington,626,KNBu,Knightsbridge,"57,799","1,722","15,170","20,000","14,129","5,067","1,710",7,25,51,119,201,284,443,591,735,921,"1,144","1,317","1,496","1,571","1,578","1,526","1,411","1,253","1,153","1,064",972,892,882,851,825,805,830,809,815,807,835,804,784,759,777,757,772,780,817,815,835,869,931,978,"1,042","1,104","1,130","1,230","1,303","1,359","1,381","1,387","1,263","1,132",962,837,706,604,539,500,445,411,391,345,319,282,269,257,255,241,232,213,194,159,140,113,79,44,30,10,0,0,0,0,0,0,0,0,0,0,0,0,0,0,0,0
KNBu_PIC_EB>HPCu_PIC_EB@PIC,Piccadilly,EB,33,626,KNBu,Knightsbridge,614,HPCu,Hyde Park Corner,"68,015","1,536","14,430","22,850","18,810","7,971","2,419",0,20,39,89,168,251,408,562,693,862,"1,072","1,227","1,391","1,495","1,505","1,463","1,364","1,217","1,109","1,031",949,861,874,847,850,828,893,854,898,878,950,909,939,901,958,922,974,959,"1,049","1,015","1,063","1,076","1,179","1,223","1,329","1,402","1,507","1,575","1,672","1,756","1,816","1,797","1,725","1,572","1,409","1,249","1,083",924,837,744,653,588,604,574,551,501,492,420,372,326,314,289,277,229,209,171,115,64,42,13,0,0,0,0,0,0,0,0,0,0,0,0,0,0,0,0
HPCu_PIC_EB>GPKu_PIC_EB@PIC,Piccadilly,EB,34,614,HPCu,Hyde Park Corner,590,GPKu,Green Park,"69,343","1,419","13,839","23,423","19,674","8,309","2,678",0,20,40,89,164,244,362,501,635,787,973,"1,154","1,326","1,427","1,445","1,434","1,339","1,201","1,090","1,027",936,893,868,863,849,871,865,875,894,931,927,936,943,957,934,943,972,"1,017","1,026","1,082","1,130","1,161","1,229","1,320","1,390","1,465","1,581","1,653","1,758","1,844","1,907","1,883","1,806","1,642","1,471","1,276","1,093",964,849,761,691,657,607,605,578,547,498,460,405,357,321,331,303,257,228,197,123,77,50,23,4,0,0,0,0,0,0,0,0,0,0,0,0,0,0,0
GPKu_PIC_EB>PICu_PIC_EB@PIC,Piccadilly,EB,35,590,GPKu,Green Park,674,PICu,Piccadilly Circus,"60,685","1,094","11,081","21,064","17,641","7,354","2,451",0,16,32,58,116,199,284,389,510,614,744,885,"1,025","1,118","1,155","1,152","1,101","1,001",912,865,815,756,731,740,770,766,783,812,854,838,839,861,895,858,851,870,922,903,926,989,"1,016","1,015","1,086","1,171","1,232","1,311","1,412","1,477","1,572","1,651","1,698","1,685","1,622","1,486","1,326","1,168","1,025",895,773,689,643,563,523,510,501,439,407,387,353,299,295,300,272,242,218,179,124,87,55,24,4,0,0,0,0,0,0,0,0,0,0,0,0,0,0,0
PICu_PIC_EB>LSQu_PIC_EB@PIC,Piccadilly,EB,36,674,PICu,Piccadilly Circus,631,LSQu,Leicester Square,"53,979",930,"8,970","17,849","15,913","7,325","2,993",0,7,33,56,107,156,250,322,415,500,627,726,800,876,900,893,879,840,772,741,678,604,613,615,611,636,680,676,683,698,730,719,717,725,760,743,753,777,842,832,863,907,971,"1,015","1,097","1,169","1,245","1,306","1,400","1,473","1,527","1,533","1,494","1,355","1,220","1,092",938,816,743,674,599,584,551,519,503,476,460,460,442,410,394,361,325,277,238,206,149,94,60,33,5,0,0,0,0,0,0,0,0,0,0,0,0,0,0,0
LSQu_PIC_EB>COVu_PIC_EB@PIC,Piccadilly,EB,37,631,LSQu,Leicester Square,553,COVu,Covent Garden,"52,105",866,"8,226","16,125","14,977","8,034","3,876",0,10,27,62,107,153,217,291,357,437,550,662,763,846,864,856,813,749,679,649,595,576,556,547,567,587,578,580,613,601,608,617,648,643,658,667,715,719,751,797,833,841,900,928,979,"1,045","1,114","1,220","1,314","1,389","1,452","1,479","1,408","1,321","1,189","1,065",910,820,747,693,654,639,600,593,605,575,590,608,600,554,528,489,416,346,295,243,171,115,74,36,10,0,0,0,0,0,0,0,0,0,0,0,0,0,0,0
COVu_PIC_EB>HOLu_PIC_EB@PIC,Piccadilly,EB,38,553,COVu,Covent Garden,607,HOLu,Holborn,"51,327",794,"7,326","14,562","15,143","8,873","4,630",0,10,28,60,85,142,201,269,329,418,507,579,674,749,755,743,722,672,600,577,523,486,468,460,454,470,501,486,496,510,543,541,559,579,628,626,652,677,747,748,784,823,878,922,"1,003","1,076","1,149","1,206","1,318","1,388","1,452","1,476","1,470","1,324","1,201","1,079",930,825,786,741,692,684,697,670,669,682,743,753,756,726,676,565,482,389,323,261,201,122,79,38,11,0,0,0,0,0,0,0,0,0,0,0,0,0,0,0
HOLu_PIC_EB>RSQu_PIC_EB@PIC,Piccadilly,EB,39,607,HOLu,Holborn,694,RSQu,Russell Square,"51,058",684,"5,561","13,651","16,914","9,538","4,710",0,9,28,47,83,121,167,227,282,336,407,475,525,564,558,545,515,471,441,442,417,415,409,406,422,440,433,439,449,467,482,502,531,581,580,601,625,680,685,720,761,811,847,946,"1,039","1,130","1,230","1,376","1,455","1,569","1,655","1,698","1,627","1,532","1,374","1,228","1,050",949,863,809,776,762,718,706,721,706,726,750,766,723,662,595,502,401,319,265,196,131,86,48,15,0,0,0,0,0,0,0,0,0,0,0,0,0,0,0
RSQu_PIC_EB>KXXu_PIC_EB@PIC,Piccadilly,EB,40,694,RSQu,Russell Square,625,KXXu,King's Cross St. Pancras,"49,775",606,"4,216","12,733","17,667","9,859","4,694",0,10,29,46,76,110,148,188,226,261,308,353,387,417,419,411,385,363,343,343,341,338,327,344,345,349,358,394,391,409,430,480,488,522,545,594,592,622,651,732,758,822,913,989,"1,052","1,152","1,265","1,409","1,528","1,654","1,738","1,778","1,708","1,619","1,461","1,303","1,151","1,007",904,863,802,750,730,746,701,711,721,774,751,730,672,599,476,395,318,255,204,142,83,46,21,0,0,0,0,0,0,0,0,0,0,0,0,0,0,0
KXXu_PIC_EB>CRDu_PIC_EB@PIC,Piccadilly,EB,41,625,KXXu,King's Cross St. Pancras,534,CRDu,Caledonian Road,"43,909",450,"3,482","10,098","16,215","9,339","4,325",0,7,14,35,50,79,114,152,184,225,260,291,324,343,344,334,319,299,281,279,279,262,257,255,248,243,261,267,283,295,317,355,386,409,438,487,492,510,536,604,624,678,755,857,878,975,"1,087","1,233","1,349","1,541","1,637","1,694","1,641","1,547","1,385","1,247","1,114",981,908,838,779,715,720,679,660,646,662,637,631,616,585,512,458,393,322,266,218,146,94,59,24,0,0,0,0,0,0,0,0,0,0,0,0,0,0,0
CRDu_PIC_EB>HRDu_PIC_EB@PIC,Piccadilly,EB,42,534,CRDu,Caledonian Road,609,HRDu,Holloway Road,"40,538",366,"2,917","9,154","15,313","8,654","4,135",0,0,13,27,44,67,93,121,152,182,212,245,270,284,284,275,268,253,244,247,251,237,234,228,226,222,238,243,261,269,289,320,351,369,398,444,456,470,498,558,567,603,671,751,818,916,"1,032","1,169","1,292","1,430","1,536","1,586","1,554","1,476","1,319","1,186","1,058",919,840,775,718,660,664,621,613,590,608,589,595,571,551,486,429,372,313,254,210,157,97,60,31,7,0,0,0,0,0,0,0,0,0,0,0,0,0,0
HRDu_PIC_EB>ARLu_PIC_EB@PIC,Piccadilly,EB,43,609,HRDu,Holloway Road,510,ARLu,Arsenal,"35,854",316,"2,182","7,579","14,041","7,869","3,867",0,0,13,25,34,53,84,108,134,164,181,198,213,219,215,208,190,165,149,145,145,148,150,155,163,176,181,196,213,235,247,272,290,316,323,341,360,400,421,462,520,563,613,689,781,853,970,"1,099","1,210","1,280","1,373","1,412","1,378","1,314","1,247","1,123",976,873,770,687,630,623,578,564,550,552,533,534,542,541,506,464,416,349,288,233,192,144,101,56,28,6,0,0,0,0,0,0,0,0,0,0,0,0,0,0
ARLu_PIC_EB>FPKu_PIC_EB@PIC,Piccadilly,EB,44,510,ARLu,Arsenal,580,FPKu,Finsbury Park LU,"33,837",302,"2,131","7,036","13,345","7,362","3,661",0,0,13,25,34,53,78,98,125,151,174,194,212,218,217,206,189,164,145,137,135,132,131,144,150,155,162,187,196,208,224,263,272,286,300,335,340,363,387,452,468,517,572,657,721,815,909,"1,038","1,129","1,245","1,331","1,373","1,338","1,281","1,141","1,024",907,793,716,663,608,562,558,527,514,500,516,499,505,492,476,423,381,331,281,231,195,149,97,60,33,6,0,0,0,0,0,0,0,0,0,0,0,0,0,0
FPKu_PIC_EB>MNRu_PIC_EB@PIC,Piccadilly,EB,45,580,FPKu,Finsbury Park LU,638,MNRu,Manor House,"44,531",400,"3,170","9,570","17,872","9,212","4,308",0,0,8,23,47,73,106,145,187,225,264,305,330,335,320,298,265,233,207,200,199,203,200,206,213,228,233,253,271,301,307,337,359,401,403,438,453,505,522,581,636,713,767,841,942,"1,060","1,166","1,335","1,571","1,709","1,818","1,886","1,837","1,684","1,518","1,347","1,190","1,066",922,852,777,731,659,646,617,612,566,574,576,566,527,526,472,401,340,285,214,165,114,73,37,12,0,0,0,0,0,0,0,0,0,0,0,0,0,0
MNRu_PIC_EB>TPLu_PIC_EB@PIC,Piccadilly,EB,46,638,MNRu,Manor House,735,TPLu,Turnpike Lane,"38,485",365,"2,898","8,395","15,453","7,773","3,602",0,0,7,23,46,63,90,136,174,209,254,283,294,299,286,264,245,217,190,182,181,182,181,187,201,206,211,224,251,258,273,293,328,336,356,378,417,430,462,498,553,589,652,748,843,906,"1,017","1,151","1,309","1,437","1,582","1,627","1,607","1,477","1,335","1,160","1,028",907,794,713,677,613,554,534,531,484,471,467,490,463,451,431,395,322,279,229,186,147,101,60,37,13,0,0,0,0,0,0,0,0,0,0,0,0,0,0
TPLu_PIC_EB>WGNu_PIC_EB@PIC,Piccadilly,EB,47,735,TPLu,Turnpike Lane,770,WGNu,Wood Green,"28,634",288,"2,542","6,165","11,403","5,672","2,564",0,0,6,19,28,52,76,108,140,179,211,250,271,273,265,242,214,183,163,150,147,141,140,139,152,153,160,168,184,194,207,217,239,259,267,279,300,323,333,356,393,424,462,530,605,675,762,848,969,"1,057","1,152","1,186","1,191","1,093",997,868,767,667,592,526,495,447,407,379,385,342,338,326,345,324,322,301,281,231,194,158,132,107,76,50,30,13,0,0,0,0,0,0,0,0,0,0,0,0,0,0
WGNu_PIC_EB>BGRu_PIC_EB@PIC,Piccadilly,EB,48,770,WGNu,Wood Green,527,BGRu,Bounds Green,"19,316",164,"1,646","4,148","7,730","3,931","1,698",0,0,4,8,18,26,43,66,99,123,155,170,184,174,168,146,134,110,97,87,88,85,86,90,96,100,104,115,123,132,137,149,161,169,173,189,204,214,221,245,273,290,323,381,410,461,512,571,626,713,752,801,796,769,694,626,541,485,409,377,338,311,271,267,249,237,222,224,216,215,207,200,183,163,133,111,91,71,49,32,19,8,0,0,0,0,0,0,0,0,0,0,0,0,0,0
BGRu_PIC_EB>AGRu_PIC_EB@PIC,Piccadilly,EB,49,527,BGRu,Bounds Green,509,AGRu,Arnos Grove,"14,077",129,"1,332","3,103","5,504","2,830","1,178",0,0,0,7,15,21,36,51,74,95,116,137,150,147,137,127,106,93,78,72,69,69,64,71,71,75,75,91,89,101,102,120,116,128,128,151,145,162,164,193,194,221,237,265,281,329,357,404,450,502,526,569,564,557,505,461,402,358,297,281,241,217,192,195,168,168,153,159,147,148,139,139,123,112,96,81,64,50,35,23,15,7,2,0,0,0,0,0,0,0,0,0,0,0,0,0
AGRu_PIC_EB>SGTu_PIC_EB@PIC,Piccadilly,EB,50,509,AGRu,Arnos Grove,706,SGTu,Southgate,"10,429",83,"1,086","2,316","3,992","2,114",838,0,0,0,4,9,14,20,36,50,68,85,110,115,122,116,111,92,84,70,64,58,58,55,54,59,60,61,61,74,73,79,80,90,92,99,101,115,123,129,130,152,157,171,186,221,236,274,295,339,354,377,381,406,382,374,352,322,269,241,200,181,158,147,135,134,115,112,102,103,99,100,93,93,78,69,55,48,36,28,18,11,5,2,0,0,0,0,0,0,0,0,0,0,0,0,0
SGTu_PIC_EB>OAKu_PIC_EB@PIC,Piccadilly,EB,51,706,SGTu,Southgate,664,OAKu,Oakwood,"5,145",46,556,"1,145","1,903","1,051",444,0,0,0,1,4,8,12,21,31,40,55,65,68,64,59,45,37,32,30,29,29,27,26,26,28,27,30,33,36,37,41,44,44,46,50,54,55,60,65,69,71,77,83,89,104,117,135,144,163,167,175,182,187,184,176,167,150,138,115,105,93,80,71,68,64,58,57,53,51,52,52,48,47,44,36,31,27,21,15,10,7,3,1,0,0,0,0,0,0,0,0,0,0,0,0,0
OAKu_PIC_EB>CFSu_PIC_EB@PIC,Piccadilly,EB,52,664,OAKu,Oakwood,550,CFSu,Cockfosters,"1,968",20,230,463,695,400,160,0,0,0,0,1,2,7,9,14,19,23,23,26,24,21,20,17,15,14,13,12,13,11,11,12,13,12,13,14,15,15,17,17,19,19,21,22,25,24,27,27,32,32,37,40,47,46,52,54,61,60,67,66,70,66,65,58,52,44,40,36,32,29,27,24,21,19,19,18,18,17,18,17,16,14,12,9,8,6,3,2,1,1,0,0,0,0,0,0,0,0,0,0,0,0,0
CFSu_PIC_WB>OAKu_PIC_WB@PIC,Piccadilly,WB,1,550,CFSu,Cockfosters,664,OAKu,Oakwood,"2,013",217,732,604,325,103,33,6,9,14,21,32,37,47,50,57,63,71,76,78,77,68,62,51,50,40,37,34,32,29,31,29,28,27,30,25,26,25,26,22,22,21,22,19,20,20,21,20,21,24,28,28,30,32,32,31,30,30,28,25,23,20,16,14,12,10,9,9,8,8,8,7,6,6,6,6,5,5,5,4,3,2,1,0,0,0,0,0,0,0,0,0,0,0,0,0,0,0,0,0,0,0,0
OAKu_PIC_WB>SGTu_PIC_WB@PIC,Piccadilly,WB,2,664,OAKu,Oakwood,706,SGTu,Southgate,"5,244",518,"2,011","1,625",769,256,66,18,23,36,50,65,89,109,128,141,172,184,206,209,214,195,177,151,138,118,105,95,88,83,73,77,71,74,66,74,66,69,60,68,58,59,51,56,48,52,56,64,65,75,77,77,73,76,71,74,68,73,63,61,51,46,36,32,26,24,23,25,22,21,20,19,14,16,13,14,12,10,8,8,6,4,3,1,1,0,0,0,0,0,0,0,0,0,0,0,0,0,0,0,0,0,0
SGTu_PIC_WB>AGRu_PIC_WB@PIC,Piccadilly,WB,3,706,SGTu,Southgate,509,AGRu,Arnos Grove,"10,399",994,"4,131","3,151","1,504",489,130,25,45,69,86,127,172,211,258,315,350,410,429,443,418,410,339,312,261,244,198,192,164,163,147,146,136,144,139,135,129,131,126,123,115,117,111,105,100,105,110,121,123,133,135,137,131,143,144,148,142,141,129,119,103,90,77,65,56,49,46,43,39,36,36,33,29,29,28,26,24,20,17,13,11,8,6,3,2,1,0,0,0,0,0,0,0,0,0,0,0,0,0,0,0,0,0
AGRu_PIC_WB>BGRu_PIC_WB@PIC,Piccadilly,WB,4,509,AGRu,Arnos Grove,527,BGRu,Bounds Green,"14,481","1,421","5,825","4,355","2,052",650,178,32,60,90,140,185,249,302,364,412,487,531,590,606,610,568,525,445,397,346,307,259,242,228,217,195,201,201,194,181,196,184,176,162,165,153,156,143,145,146,149,151,165,169,176,177,184,185,198,196,199,187,183,161,146,124,112,92,77,67,61,53,51,49,45,41,40,38,37,34,33,27,23,19,15,11,8,4,2,1,0,0,0,0,0,0,0,0,0,0,0,0,0,0,0,0,0
BGRu_PIC_WB>WGNu_PIC_WB@PIC,Piccadilly,WB,5,527,BGRu,Bounds Green,770,WGNu,Wood Green,"20,119","1,943","8,369","5,982","2,768",843,214,44,70,128,192,258,333,422,496,567,652,731,820,852,869,840,792,675,598,518,454,388,355,319,306,278,268,266,264,251,252,244,233,227,226,218,210,205,202,197,196,209,216,223,229,240,235,248,258,268,260,260,244,228,199,177,151,126,104,92,78,71,68,61,55,52,48,45,42,40,37,32,27,24,19,15,10,6,3,2,0,0,0,0,0,0,0,0,0,0,0,0,0,0,0,0,0
WGNu_PIC_WB>TPLu_PIC_WB@PIC,Piccadilly,WB,6,770,WGNu,Wood Green,735,TPLu,Turnpike Lane,"29,965","3,246","12,068","8,639","4,236","1,378",397,63,115,206,316,433,592,701,820,897,978,"1,043","1,153","1,193","1,224","1,205","1,131",996,861,749,639,559,494,457,429,409,373,373,366,367,342,349,340,342,316,320,311,312,291,298,297,311,313,330,344,359,356,379,396,405,399,398,373,347,307,278,239,205,171,150,129,119,105,97,90,84,76,77,75,73,70,62,54,44,34,25,18,10,5,2,0,0,0,0,0,0,0,0,0,0,0,0,0,0,0,0,0
TPLu_PIC_WB>MNRu_PIC_WB@PIC,Piccadilly,WB,7,735,TPLu,Turnpike Lane,638,MNRu,Manor House,"39,752","4,390","16,177","11,319","5,452","1,874",541,85,158,290,435,608,764,953,"1,098","1,202","1,298","1,426","1,537","1,594","1,639","1,616","1,520","1,333","1,151",999,863,731,648,596,579,530,508,495,501,464,460,458,467,437,427,417,425,395,388,386,398,378,391,410,428,430,449,469,498,506,512,501,493,457,420,376,341,286,238,203,184,161,144,130,121,106,99,99,103,98,93,85,72,56,44,35,26,17,9,5,0,0,0,0,0,0,0,0,0,0,0,0,0,0,0,0,0
MNRu_PIC_WB>FPKu_PIC_WB@PIC,Piccadilly,WB,8,638,MNRu,Manor House,580,FPKu,Finsbury Park LU,"46,072","4,525","18,813","13,554","6,298","2,233",649,75,141,283,440,625,812,995,"1,153","1,299","1,400","1,531","1,717","1,822","1,886","1,893","1,845","1,649","1,444","1,237","1,089",935,829,740,728,661,607,578,600,547,542,532,558,515,510,492,509,464,453,444,466,438,450,467,489,481,505,526,561,577,589,578,579,543,500,449,410,339,281,244,220,191,171,156,147,128,121,118,118,112,107,97,87,74,56,45,34,21,11,6,0,0,0,0,0,0,0,0,0,0,0,0,0,0,0,0,0
FPKu_PIC_WB>ARLu_PIC_WB@PIC,Piccadilly,WB,9,580,FPKu,Finsbury Park LU,510,ARLu,Arsenal,"36,065","3,287","14,906","10,800","4,853","1,698",522,66,110,189,307,460,566,712,876,"1,006","1,127","1,246","1,380","1,447","1,463","1,447","1,406","1,287","1,152","1,031",914,796,696,616,593,548,503,489,494,458,441,433,433,409,395,384,385,359,342,335,341,324,329,340,356,363,380,398,424,446,452,464,448,429,387,355,306,271,220,187,164,143,126,116,110,96,88,87,90,85,80,78,67,55,47,39,28,21,13,6,2,0,0,0,0,0,0,0,0,0,0,0,0,0,0,0,0
ARLu_PIC_WB>HRDu_PIC_WB@PIC,Piccadilly,WB,10,510,ARLu,Arsenal,609,HRDu,Holloway Road,"38,362","3,322","16,112","11,434","5,173","1,794",527,68,114,196,317,438,547,735,908,"1,051","1,224","1,362","1,483","1,572","1,598","1,586","1,536","1,398","1,239","1,098",965,821,735,652,606,562,552,516,504,493,491,465,452,445,443,412,399,389,382,358,350,348,347,349,363,387,400,420,446,473,475,490,479,461,419,387,337,296,246,206,174,149,133,117,108,98,93,87,87,84,83,75,66,57,50,39,31,21,13,6,2,0,0,0,0,0,0,0,0,0,0,0,0,0,0,0,0
HRDu_PIC_WB>CRDu_PIC_WB@PIC,Piccadilly,WB,11,609,HRDu,Holloway Road,534,CRDu,Caledonian Road,"43,271","3,328","17,301","13,447","6,529","2,065",600,49,99,203,298,452,586,744,896,"1,078","1,223","1,380","1,556","1,697","1,745","1,751","1,696","1,567","1,362","1,197","1,051",934,802,725,705,666,600,583,599,573,554,550,569,536,503,482,483,447,425,422,442,436,443,469,497,515,537,573,603,625,612,611,578,544,488,450,392,341,279,235,204,173,149,135,130,112,104,100,105,96,90,87,77,64,56,48,34,26,14,7,2,0,0,0,0,0,0,0,0,0,0,0,0,0,0,0,0
CRDu_PIC_WB>KXXu_PIC_WB@PIC,Piccadilly,WB,12,534,CRDu,Caledonian Road,625,KXXu,King's Cross St. Pancras,"47,043","3,266","18,403","14,884","7,404","2,384",700,51,102,178,307,438,564,721,906,"1,065","1,233","1,411","1,606","1,785","1,861","1,884","1,841","1,727","1,506","1,319","1,167","1,048",927,832,782,746,690,636,637,630,629,600,601,585,572,526,512,492,484,464,474,483,495,505,535,564,595,629,671,704,704,696,671,628,569,515,457,393,329,273,234,199,176,153,144,130,124,115,116,112,107,95,88,75,64,53,44,29,19,10,3,0,0,0,0,0,0,0,0,0,0,0,0,0,0,0,0
KXXu_PIC_WB>RSQu_PIC_WB@PIC,Piccadilly,WB,13,625,KXXu,King's Cross St. Pancras,694,RSQu,Russell Square,"54,426","2,774","18,861","19,009","9,414","3,428",940,45,76,130,238,356,470,635,824,986,"1,177","1,361","1,581","1,776","1,906","1,943","1,937","1,831","1,633","1,435","1,296","1,171","1,042","1,016",992,949,896,906,848,827,806,818,762,733,700,707,663,644,630,651,623,620,651,674,679,707,746,769,812,847,872,880,861,823,768,700,630,555,474,399,340,284,254,225,207,189,176,164,160,152,142,134,117,104,88,73,56,39,21,11,4,0,0,0,0,0,0,0,0,0,0,0,0,0,0,0,0
RSQu_PIC_WB>HOLu_PIC_WB@PIC,Piccadilly,WB,14,694,RSQu,Russell Square,607,HOLu,Holborn,"55,390","2,653","17,255","19,081","11,155","4,125","1,120",30,77,131,234,348,469,612,753,887,"1,053","1,204","1,387","1,587","1,717","1,758","1,769","1,700","1,547","1,383","1,262","1,152","1,048",979,943,905,884,842,828,810,812,781,758,728,721,687,662,648,665,658,667,676,711,739,777,815,867,922,976,"1,019","1,043","1,066","1,021",967,898,830,732,653,559,475,400,353,309,278,254,242,212,202,190,187,165,159,143,124,98,83,64,44,29,17,7,0,0,0,0,0,0,0,0,0,0,0,0,0,0,0,0
HOLu_PIC_WB>COVu_PIC_WB@PIC,Piccadilly,WB,15,607,HOLu,Holborn,553,COVu,Covent Garden,"53,347","2,347","13,983","18,905","12,189","4,652","1,270",32,76,128,202,303,401,519,686,825,915,"1,035","1,168","1,280","1,355","1,402","1,381","1,318","1,181","1,090","1,033",991,919,889,887,872,837,837,866,822,791,784,793,730,699,694,704,665,657,685,721,715,726,791,830,850,896,975,"1,029","1,084","1,126","1,163","1,174","1,096","1,018",938,840,710,631,539,471,396,345,319,300,260,238,227,217,197,185,176,163,136,116,99,80,53,35,21,9,0,0,0,0,0,0,0,0,0,0,0,0,0,0,0,0
COVu_PIC_WB>LSQu_PIC_WB@PIC,Piccadilly,WB,16,553,COVu,Covent Garden,631,LSQu,Leicester Square,"52,519","2,146","12,637","17,859","12,415","5,483","1,978",32,62,104,194,285,370,488,611,726,836,949,"1,025","1,159","1,221","1,235","1,245","1,228","1,097",987,931,854,789,793,779,764,735,766,740,731,721,751,717,691,679,705,671,664,666,724,712,726,778,845,856,899,953,998,"1,048","1,099","1,136","1,175","1,149","1,106","1,032",959,861,769,663,583,508,439,409,385,359,334,351,343,340,342,346,287,252,215,169,123,106,67,38,23,10,0,0,0,0,0,0,0,0,0,0,0,0,0,0,0,0
LSQu_PIC_WB>PICu_PIC_WB@PIC,Piccadilly,WB,17,631,LSQu,Leicester Square,674,PICu,Piccadilly Circus,"58,960","2,225","13,655","19,172","13,662","7,102","3,145",0,71,115,190,279,418,509,643,787,916,"1,037","1,183","1,335","1,394","1,397","1,351","1,250","1,101",977,926,879,844,798,822,798,771,742,793,756,752,749,792,741,737,732,781,746,753,779,850,828,850,916,963,973,"1,020","1,096","1,158","1,207","1,240","1,281","1,297","1,210","1,146","1,060",974,843,777,685,646,569,534,509,513,471,495,505,554,540,530,479,427,319,255,200,154,104,70,41,20,6,0,0,0,0,0,0,0,0,0,0,0,0,0,0,0
PICu_PIC_WB>GPKu_PIC_WB@PIC,Piccadilly,WB,18,674,PICu,Piccadilly Circus,590,GPKu,Green Park,"64,019","2,174","13,320","20,039","15,355","8,776","4,355",0,79,127,198,282,411,478,599,730,862,991,"1,105","1,275","1,356","1,365","1,320","1,279","1,120",985,933,887,812,798,799,777,756,782,774,772,778,795,784,778,778,794,797,805,816,868,887,911,968,"1,047","1,076","1,127","1,171","1,223","1,221","1,289","1,342","1,395","1,417","1,406","1,357","1,252","1,155","1,014",926,812,746,677,667,649,629,622,664,666,704,730,742,664,581,473,370,267,203,144,94,54,26,7,0,0,0,0,0,0,0,0,0,0,0,0,0,0,0
GPKu_PIC_WB>HPCu_PIC_WB@PIC,Piccadilly,WB,19,590,GPKu,Green Park,614,HPCu,Hyde Park Corner,"73,894","2,471","15,342","23,091","18,473","9,949","4,568",0,96,154,237,319,460,532,672,822,987,"1,135","1,322","1,516","1,600","1,617","1,562","1,436","1,240","1,091","1,013",957,910,873,912,903,904,894,953,931,940,932,959,915,909,900,950,937,954,963,"1,034","1,038","1,072","1,134","1,216","1,262","1,329","1,428","1,521","1,610","1,678","1,734","1,779","1,708","1,602","1,471","1,350","1,187","1,084",983,921,827,763,716,711,666,673,678,739,734,728,683,627,496,393,306,234,157,104,62,32,10,0,0,0,0,0,0,0,0,0,0,0,0,0,0,0
HPCu_PIC_WB>KNBu_PIC_WB@PIC,Piccadilly,WB,20,614,HPCu,Hyde Park Corner,626,KNBu,Knightsbridge,"72,292","2,208","14,378","22,319","18,520","10,108","4,759",0,64,136,198,304,411,493,602,756,876,"1,040","1,228","1,412","1,509","1,532","1,477","1,365","1,184","1,037",962,916,862,865,856,861,859,900,882,913,907,945,891,896,873,913,874,910,914,935,965,"1,017","1,042","1,125","1,199","1,242","1,319","1,413","1,507","1,598","1,684","1,732","1,788","1,722","1,631","1,496","1,386","1,212","1,114","1,031",937,843,783,746,689,674,667,710,703,731,735,720,613,530,420,331,237,185,120,81,42,15,0,0,0,0,0,0,0,0,0,0,0,0,0,0,0
KNBu_PIC_WB>SKNu_PIC_WB@PIC,Piccadilly,WB,21,626,KNBu,Knightsbridge,708,SKNu,South Kensington,"63,110","1,881","10,920","17,291","17,681","10,434","4,903",0,64,136,189,271,354,400,468,583,676,807,916,"1,059","1,147","1,158","1,099","1,067",912,778,718,688,621,609,603,611,620,623,626,630,634,635,640,664,701,712,725,758,790,800,827,873,928,954,"1,018","1,104","1,187","1,265","1,395","1,508","1,602","1,677","1,732","1,699","1,618","1,507","1,386","1,247","1,139","1,044",956,863,811,760,733,709,727,712,733,762,758,698,648,557,424,337,266,189,123,83,42,16,0,0,0,0,0,0,0,0,0,0,0,0,0,0,0
SKNu_PIC_WB>GRDu_PIC_WB@PIC,Piccadilly,WB,22,708,SKNu,South Kensington,583,GRDu,Gloucester Road,"57,268","1,655","8,678","13,627","17,976","10,446","4,886",0,52,112,171,249,314,349,409,483,547,636,754,875,944,949,915,815,687,572,500,466,433,381,375,384,398,404,436,447,475,467,501,522,567,564,608,632,683,686,731,767,849,866,984,"1,078","1,162","1,252","1,421","1,505","1,632","1,748","1,800","1,747","1,683","1,535","1,412","1,253","1,146","1,044",975,871,838,771,733,711,719,686,699,751,734,677,640,559,417,333,266,196,139,94,56,26,0,0,0,0,0,0,0,0,0,0,0,0,0,0,0
GRDu_PIC_WB>ECTu_PIC_WB@PIC,Piccadilly,WB,23,583,GRDu,Gloucester Road,562,ECTu,Earl's Court,"56,402","1,617","8,302","13,500","17,928","10,324","4,731",0,57,117,181,234,318,335,374,445,538,618,734,827,897,896,856,778,678,549,487,436,405,379,391,390,403,404,442,444,458,469,514,523,548,566,622,627,649,673,734,748,795,881,998,"1,041","1,123","1,252","1,373","1,454","1,602","1,743","1,805","1,816","1,713","1,587","1,421","1,292","1,129","1,037",984,902,794,732,743,689,667,667,689,685,673,672,615,538,431,347,259,207,135,91,55,25,0,0,0,0,0,0,0,0,0,0,0,0,0,0,0
ECTu_PIC_WB>BCTu_PIC_WB@PIC,Piccadilly,WB,24,562,ECTu,Earl's Court,516,BCTu,Barons Court,"53,863","1,777","8,324","12,735","18,271","8,873","3,882",0,61,122,197,260,354,372,410,458,550,620,718,844,918,905,866,782,654,531,476,421,396,384,391,373,390,401,410,407,436,440,475,476,519,525,564,566,620,627,675,694,783,814,947,"1,080","1,199","1,328","1,500","1,586","1,670","1,785","1,812","1,747","1,680","1,530","1,356","1,198","1,069",927,853,751,678,625,602,556,554,531,530,522,534,506,482,427,378,298,246,190,140,83,52,25,0,0,0,0,0,0,0,0,0,0,0,0,0,0,0
BCTu_PIC_WB>HMDu_PIC_WB@PIC,Piccadilly,WB,25,516,BCTu,Barons Court,593,HMDu,Hammersmith (DIS),"51,285","1,681","7,219","12,744","17,383","8,588","3,669",0,0,107,166,241,321,428,418,467,514,590,625,710,736,745,705,654,548,494,429,402,376,385,368,387,374,396,402,434,436,461,474,497,511,536,552,588,600,646,677,719,743,843,938,"1,057","1,134","1,284","1,410","1,496","1,558","1,683","1,711","1,682","1,588","1,471","1,311","1,159","1,022",919,832,748,688,599,567,539,528,492,494,486,493,462,443,407,347,283,238,185,133,95,57,30,10,0,0,0,0,0,0,0,0,0,0,0,0,0,0
HMDu_PIC_WB>TGRu_PIC_WB@PIC,Piccadilly,WB,26,593,HMDu,Hammersmith (DIS),734,TGRu,Turnham Green,"46,318","1,635","5,154","11,381","17,151","7,774","3,224",8,13,123,179,249,314,377,371,408,448,496,528,529,535,485,432,391,331,295,275,276,270,292,284,323,318,349,354,392,377,414,409,451,445,485,480,544,540,604,620,661,731,842,918,"1,052","1,189","1,280","1,353","1,490","1,578","1,652","1,672","1,679","1,548","1,398","1,260","1,086",931,822,746,673,615,568,527,505,444,439,418,430,402,394,366,355,299,263,224,181,126,89,55,29,10,0,0,0,0,0,0,0,0,0,0,0,0,0,0
TGRu_PIC_WB>ACTu_PIC_WB@PIC,Piccadilly,WB,27,734,TGRu,Turnham Green,500,ACTu,Acton Town,"46,315","1,659","5,185","11,249","17,087","7,936","3,199",12,18,97,183,243,315,385,406,412,460,475,529,535,517,493,461,381,335,306,279,263,279,274,294,304,326,328,362,377,390,394,424,434,453,466,495,519,547,578,626,655,734,807,921,"1,035","1,111","1,194","1,343","1,456","1,557","1,685","1,738","1,693","1,577","1,431","1,267","1,100",953,859,753,710,638,578,517,512,451,441,422,413,391,388,354,333,307,258,219,189,143,93,65,35,12,0,0,0,0,0,0,0,0,0,0,0,0,0,0
ACTu_PIC_WB>ECMu_PIC_WB@PIC,Piccadilly,WB,28,500,ACTu,Acton Town,561,ECMu,Ealing Common,"14,104",230,"1,562","2,839","5,847","2,519","1,108",2,4,11,15,27,39,58,73,96,111,132,154,169,172,168,157,126,109,88,80,65,72,57,69,63,73,64,80,74,88,80,100,95,114,104,131,124,150,141,186,179,224,217,289,317,380,412,493,516,549,576,590,572,537,485,418,342,305,247,237,211,218,173,191,154,159,132,150,129,141,124,136,112,111,84,82,63,52,32,26,13,3,0,0,0,0,0,0,0,0,0,0,0,0,0,0
ECMu_PIC_WB>NELu_PIC_WB@PIC,Piccadilly,WB,29,561,ECMu,Ealing Common,654,NELu,North Ealing,"13,850",234,"1,569","2,774","5,645","2,528","1,101",3,6,9,17,29,41,50,80,99,116,138,170,173,174,168,143,125,101,88,73,77,70,64,60,69,63,64,70,83,76,90,88,106,98,117,114,138,128,158,161,199,189,242,247,304,330,397,428,495,522,556,569,567,536,491,450,375,334,270,230,206,191,169,168,173,137,147,127,141,117,133,129,122,97,97,77,55,46,40,25,13,8,3,0,0,0,0,0,0,0,0,0,0,0,0,0
NELu_PIC_WB>PRYu_PIC_WB@PIC,Piccadilly,WB,30,654,NELu,North Ealing,671,PRYu,Park Royal,"13,532",222,"1,506","2,794","5,499","2,461","1,050",3,6,9,17,29,41,49,68,86,114,135,163,162,165,147,132,117,109,94,81,74,59,63,59,67,62,73,68,82,75,90,87,106,98,117,113,137,126,155,170,209,199,251,256,300,324,390,420,486,511,545,557,554,522,478,413,364,293,261,223,221,183,193,161,166,132,141,123,135,112,127,111,116,91,91,67,64,45,38,24,18,8,3,0,0,0,0,0,0,0,0,0,0,0,0,0
PRYu_PIC_WB>ALPu_PIC_WB@PIC,Piccadilly,WB,31,671,PRYu,Park Royal,505,ALPu,Alperton,"12,399",169,"1,221","2,539","5,274","2,245",950,2,6,8,12,17,33,38,53,72,88,114,137,135,136,129,104,81,85,75,66,63,61,56,53,62,57,59,63,74,68,71,87,95,89,92,114,126,117,124,172,193,184,200,261,283,307,373,439,466,491,522,531,525,495,452,390,340,272,221,204,202,167,159,166,151,120,115,127,105,99,98,111,102,96,81,74,58,41,36,23,17,7,3,0,0,0,0,0,0,0,0,0,0,0,0,0
ALPu_PIC_WB>STNu_PIC_WB@PIC,Piccadilly,WB,32,505,ALPu,Alperton,721,STNu,Sudbury Town,"10,080",164,"1,054","2,075","4,082","1,979",726,3,6,11,15,22,27,36,44,58,72,88,107,118,119,114,105,81,71,62,59,48,54,48,52,44,55,50,56,49,64,59,71,64,85,79,96,87,112,105,140,128,164,159,208,190,239,262,310,333,387,403,419,422,400,375,342,294,264,219,198,166,161,128,132,105,116,93,102,84,93,76,83,64,69,54,53,39,39,27,21,13,9,2,0,0,0,0,0,0,0,0,0,0,0,0,0
STNu_PIC_WB>SHLu_PIC_WB@PIC,Piccadilly,WB,33,721,STNu,Sudbury Town,720,SHLu,Sudbury Hill,"8,739",161,"1,064","1,768","3,563","1,618",566,3,6,14,17,24,24,38,35,45,56,93,108,127,132,131,96,82,73,62,59,57,52,46,50,42,47,48,53,45,51,60,64,57,65,78,84,75,85,101,92,108,121,147,137,187,202,240,265,322,332,345,359,361,341,319,290,248,220,183,143,137,122,105,107,104,83,84,82,66,68,69,56,49,53,47,39,36,29,19,16,10,7,2,0,0,0,0,0,0,0,0,0,0,0,0,0
SHLu_PIC_WB>SHRu_PIC_WB@PIC,Piccadilly,WB,34,720,SHLu,Sudbury Hill,707,SHRu,South Harrow,"7,285",175,"1,073","1,591","2,778","1,226",442,1,5,8,20,23,32,38,48,51,66,79,102,118,126,122,116,98,75,66,54,48,41,48,38,48,47,52,43,53,50,58,49,62,61,70,60,78,77,89,80,105,102,121,111,152,167,196,212,257,261,268,275,275,257,241,217,188,155,141,110,106,95,96,73,81,65,65,52,61,53,53,42,47,41,35,26,27,20,13,10,8,5,1,0,0,0,0,0,0,0,0,0,0,0,0,0
SHRu_PIC_WB>RAYu_MET_NB@PIC,Piccadilly,WB,35,707,SHRu,South Harrow,683,RAYu,Rayners Lane,"5,201",182,916,"1,187","1,844",813,259,0,5,11,17,26,35,40,48,54,60,68,86,97,103,99,96,80,64,58,49,42,40,42,31,38,39,33,32,38,41,36,44,45,50,43,52,55,61,54,66,72,77,66,89,98,115,126,155,165,177,175,178,180,170,159,147,136,112,102,78,68,59,49,42,46,45,35,41,36,37,28,30,26,25,18,18,14,9,5,5,4,2,2,1,0,0,0,0,0,0,0,0,0,0,0,0
RAYu_MET_NB>ETEu_MET_NB@PIC,Piccadilly,WB,36,683,RAYu,Rayners Lane,564,ETEu,Eastcote,"2,765",90,562,672,934,387,120,0,2,4,7,11,17,22,28,33,38,45,53,59,61,60,56,51,41,34,32,28,26,21,23,24,24,18,24,24,25,18,25,27,28,21,29,32,33,26,34,40,41,32,49,58,61,50,67,87,89,89,107,106,69,80,72,62,54,54,33,31,29,22,26,23,20,14,18,18,17,12,15,14,13,9,9,6,3,0,1,1,1,1,1,0,0,0,0,0,0,0,0,0,0,0,0
ETEu_MET_NB>RUMu_MET_NB@PIC,Piccadilly,WB,37,564,ETEu,Eastcote,693,RUMu,Ruislip Manor,"2,404",90,561,612,710,337,93,0,0,1,7,11,17,24,30,33,38,45,52,60,61,60,57,51,36,36,34,30,21,27,24,24,17,23,23,23,17,23,23,24,19,24,25,28,22,29,29,34,25,34,41,48,36,50,55,56,57,71,70,70,68,66,61,61,48,41,35,31,18,23,20,18,12,16,13,13,10,13,11,11,7,10,7,5,2,2,0,0,0,0,0,0,0,0,0,0,0,0,0,0,0,0,0
RUMu_MET_NB>RUIu_MET_NB@PIC,Piccadilly,WB,38,693,RUMu,Ruislip Manor,691,RUIu,Ruislip,"2,224",78,581,608,601,281,76,0,0,1,5,10,14,23,24,36,38,48,53,66,62,53,58,52,37,36,42,31,22,28,25,24,18,24,23,23,17,23,23,24,18,23,24,26,20,26,29,34,26,34,39,43,31,44,48,48,48,60,59,58,57,55,51,45,39,34,30,26,20,20,17,15,10,13,11,11,8,10,9,9,6,8,6,4,2,2,0,0,0,0,0,0,0,0,0,0,0,0,0,0,0,0,0
RUIu_MET_NB>ICKu_MET_NB@PIC,Piccadilly,WB,39,691,RUIu,Ruislip,615,ICKu,Ickenham,"2,056",75,589,596,500,231,66,0,0,1,4,10,14,20,25,29,30,35,57,51,70,63,73,45,54,37,44,32,32,29,25,24,18,24,23,23,18,23,23,23,17,23,24,25,19,25,27,31,24,30,35,27,26,36,40,39,50,50,50,49,47,45,41,37,32,28,25,22,17,16,14,12,8,10,9,9,7,9,8,6,5,7,5,3,3,2,0,0,0,0,0,0,0,0,0,0,0,0,0,0,0,0,0
ICKu_MET_NB>HDNu_MET_NB@PIC,Piccadilly,WB,40,615,ICKu,Ickenham,606,HDNu,Hillingdon,"1,943",69,564,593,455,202,61,0,0,1,4,9,13,18,24,27,28,34,41,48,58,62,62,59,55,44,45,37,32,30,30,18,24,24,23,17,23,23,22,17,23,23,23,17,24,23,26,20,30,30,34,26,34,33,36,35,44,45,44,42,41,39,36,32,29,25,22,16,15,14,12,8,11,9,8,6,8,8,7,5,7,6,4,3,3,1,0,0,0,0,0,0,0,0,0,0,0,0,0,0,0,0,0
HDNu_MET_NB>UXBu_MET_NB@PIC,Piccadilly,WB,41,606,HDNu,Hillingdon,740,UXBu,Uxbridge,"1,649",55,526,533,352,139,43,0,0,0,3,7,10,15,20,23,24,29,37,44,54,58,59,57,54,43,45,37,32,29,29,17,23,22,17,16,21,22,16,21,21,21,16,21,22,21,16,23,26,25,21,28,28,27,28,34,33,33,31,30,29,27,25,22,19,17,15,11,11,10,7,6,8,7,5,6,6,5,4,5,4,4,3,3,2,1,0,0,0,0,0,0,0,0,0,0,0,0,0,0,0,0,0
ACTu_PIC_WB>SELu_PIC_WB@PIC,Piccadilly,WB,42,500,ACTu,Acton Town,704,SELu,South Ealing,"33,792","1,658","4,494","8,857","11,452","5,279","2,052",22,53,118,184,260,322,343,356,385,377,394,432,468,446,445,389,358,296,260,244,244,243,238,231,246,282,280,282,331,348,333,328,368,388,373,366,409,409,438,445,512,528,629,607,719,783,826,850,994,"1,034","1,081","1,142","1,143","1,048",978,856,782,643,586,505,470,394,400,342,322,291,292,252,260,251,243,221,210,184,169,140,109,97,74,43,32,20,0,0,0,0,0,0,0,0,0,0,0,0,0,0
SELu_PIC_WB>NFDu_PIC_WB@PIC,Piccadilly,WB,43,704,SELu,South Ealing,655,NFDu,Northfields,"31,716","1,627","4,321","8,436","10,517","4,962","1,854",24,33,121,187,264,294,367,337,339,352,416,424,435,456,423,372,331,295,250,229,217,205,212,226,254,252,286,303,318,307,334,322,349,334,367,357,385,390,431,437,486,505,565,593,678,739,772,825,927,949,985,"1,043",983,961,862,794,702,657,539,511,437,393,358,316,292,266,250,240,229,224,205,196,173,165,152,137,112,96,69,40,30,19,8,0,0,0,0,0,0,0,0,0,0,0,0,0
NFDu_PIC_WB>BOSu_PIC_WB@PIC,Piccadilly,WB,44,655,NFDu,Northfields,526,BOSu,Boston Manor,"29,120","1,555","4,074","7,865","9,581","4,381","1,664",28,39,62,177,237,282,331,398,348,372,367,404,399,416,385,374,312,271,216,212,218,218,210,241,228,244,247,278,277,321,289,323,316,349,316,351,343,399,365,413,428,480,470,541,609,657,720,794,877,897,949,941,874,813,755,696,616,588,496,443,368,354,304,289,259,255,205,205,201,197,174,178,163,153,128,120,99,86,64,50,27,17,7,0,0,0,0,0,0,0,0,0,0,0,0,0
BOSu_PIC_WB>OSTu_PIC_WB@PIC,Piccadilly,WB,45,526,BOSu,Boston Manor,667,OSTu,Osterley,"27,980","1,561","3,886","7,689","9,056","4,224","1,564",31,43,67,180,239,281,327,392,339,364,358,392,365,365,355,333,292,274,236,212,207,210,204,227,222,253,243,274,279,307,291,319,309,330,316,341,332,374,366,403,417,469,471,526,543,593,622,700,766,843,877,908,890,844,776,694,608,528,467,394,381,353,317,276,269,233,205,192,188,184,171,159,152,142,119,112,99,81,61,47,26,16,7,0,0,0,0,0,0,0,0,0,0,0,0,0
OSTu_PIC_WB>HNEu_PIC_WB@PIC,Piccadilly,WB,46,667,OSTu,Osterley,612,HNEu,Hounslow East,"26,129","1,449","3,741","7,273","8,337","3,874","1,454",13,48,72,144,228,279,311,353,357,338,354,355,377,353,351,316,292,231,217,199,196,202,206,201,209,219,232,248,294,281,302,293,331,293,321,312,351,321,363,361,411,403,457,467,550,575,625,622,706,716,757,773,822,771,755,666,596,515,437,354,342,300,270,254,242,199,191,175,173,154,155,146,139,121,116,100,97,84,71,44,33,15,6,0,0,0,0,0,0,0,0,0,0,0,0,0
HNEu_PIC_WB>HNCu_PIC_WB@PIC,Piccadilly,WB,47,612,HNEu,Hounslow East,611,HNCu,Hounslow Central,"22,450","1,509","3,436","6,731","6,734","2,980","1,060",26,63,87,156,239,281,309,347,344,321,334,328,348,321,295,285,265,208,196,188,177,169,195,193,219,215,245,239,276,273,294,281,307,283,298,285,309,296,325,321,363,362,401,406,453,444,496,519,587,604,661,651,653,601,568,497,449,379,340,296,267,243,224,189,172,157,138,125,124,117,112,106,101,88,75,71,70,61,50,40,24,10,4,0,0,0,0,0,0,0,0,0,0,2,2,2
HNCu_PIC_WB>HNWu_PIC_WB@PIC,Piccadilly,WB,48,611,HNCu,Hounslow Central,613,HNWu,Hounslow West,"19,206","1,535","3,188","6,188","5,302","2,278",714,38,76,103,170,218,275,311,344,319,331,298,303,285,313,270,272,233,215,180,169,167,156,183,183,183,206,237,233,270,294,290,275,297,269,281,264,283,265,292,284,285,298,347,345,385,404,428,401,429,458,488,489,498,490,430,401,339,315,271,245,208,195,162,134,120,108,95,85,79,73,76,71,67,64,56,46,41,35,32,25,15,11,6,0,0,0,0,0,0,0,0,0,0,6,6,6
HNWu_PIC_WB>HTXu_PIC_WB@PIC,Piccadilly,WB,49,613,HNWu,Hounslow West,779,HTXu,Hatton Cross,"16,623","1,573","3,073","5,835","4,228","1,511",403,41,78,121,187,229,291,296,330,313,322,287,312,284,299,259,262,217,204,154,158,139,162,153,193,182,217,213,253,238,287,271,297,269,290,252,269,241,263,244,271,256,287,275,312,301,339,355,364,358,397,384,379,377,367,314,293,242,217,177,165,133,124,106,94,75,69,58,52,48,46,44,41,37,35,29,26,23,20,16,13,7,5,3,0,0,0,0,0,0,0,0,0,0,3,3,3
HTXu_PIC_WB>HRFu_PIC_WB@PIC,Piccadilly,WB,50,779,HTXu,Hatton Cross,781,HRFu,Heathrow Terminal 4 LU,"2,564",189,395,850,685,346,99,7,10,16,17,26,35,36,43,49,50,41,45,38,39,31,30,23,22,14,14,11,13,15,17,21,24,26,33,36,43,47,56,49,54,46,48,38,42,37,39,34,40,37,45,42,50,55,57,59,64,59,61,61,59,57,60,54,51,45,40,31,25,23,19,16,17,13,13,10,12,11,12,11,12,9,7,4,3,0,0,0,0,0,0,0,0,0,0,0,0,0,0,0,3,3,3
HTXu_PIC_WB>HRCu_PIC_WB@PIC,Piccadilly,WB,51,779,HTXu,Hatton Cross,780,HRCu,Heathrow Terminals 123 LU,"12,726","1,317","2,497","4,972","2,926",857,157,51,89,106,122,207,227,251,264,306,227,250,214,245,208,225,190,200,153,156,124,144,131,161,153,188,174,217,201,244,229,269,232,267,228,244,202,228,192,219,192,225,200,230,202,241,241,242,266,282,287,270,270,243,224,189,170,164,130,114,86,82,63,53,45,43,29,28,20,21,16,17,13,14,11,12,9,11,9,9,6,5,2,1,0,0,0,0,0,0,0,0,0,0,0,0,0
HRCu_PIC_WB>HRVu_PIC_WB@PIC,Piccadilly,WB,52,780,HRCu,Heathrow Terminals 123 LU,783,HRVu,Heathrow Terminal 5 LU,"5,779",674,"1,070","2,307","1,256",371,102,37,46,70,78,87,115,119,121,119,120,94,102,88,99,84,89,75,77,59,64,64,67,74,81,90,85,92,100,118,111,113,124,123,104,100,109,107,91,90,100,88,88,87,101,90,104,104,106,119,120,108,113,109,97,96,90,68,62,44,34,28,25,23,20,18,19,15,15,13,14,10,11,8,8,6,7,6,6,5,4,2,1,0,0,0,0,0,0,0,0,0,0,0,0,0,0
BRXu_VIC_NB>STKu_VIC_NB@VIC,Victoria,NB,1,778,BRXu,Brixton LU,716,STKu,Stockwell,"26,639","1,834","10,810","6,770","4,572","1,931",721,37,83,124,185,228,314,378,486,599,726,856,"1,027","1,167","1,219","1,207","1,126",974,775,624,511,436,362,330,316,304,280,281,279,276,277,278,275,276,263,253,257,251,243,247,246,248,248,266,278,294,310,337,380,405,443,449,467,420,400,349,317,262,232,198,174,155,147,137,131,132,118,117,127,121,116,115,98,76,62,49,35,23,15,9,2,0,0,0,0,0,0,0,0,0,0,0,0,0,0,0,0
STKu_VIC_NB>VUXu_VIC_NB@VIC,Victoria,NB,2,716,STKu,Stockwell,777,VUXu,Vauxhall LU,"50,224","3,350","21,761","12,759","8,115","3,175","1,062",49,89,172,288,413,572,766,"1,001","1,228","1,483","1,797","2,116","2,362","2,485","2,430","2,232","1,907","1,526","1,205",990,829,717,650,620,594,562,555,543,536,531,511,505,503,479,462,471,456,444,449,449,456,458,476,503,542,575,619,680,738,770,785,796,754,685,619,552,471,399,342,299,254,236,221,207,196,188,179,183,184,170,158,142,115,85,73,55,37,22,15,4,1,0,0,0,0,0,0,0,0,0,0,0,0,0,0,0
VUXu_VIC_NB>PIMu_VIC_NB@VIC,Victoria,NB,3,777,VUXu,Vauxhall LU,776,PIMu,Pimlico,"74,949","4,110","29,298","20,281","14,637","4,999","1,624",61,103,207,329,551,696,957,"1,204","1,533","1,821","2,273","2,707","3,094","3,269","3,294","3,058","2,679","2,226","1,827","1,515","1,309","1,128","1,019",970,908,867,852,845,839,845,802,804,785,753,724,740,706,707,708,721,749,784,821,896,977,"1,048","1,149","1,260","1,353","1,416","1,444","1,431","1,347","1,213","1,072",927,770,645,546,476,401,372,344,315,293,291,271,276,277,256,239,219,175,138,110,81,57,36,21,10,1,0,0,0,0,0,0,0,0,0,0,0,0,0,0,0
PIMu_VIC_NB>VICu_VIC_NB@VIC,Victoria,NB,4,776,PIMu,Pimlico,741,VICu,Victoria LU,"83,135","4,188","30,631","23,079","17,749","5,709","1,779",64,108,186,343,535,724,946,"1,281","1,589","1,921","2,345","2,842","3,198","3,389","3,431","3,202","2,821","2,353","1,942","1,599","1,376","1,212","1,076","1,030","1,005",947,915,957,928,928,931,907,878,887,833,842,851,824,822,884,909,973,"1,034","1,128","1,207","1,319","1,404","1,570","1,655","1,739","1,744","1,731","1,595","1,448","1,253","1,083",892,744,625,543,467,417,390,363,333,319,312,303,294,285,262,237,199,156,120,91,60,38,25,10,1,0,0,0,0,0,0,0,0,0,0,0,0,0,0,0
VICu_VIC_NB>GPKu_VIC_NB@VIC,Victoria,NB,5,741,VICu,Victoria LU,590,GPKu,Green Park,"133,059","5,015","37,702","38,664","35,297","12,295","4,085",27,83,211,384,638,918,"1,200","1,553","1,932","2,321","2,770","3,331","3,787","4,061","4,093","3,941","3,554","3,057","2,596","2,259","1,980","1,801","1,669","1,572","1,552","1,546","1,463","1,490","1,551","1,505","1,485","1,556","1,481","1,462","1,496","1,465","1,452","1,520","1,504","1,572","1,666","1,808","1,905","2,164","2,336","2,562","2,773","3,084","3,267","3,430","3,516","3,460","3,230","2,911","2,548","2,180","1,826","1,524","1,305","1,160","1,038",933,881,821,746,703,684,673,679,658,598,545,462,355,268,211,141,84,49,31,6,0,0,0,0,0,0,0,0,0,0,0,0,0,0,0
GPKu_VIC_NB>OXCu_VIC_NB@VIC,Victoria,NB,6,590,GPKu,Green Park,669,OXCu,Oxford Circus,"133,416","4,221","32,161","38,981","38,990","14,139","4,924",21,72,156,301,530,777,"1,022","1,342","1,666","1,961","2,316","2,777","3,167","3,407","3,469","3,358","3,066","2,665","2,288","2,022","1,809","1,641","1,555","1,468","1,472","1,497","1,435","1,457","1,550","1,481","1,481","1,575","1,499","1,483","1,568","1,500","1,516","1,614","1,582","1,659","1,796","1,923","2,049","2,370","2,552","2,804","3,025","3,356","3,548","3,757","3,861","3,853","3,620","3,280","2,859","2,475","2,072","1,728","1,522","1,330","1,175","1,091","1,009",921,894,821,773,805,779,740,698,646,549,454,350,286,197,112,65,40,9,0,0,0,0,0,0,0,0,0,0,0,0,0,0,0
OXCu_VIC_NB>WSTu_VIC_NB@VIC,Victoria,NB,7,669,OXCu,Oxford Circus,745,WSTu,Warren Street,"135,836","3,243","21,545","36,610","47,182","19,890","7,366",20,55,148,266,419,591,767,977,"1,188","1,391","1,621","1,881","2,097","2,204","2,217","2,140","2,004","1,756","1,580","1,467","1,353","1,249","1,236","1,197","1,205","1,228","1,220","1,235","1,311","1,293","1,334","1,417","1,423","1,422","1,529","1,520","1,564","1,634","1,687","1,766","1,923","2,058","2,257","2,548","2,815","3,124","3,459","3,874","4,204","4,504","4,700","4,775","4,554","4,186","3,729","3,260","2,784","2,366","2,115","1,850","1,669","1,522","1,428","1,314","1,289","1,185","1,166","1,201","1,189","1,132","1,099",992,817,656,502,389,254,165,100,60,11,0,0,0,0,0,0,0,0,0,0,0,0,0,0,0
WSTu_VIC_NB>EUSu_VIC_NB@VIC,Victoria,NB,8,745,WSTu,Warren Street,574,EUSu,Euston LU,"135,469","2,908","17,944","35,699","49,833","21,263","7,821",21,55,123,223,393,518,701,874,"1,057","1,194","1,393","1,567","1,746","1,809","1,813","1,741","1,625","1,441","1,322","1,237","1,167","1,090","1,097","1,114","1,100","1,148","1,199","1,178","1,231","1,297","1,295","1,345","1,444","1,393","1,467","1,556","1,564","1,599","1,760","1,776","1,916","2,099","2,299","2,565","2,923","3,250","3,609","4,071","4,397","4,739","4,932","5,051","4,830","4,522","3,997","3,513","2,987","2,591","2,230","2,028","1,787","1,650","1,521","1,401","1,330","1,297","1,217","1,225","1,285","1,182","1,125","1,037",868,679,557,410,296,187,106,63,25,0,0,0,0,0,0,0,0,0,0,0,0,0,0,0
EUSu_VIC_NB>KXXu_VIC_NB@VIC,Victoria,NB,9,574,EUSu,Euston LU,625,KXXu,King's Cross St. Pancras,"119,273","2,573","15,403","30,231","43,827","19,808","7,431",22,55,120,215,342,478,597,745,889,"1,025","1,173","1,363","1,504","1,576","1,573","1,515","1,402","1,246","1,105","1,032",964,920,890,909,932,927,946,995,"1,015","1,036","1,105","1,123","1,181","1,223","1,246","1,284","1,376","1,365","1,460","1,591","1,722","1,797","1,989","2,237","2,475","2,761","3,092","3,529","3,827","4,140","4,328","4,484","4,309","4,048","3,613","3,220","2,748","2,378","2,041","1,876","1,672","1,514","1,415","1,363","1,244","1,182","1,196","1,180","1,179","1,158","1,086",954,840,661,518,393,289,171,106,54,23,0,0,0,0,0,0,0,0,0,0,0,0,0,0,0
KXXu_VIC_NB>HBYu_VIC_NB@VIC,Victoria,NB,10,625,KXXu,King's Cross St. Pancras,603,HBYu,Highbury & Islington,"110,477","1,682","11,241","24,619","44,296","20,898","7,740",14,26,60,116,218,301,398,548,680,776,907,"1,063","1,132","1,173","1,150","1,091",976,854,746,695,655,612,612,599,623,636,667,691,768,776,832,898,943,974,"1,059","1,073","1,140","1,210","1,278","1,377","1,540","1,637","1,858","2,165","2,354","2,661","3,030","3,401","3,738","4,158","4,414","4,612","4,518","4,227","3,815","3,369","2,875","2,474","2,190","1,960","1,777","1,635","1,492","1,396","1,356","1,253","1,222","1,268","1,210","1,158","1,138","1,005",829,725,545,408,301,207,111,77,26,0,0,0,0,0,0,0,0,0,0,0,0,0,0,0
HBYu_VIC_NB>FPKu_VIC_NB@VIC,Victoria,NB,11,603,HBYu,Highbury & Islington,580,FPKu,Finsbury Park LU,"96,548","1,561","9,000","21,245","40,121","17,665","6,957",0,26,60,118,198,296,366,496,588,674,762,878,920,951,918,847,752,642,552,515,502,483,478,495,517,522,550,598,637,669,731,766,808,864,899,939,"1,014","1,049","1,112","1,240","1,366","1,464","1,645","1,896","2,181","2,456","2,799","3,215","3,550","3,833","4,028","4,159","4,006","3,721","3,281","2,891","2,427","2,080","1,795","1,618","1,479","1,371","1,282","1,238","1,167","1,087","1,071","1,051","1,041","1,033",972,890,781,628,495,398,287,197,123,72,31,6,0,0,0,0,0,0,0,0,0,0,0,0,0,0
FPKu_VIC_NB>SVSu_VIC_NB@VIC,Victoria,NB,12,580,FPKu,Finsbury Park LU,698,SVSu,Seven Sisters,"70,594","1,315","7,519","15,561","29,090","12,300","4,809",0,23,43,89,164,247,317,431,522,593,673,756,793,806,766,693,597,508,423,389,378,365,346,362,379,376,405,440,460,485,538,554,596,631,651,681,747,754,817,910,973,"1,079","1,225","1,410","1,607","1,846","2,071","2,334","2,577","2,775","2,934","2,985","2,919","2,683","2,357","2,003","1,697","1,401","1,232","1,121","1,047",951,927,859,810,768,761,727,730,716,648,599,540,431,341,292,207,134,87,53,22,6,0,0,0,0,0,0,0,0,0,0,0,0,0,0
SVSu_VIC_NB>TTHu_VIC_NB@VIC,Victoria,NB,13,698,SVSu,Seven Sisters,729,TTHu,Tottenham Hale LU,"47,334",917,"5,147","10,166","19,699","8,205","3,200",1,11,25,62,113,175,225,306,366,426,466,525,540,540,502,461,407,346,297,270,255,236,234,229,243,254,259,276,309,313,337,375,390,400,439,442,473,509,523,573,666,715,782,938,"1,051","1,201","1,341","1,572","1,709","1,901","1,960","2,069","1,982","1,872","1,626","1,415","1,180",998,834,750,706,622,578,565,521,488,486,475,452,463,425,401,363,304,237,195,138,92,65,39,20,4,0,0,0,0,0,0,0,0,0,0,0,0,0,0
TTHu_VIC_NB>BHRu_VIC_NB@VIC,Victoria,NB,14,729,TTHu,Tottenham Hale LU,522,BHRu,Blackhorse Road,"30,030",412,"2,838","6,066","12,694","5,753","2,265",4,7,13,25,43,71,103,147,191,225,253,281,292,294,281,260,233,202,170,156,145,136,132,137,138,149,157,163,173,191,197,219,240,248,260,279,281,302,326,347,386,436,473,551,636,731,822,961,"1,075","1,200","1,276","1,347","1,329","1,250","1,105",963,820,692,598,538,494,449,412,387,369,341,324,329,323,318,302,275,239,209,167,141,108,81,49,30,15,8,0,0,0,0,0,0,0,0,0,0,0,0,0,0
BHRu_VIC_NB>WALu_VIC_NB@VIC,Victoria,NB,15,522,BHRu,Blackhorse Road,742,WALu,Walthamstow Central,"17,708",302,"1,820","3,782","7,464","3,125","1,215",9,12,18,26,39,45,66,87,104,130,155,181,191,208,196,178,151,130,105,92,88,83,85,90,94,101,106,104,111,122,123,136,153,155,163,175,173,184,199,207,234,269,290,338,396,447,496,570,634,696,741,781,777,724,641,562,464,389,337,303,260,244,224,200,187,183,167,166,168,166,159,149,130,118,95,75,59,43,26,16,8,4,0,0,0,0,0,0,0,0,0,0,0,0,0,0
WALu_VIC_SB>BHRu_VIC_SB@VIC,Victoria,SB,1,742,WALu,Walthamstow Central,522,BHRu,Blackhorse Road,"18,451","1,756","7,468","4,804","2,973","1,086",363,7,34,72,136,226,338,420,523,588,657,702,778,780,773,739,674,564,476,405,331,280,246,237,231,219,215,216,207,210,208,201,200,198,180,179,182,171,169,173,166,168,176,179,194,218,233,250,278,282,283,276,279,252,232,203,188,153,135,119,105,86,77,69,65,71,68,69,69,68,59,58,49,41,30,22,14,10,7,5,1,1,0,0,0,0,0,0,0,0,0,0,0,0,0,0,0
BHRu_VIC_SB>TTHu_VIC_SB@VIC,Victoria,SB,2,522,BHRu,Blackhorse Road,729,TTHu,Tottenham Hale LU,"31,975","3,269","13,472","8,296","4,817","1,633",487,35,100,183,308,390,608,747,897,968,"1,164","1,204","1,329","1,376","1,402","1,356","1,271","1,089",908,778,628,519,442,423,410,380,363,370,355,356,356,351,348,346,316,312,316,289,284,291,279,279,295,295,319,362,380,410,452,463,450,450,440,405,373,332,299,251,216,182,162,131,117,106,96,95,97,92,89,89,82,73,66,53,40,30,21,13,10,6,2,1,1,0,0,0,0,0,0,0,0,0,0,0,0,0,0
TTHu_VIC_SB>SVSu_VIC_SB@VIC,Victoria,SB,3,729,TTHu,Tottenham Hale LU,698,SVSu,Seven Sisters,"49,730","4,224","20,455","13,490","7,673","2,949",940,45,80,176,342,517,751,"1,031","1,283","1,474","1,651","1,825","1,996","2,087","2,101","2,066","1,948","1,689","1,409","1,191","1,018",849,756,698,679,637,587,575,598,562,563,580,561,551,553,512,507,493,461,446,456,437,456,464,509,549,588,617,694,709,723,728,725,667,624,549,500,427,361,306,284,236,214,212,199,187,186,174,162,156,144,133,122,104,86,71,49,34,23,13,2,1,1,0,0,0,0,0,0,0,0,0,0,0,0,0,0
SVSu_VIC_SB>FPKu_VIC_SB@VIC,Victoria,SB,4,698,SVSu,Seven Sisters,580,FPKu,Finsbury Park LU,"74,465","6,705","29,746","20,636","11,703","4,397","1,279",78,144,312,596,842,"1,194","1,612","1,926","2,167","2,412","2,632","2,793","2,977","2,951","2,956","2,791","2,498","2,127","1,856","1,586","1,336","1,160","1,060","1,026",957,900,904,870,850,863,840,842,843,799,768,778,724,707,709,720,700,734,740,805,842,911,966,"1,081","1,100","1,126","1,111","1,098",992,922,808,745,633,542,471,439,364,335,318,291,270,264,243,228,216,199,181,170,144,120,93,68,42,27,14,4,0,0,0,0,0,0,0,0,0,0,0,0,0,0,0,0
FPKu_VIC_SB>HBYu_VIC_SB@VIC,Victoria,SB,5,580,FPKu,Finsbury Park LU,603,HBYu,Highbury & Islington,"100,734","8,136","40,589","28,798","15,528","5,901","1,783",72,177,387,676,"1,019","1,476","1,963","2,365","2,742","3,116","3,413","3,762","4,087","4,165","4,106","3,909","3,496","2,996","2,565","2,230","1,908","1,646","1,480","1,425","1,356","1,295","1,260","1,231","1,185","1,185","1,166","1,186","1,157","1,148","1,056","1,070","1,023",993,981,995,985,986,"1,009","1,072","1,134","1,190","1,255","1,381","1,439","1,477","1,468","1,470","1,369","1,241","1,116",987,841,714,620,555,506,453,421,411,367,349,340,325,306,299,268,238,199,152,120,88,54,34,20,5,0,0,0,0,0,0,0,0,0,0,0,0,0,0,0,0
HBYu_VIC_SB>KXXu_VIC_SB@VIC,Victoria,SB,6,603,HBYu,Highbury & Islington,625,KXXu,King's Cross St. Pancras,"113,044","8,445","44,551","32,729","18,122","6,861","2,336",57,136,356,658,"1,095","1,551","2,051","2,541","2,926","3,262","3,638","4,072","4,427","4,587","4,575","4,352","3,946","3,356","2,907","2,503","2,170","1,874","1,716","1,584","1,535","1,469","1,412","1,390","1,355","1,336","1,337","1,342","1,300","1,301","1,197","1,198","1,183","1,135","1,095","1,147","1,137","1,116","1,162","1,239","1,314","1,362","1,458","1,561","1,692","1,703","1,727","1,705","1,657","1,453","1,319","1,172","1,016",825,727,641,568,505,478,465,429,403,405,399,398,390,357,317,272,200,148,113,72,37,22,10,0,0,0,0,0,0,0,0,0,0,0,0,0,0,0,0
KXXu_VIC_SB>EUSu_VIC_SB@VIC,Victoria,SB,7,625,KXXu,King's Cross St. Pancras,574,EUSu,Euston LU,"120,878","7,138","41,642","36,559","22,889","9,557","3,094",46,114,260,500,881,"1,278","1,785","2,273","2,705","3,032","3,402","3,767","4,141","4,283","4,274","4,092","3,732","3,155","2,691","2,370","2,135","1,910","1,767","1,762","1,714","1,592","1,538","1,570","1,541","1,476","1,514","1,460","1,445","1,409","1,417","1,364","1,396","1,314","1,303","1,308","1,317","1,341","1,447","1,522","1,609","1,730","1,834","1,949","2,101","2,144","2,190","2,163","2,095","1,881","1,709","1,483","1,320","1,085",975,881,809,735,727,656,640,614,564,552,565,509,465,432,345,256,197,146,86,52,30,12,0,0,0,0,0,0,0,0,0,0,0,0,0,0,0,0
EUSu_VIC_SB>WSTu_VIC_SB@VIC,Victoria,SB,8,574,EUSu,Euston LU,745,WSTu,Warren Street,"132,518","6,967","45,570","41,119","24,951","10,544","3,366",43,107,247,480,878,"1,282","1,711","2,221","2,710","3,119","3,511","4,045","4,465","4,700","4,683","4,572","4,212","3,629","3,146","2,777","2,436","2,164","2,046","1,896","1,851","1,816","1,720","1,690","1,724","1,653","1,638","1,673","1,634","1,586","1,588","1,548","1,534","1,526","1,487","1,499","1,520","1,543","1,610","1,738","1,829","1,926","2,019","2,150","2,258","2,312","2,345","2,339","2,239","2,040","1,839","1,656","1,430","1,230","1,074",981,886,817,771,750,701,659,641,604,593,558,512,444,385,288,221,156,106,56,32,13,0,0,0,0,0,0,0,0,0,0,0,0,0,0,0,0
WSTu_VIC_SB>OXCu_VIC_SB@VIC,Victoria,SB,9,745,WSTu,Warren Street,669,OXCu,Oxford Circus,"133,578","6,561","42,996","40,476","27,965","11,891","3,687",43,105,240,462,769,"1,163","1,643","2,135","2,609","3,060","3,412","3,841","4,235","4,441","4,417","4,300","3,943","3,368","2,861","2,509","2,268","1,973","1,890","1,850","1,773","1,689","1,714","1,637","1,631","1,680","1,612","1,601","1,661","1,569","1,516","1,587","1,521","1,483","1,550","1,548","1,568","1,624","1,710","1,821","1,978","2,083","2,253","2,412","2,552","2,621","2,662","2,643","2,531","2,306","2,070","1,855","1,612","1,381","1,234","1,116",996,942,873,821,805,744,683,685,637,599,553,499,401,337,241,183,115,73,34,14,0,0,0,0,0,0,0,0,0,0,0,0,0,0,0,0
OXCu_VIC_SB>GPKu_VIC_SB@VIC,Victoria,SB,10,669,OXCu,Oxford Circus,590,GPKu,Green Park,"131,889","5,156","33,677","36,321","34,664","16,631","5,440",39,80,169,369,646,927,"1,255","1,672","2,039","2,343","2,657","3,039","3,360","3,523","3,493","3,366","3,066","2,610","2,213","1,969","1,802","1,663","1,541","1,503","1,477","1,391","1,349","1,382","1,351","1,353","1,373","1,380","1,392","1,412","1,376","1,427","1,462","1,449","1,505","1,584","1,637","1,692","1,844","1,979","2,173","2,324","2,583","2,813","3,061","3,236","3,398","3,423","3,321","3,074","2,775","2,482","2,196","1,884","1,695","1,581","1,404","1,287","1,263","1,168","1,095","1,068",994,997,973,904,831,739,583,457,344,246,171,98,57,28,7,0,0,0,0,0,0,0,0,0,0,0,0,0,0,0
GPKu_VIC_SB>VICu_VIC_SB@VIC,Victoria,SB,11,590,GPKu,Green Park,741,VICu,Victoria LU,"131,835","4,234","29,559","34,761","38,236","18,711","6,333",11,63,117,287,521,785,"1,038","1,413","1,736","2,026","2,306","2,672","2,969","3,138","3,121","2,994","2,711","2,305","1,915","1,666","1,532","1,409","1,313","1,296","1,306","1,245","1,232","1,270","1,260","1,268","1,307","1,311","1,359","1,393","1,368","1,405","1,471","1,442","1,502","1,596","1,690","1,753","1,925","2,105","2,308","2,470","2,745","3,037","3,314","3,539","3,756","3,855","3,750","3,505","3,152","2,805","2,469","2,149","1,867","1,766","1,608","1,424","1,360","1,344","1,235","1,180","1,171","1,138","1,090","1,041",951,840,706,545,420,312,202,114,70,34,9,0,0,0,0,0,0,0,0,0,0,0,0,0,0,0
VICu_VIC_SB>PIMu_VIC_SB@VIC,Victoria,SB,12,741,VICu,Victoria LU,776,PIMu,Pimlico,"78,442","1,720","13,675","18,360","25,592","14,074","5,022",3,14,42,94,187,309,446,624,808,956,"1,101","1,274","1,400","1,462","1,439","1,357","1,211","1,031",864,771,706,655,607,600,600,591,583,608,610,623,653,681,712,740,739,769,810,818,856,933,997,"1,055","1,142","1,271","1,400","1,514","1,674","1,898","2,104","2,317","2,509","2,644","2,648","2,516","2,296","2,072","1,832","1,582","1,398","1,296","1,188","1,078","1,038","1,022",953,912,903,871,838,805,717,630,546,429,330,283,198,120,75,44,7,0,0,0,0,0,0,0,0,0,0,0,0,0,0,0
PIMu_VIC_SB>VUXu_VIC_SB@VIC,Victoria,SB,13,776,PIMu,Pimlico,777,VUXu,Vauxhall LU,"70,352","1,469","10,987","15,663","24,282","13,258","4,693",2,13,34,86,160,262,375,537,676,805,918,"1,041","1,106","1,165","1,130","1,069",955,828,676,617,536,509,476,464,458,488,457,488,520,519,536,604,595,626,657,668,692,752,741,804,898,965,"1,025","1,184","1,291","1,399","1,547","1,771","1,973","2,192","2,393","2,527","2,547","2,425","2,224","1,994","1,757","1,515","1,355","1,220","1,119","1,036",952,918,908,844,803,830,777,722,674,605,502,415,322,263,185,111,70,41,6,0,0,0,0,0,0,0,0,0,0,0,0,0,0,0
VUXu_VIC_SB>STKu_VIC_SB@VIC,Victoria,SB,14,777,VUXu,Vauxhall LU,716,STKu,Stockwell,"47,097",653,"5,021","10,121","17,808","9,834","3,659",2,5,18,36,75,114,166,237,309,360,420,475,506,512,503,477,435,380,335,310,289,269,262,267,270,278,290,303,320,327,347,376,402,413,436,441,462,482,513,563,614,660,723,813,909,"1,008","1,117","1,266","1,416","1,592","1,758","1,886","1,899","1,839","1,652","1,465","1,277","1,117",978,915,835,772,729,692,655,653,612,600,601,559,498,459,395,319,261,215,159,100,55,31,5,0,0,0,0,0,0,0,0,0,0,0,0,0,0,0
STKu_VIC_SB>BRXu_VIC_SB@VIC,Victoria,SB,15,716,STKu,Stockwell,778,BRXu,Brixton LU,"25,013",333,"2,660","5,681","8,999","5,118","2,220",0,1,6,17,38,61,90,120,154,183,210,235,253,265,260,252,235,221,198,192,184,174,165,166,161,168,176,180,190,200,196,208,225,227,235,252,255,265,281,301,320,354,376,419,466,515,553,628,709,805,883,947,966,935,843,749,664,578,505,461,420,396,375,353,347,353,333,332,342,319,292,277,242,196,164,136,100,67,44,27,11,3,0,0,0,0,0,0,0,0,0,0,0,0,0,0
WLOu_WAC_EB>BNKu_WAC_EB@WAC,Waterloo & City,EB,1,747,WLOu,Waterloo LU,513,BNKu,Bank and Monument,"19,575",983,"12,135","3,297","2,123",785,252,0,0,4,40,93,159,281,407,564,758,"1,017","1,198","1,382","1,506","1,453","1,300","1,083",844,589,441,310,258,210,175,158,145,139,135,134,128,123,116,112,104,98,97,97,95,96,100,103,108,118,138,149,154,169,175,188,195,215,204,205,175,165,131,117,95,86,69,66,58,54,52,46,49,46,46,41,44,33,30,26,21,18,15,12,7,5,1,0,0,0,0,0,0,0,0,0,0,0,0,0,0,0,0
BNKu_WAC_WB>WLOu_WAC_WB@WAC,Waterloo & City,WB,1,513,BNKu,Bank and Monument,747,WLOu,Waterloo LU,"17,957",335,"1,796","3,027","10,123","2,350",327,0,0,10,21,43,65,90,105,127,130,146,155,177,187,190,176,164,130,111,103,99,95,97,90,87,83,85,89,96,98,105,109,115,115,118,118,123,121,133,148,171,189,230,314,384,460,646,805,977,"1,090","1,225","1,163","1,096",901,784,591,478,362,303,232,192,157,140,124,102,98,85,76,63,62,48,47,34,29,19,14,6,3,1,1,0,0,0,0,0,0,0,0,0,0,0,0,0,0,0,0
